<?xml version="1.0"?>
<puzzles xmlns:xsi="http://www.w3.org/2001/XMLSchema-instance" xsi:noNamespaceSchemaLocation="http://www.0pdd.com/puzzles.xsd" date="2019-12-18T14:23:10+00:00" version="0.30.21">
  <puzzle alive="false">
    <issue href="https://github.com/glavdev/numbers/issues/55" closed="2019-10-16T08:03:22+00:00">55</issue>
    <ticket>53</ticket>
    <estimate>0</estimate>
    <role>DEV</role>
    <id>53-dd3f8615</id>
    <lines>23-23</lines>
    <body>...</body>
    <file>...</file>
    <author>...</author>
    <email>...</email>
    <time>2019-10-14T16:13:39Z</time>
    <children/>
  </puzzle>
  <puzzle alive="false">
    <issue href="https://github.com/glavdev/numbers/issues/56" closed="2019-10-14T17:12:31+00:00">56</issue>
    <ticket>53</ticket>
    <estimate>0</estimate>
    <role>DEV</role>
    <id>53-9158a665</id>
    <lines>37-38</lines>
    <body>...</body>
    <file>...</file>
    <author>...</author>
    <email>...</email>
    <time>2019-10-14T16:13:39Z</time>
    <children>
      <puzzle alive="true">
        <issue href="https://github.com/glavdev/numbers/issues/60">60</issue>
        <ticket>56</ticket>
        <estimate>0</estimate>
        <role>DEV</role>
        <id>56-73b38386</id>
        <lines>29-29</lines>
        <body>...</body>
        <file>...</file>
        <author>...</author>
        <email>...</email>
        <time>2019-10-14T17:12:15Z</time>
        <children/>
      </puzzle>
    </children>
  </puzzle>
  <puzzle alive="false">
    <issue href="https://github.com/glavdev/numbers/issues/57" closed="2019-10-16T14:43:45+00:00">57</issue>
    <ticket>53</ticket>
    <estimate>0</estimate>
    <role>DEV</role>
    <id>53-05728f75</id>
    <lines>64-66</lines>
    <body>...</body>
    <file>...</file>
    <author>...</author>
    <email>...</email>
    <time>2019-10-14T16:13:39Z</time>
    <children/>
  </puzzle>
  <puzzle alive="false">
    <issue href="https://github.com/glavdev/numbers/issues/58" closed="2019-10-14T16:17:46+00:00">58</issue>
    <ticket>53</ticket>
    <estimate>0</estimate>
    <role>DEV</role>
    <id>53-397fab04</id>
    <lines>67-67</lines>
    <body>...</body>
    <file>...</file>
    <author>...</author>
    <email>...</email>
    <time>2019-10-14T16:13:39Z</time>
    <children/>
  </puzzle>
  <puzzle alive="false">
    <issue href="https://github.com/glavdev/numbers/issues/59" closed="2019-10-14T16:17:48+00:00">59</issue>
    <ticket>53</ticket>
    <estimate>0</estimate>
    <role>DEV</role>
    <id>53-aa8a09aa</id>
    <lines>68-68</lines>
    <body>...</body>
    <file>...</file>
    <author>...</author>
    <email>...</email>
    <time>2019-10-14T16:13:39Z</time>
    <children/>
  </puzzle>
  <puzzle alive="false">
    <issue href="https://github.com/glavdev/numbers/issues/65" closed="2019-10-17T13:45:40+00:00">65</issue>
    <ticket>62</ticket>
    <estimate>0</estimate>
    <role>DEV</role>
    <id>62-cfc5650c</id>
    <lines>38-38</lines>
    <body>...</body>
    <file>...</file>
    <author>...</author>
    <email>...</email>
    <time>2019-10-16T08:03:16Z</time>
    <children/>
  </puzzle>
  <puzzle alive="false">
    <issue href="https://github.com/glavdev/numbers/issues/66" closed="2019-10-17T13:45:41+00:00">66</issue>
    <ticket>62</ticket>
    <estimate>0</estimate>
    <role>DEV</role>
    <id>62-08811938</id>
    <lines>39-40</lines>
    <body>...</body>
    <file>...</file>
    <author>...</author>
    <email>...</email>
    <time>2019-10-16T08:03:16Z</time>
    <children>
      <puzzle alive="true">
        <issue href="https://github.com/glavdev/numbers/issues/75">75</issue>
        <ticket>66</ticket>
        <estimate>0</estimate>
        <role>DEV</role>
        <id>66-f2d4bfb6</id>
        <lines>40-40</lines>
        <body>...</body>
        <file>...</file>
        <author>...</author>
        <email>...</email>
        <time>2019-10-17T13:45:34Z</time>
        <children/>
      </puzzle>
    </children>
  </puzzle>
  <puzzle alive="false">
    <issue href="https://github.com/glavdev/numbers/issues/67" closed="2019-10-17T13:46:56+00:00">67</issue>
    <ticket>62</ticket>
    <estimate>0</estimate>
    <role>DEV</role>
    <id>62-bff6935a</id>
    <lines>44-45</lines>
    <body>...</body>
    <file>...</file>
    <author>...</author>
    <email>...</email>
    <time>2019-10-16T08:03:16Z</time>
    <children>
      <puzzle alive="true">
        <issue href="https://github.com/glavdev/numbers/issues/76">76</issue>
        <ticket>67</ticket>
        <estimate>0</estimate>
        <role>DEV</role>
        <id>67-f13dde08</id>
        <lines>19-19</lines>
        <body>...</body>
        <file>...</file>
        <author>...</author>
        <email>...</email>
        <time>2019-10-16T15:29:17Z</time>
        <children/>
      </puzzle>
      <puzzle alive="true">
        <issue href="https://github.com/glavdev/numbers/issues/77">77</issue>
        <ticket>67</ticket>
        <estimate>0</estimate>
        <role>DEV</role>
        <id>67-e13c4f13</id>
        <lines>20-20</lines>
        <body>...</body>
        <file>...</file>
        <author>...</author>
        <email>...</email>
        <time>2019-10-16T15:29:17Z</time>
        <children/>
      </puzzle>
    </children>
  </puzzle>
  <puzzle alive="false">
    <issue href="https://github.com/glavdev/numbers/issues/86" closed="2019-11-25T16:17:18+00:00">86</issue>
    <ticket>79</ticket>
    <estimate>0</estimate>
    <role>DEV</role>
    <id>79-6c4b8f43</id>
    <lines>13-14</lines>
    <body>...</body>
    <file>...</file>
    <author>...</author>
    <email>...</email>
    <time>2019-10-24T17:48:49Z</time>
    <children>
      <puzzle alive="true">
        <issue href="https://github.com/glavdev/numbers/issues/96">96</issue>
        <ticket>86</ticket>
        <estimate>0</estimate>
        <role>DEV</role>
        <id>86-4bb6787c</id>
        <lines>53-53</lines>
        <body>...</body>
        <file>...</file>
        <author>...</author>
        <email>...</email>
        <time>2019-11-19T15:32:37Z</time>
        <children/>
      </puzzle>
    </children>
  </puzzle>
  <puzzle alive="true">
    <issue href="https://github.com/glavdev/numbers/issues/87">87</issue>
    <ticket>79</ticket>
    <estimate>0</estimate>
    <role>DEV</role>
    <id>79-6d61e3c6</id>
    <lines>27-27</lines>
    <body>...</body>
    <file>...</file>
    <author>...</author>
    <email>...</email>
    <time>2019-10-24T17:48:49Z</time>
    <children/>
  </puzzle>
</puzzles>
