<?xml version="1.0"?>
<puzzles xmlns:xsi="http://www.w3.org/2001/XMLSchema-instance" xsi:noNamespaceSchemaLocation="http://www.0pdd.com/puzzles.xsd" date="2019-10-04T14:34:17+00:00" version="0.30.18">
  <puzzle alive="true">
    <issue href="https://github.com/glavdev/TDLib/issues/39">39</issue>
    <ticket>35</ticket>
    <estimate>0</estimate>
    <role>DEV</role>
    <id>35-c1de62c6</id>
    <lines>36-36</lines>
    <body>...</body>
    <file>...</file>
    <author>...</author>
    <email>...</email>
    <time>2019-09-17T11:02:17Z</time>
    <children/>
  </puzzle>
  <puzzle alive="false">
    <issue href="https://github.com/glavdev/TDLib/issues/60" closed="2019-10-04T14:34:17+00:00">60</issue>
    <ticket>58</ticket>
    <estimate>0</estimate>
    <role>DEV</role>
    <id>58-8ed19229</id>
    <lines>38-38</lines>
    <body>...</body>
    <file>...</file>
    <author>...</author>
    <email>...</email>
    <time>2019-10-04T14:12:20Z</time>
    <children/>
  </puzzle>
</puzzles>
