<?xml version="1.0"?>
<puzzles xmlns:xsi="http://www.w3.org/2001/XMLSchema-instance" xsi:noNamespaceSchemaLocation="http://www.0pdd.com/puzzles.xsd" date="2019-09-09T10:01:22+00:00" version="0.30.18">
  <puzzle alive="false">
    <issue href="https://github.com/glavdev/TopDeliveryPlatform/issues/18" closed="2019-09-09T10:01:22+00:00">18</issue>
    <ticket>3</ticket>
    <estimate>0</estimate>
    <role>DEV</role>
    <id>3-fd011ca4</id>
    <lines>43-43</lines>
    <body>...</body>
    <file>...</file>
    <author>...</author>
    <email>...</email>
    <time>2019-09-06T14:49:41Z</time>
    <children/>
  </puzzle>
</puzzles>
