<?xml version="1.0"?>
<puzzles date="2017-10-25T07:22:10+00:00" version="0.25.1">
  <puzzle alive="false">
    <issue href="https://github.com/hydrogenious/rms/issues/10">10</issue>
    <ticket>1</ticket>
    <estimate>30</estimate>
    <role>IMP</role>
    <id>1-6fd59159</id>
    <lines>11-11</lines>
    <body>...</body>
    <file>...</file>
    <author>...</author>
    <email>...</email>
    <time>2017-09-14T03:47:43Z</time>
    <children/>
  </puzzle>
  <puzzle alive="false">
    <issue href="https://github.com/hydrogenious/rms/issues/11">11</issue>
    <ticket>2</ticket>
    <estimate>30</estimate>
    <role>IMP</role>
    <id>2-a5c0dbb6</id>
    <lines>17-17</lines>
    <body>...</body>
    <file>...</file>
    <author>...</author>
    <email>...</email>
    <time>2017-09-14T03:47:43Z</time>
    <children/>
  </puzzle>
  <puzzle alive="false">
    <issue href="https://github.com/hydrogenious/rms/issues/15">15</issue>
    <ticket>2h</ticket>
    <estimate>0</estimate>
    <role>IMP</role>
    <id>2h-0ae270f5</id>
    <lines>18-18</lines>
    <body>...</body>
    <file>...</file>
    <author>...</author>
    <email>...</email>
    <time>2017-09-18T09:24:16Z</time>
    <children/>
  </puzzle>
  <puzzle alive="true">
    <issue href="https://github.com/hydrogenious/rms/issues/21">21</issue>
    <ticket>0</ticket>
    <estimate>30</estimate>
    <role>IMP</role>
    <id>0-9758a6bd</id>
    <lines>6-6</lines>
    <body>...</body>
    <file>...</file>
    <author>...</author>
    <email>...</email>
    <time>2017-09-28T07:52:51Z</time>
    <children/>
  </puzzle>
  <puzzle alive="true">
    <issue href="https://github.com/hydrogenious/rms/issues/22">22</issue>
    <ticket>2</ticket>
    <estimate>0</estimate>
    <role>IMP</role>
    <id>2-2f38143e</id>
    <lines>9-9</lines>
    <body>...</body>
    <file>...</file>
    <author>...</author>
    <email>...</email>
    <time>2017-09-28T07:52:51Z</time>
    <children/>
  </puzzle>
  <puzzle alive="true">
    <issue>unknown</issue>
    <ticket>28</ticket>
    <estimate>0</estimate>
    <role>IMP</role>
    <id>28-da718397</id>
    <lines>25-25</lines>
    <body>...</body>
    <file>...</file>
    <author>...</author>
    <email>...</email>
    <time>2017-10-25T07:22:08Z</time>
    <children/>
  </puzzle>
</puzzles>
