<?xml version="1.0"?>
<puzzles xmlns:xsi="http://www.w3.org/2001/XMLSchema-instance" xsi:noNamespaceSchemaLocation="http://www.0pdd.com/puzzles.xsd" date="2018-02-12T14:02:02+00:00" version="0.28.5">
  <puzzle alive="false">
    <issue href="https://github.com/cucumber007/PDDtest/issues/1" closed="2018-02-12T14:02:00+00:00">1</issue>
    <ticket>234</ticket>
    <estimate>15</estimate>
    <role>DEV</role>
    <id>234-6f82e2e2</id>
    <lines>6-8</lines>
    <body>...</body>
    <file>...</file>
    <author>...</author>
    <email>...</email>
    <time>2018-02-12T14:01:22Z</time>
    <children/>
  </puzzle>
  <puzzle alive="true">
    <ticket>234</ticket>
    <estimate>15</estimate>
    <role>DEV</role>
    <id>234-0e00e5e6</id>
    <lines>6-6</lines>
    <body>...</body>
    <file>...</file>
    <author>...</author>
    <email>...</email>
    <time>2018-02-12T14:01:55Z</time>
    <children/>
    <issue href="https://github.com/cucumber007/PDDtest/issues/2">2</issue>
  </puzzle>
</puzzles>
