<?xml version="1.0"?>
<puzzles xmlns:xsi="http://www.w3.org/2001/XMLSchema-instance" xsi:noNamespaceSchemaLocation="http://www.0pdd.com/puzzles.xsd" date="2018-05-07T11:08:29+00:00" version="0.30.1">
  <puzzle alive="false">
    <issue href="https://github.com/spksoft/maria/issues/2" closed="2018-05-07T06:27:24+00:00">2</issue>
    <ticket>1</ticket>
    <estimate>0</estimate>
    <role>DEV</role>
    <id>1-01fe988c</id>
    <lines>1-1</lines>
    <body>...</body>
    <file>...</file>
    <author>...</author>
    <email>...</email>
    <time>2018-05-07T06:11:36Z</time>
    <children/>
  </puzzle>
  <puzzle alive="false">
    <issue href="https://github.com/spksoft/maria/issues/3" closed="2018-05-07T06:26:04+00:00">3</issue>
    <ticket>1</ticket>
    <estimate>0</estimate>
    <role>DEV</role>
    <id>1-b8432ec6</id>
    <lines>1-1</lines>
    <body>...</body>
    <file>...</file>
    <author>...</author>
    <email>...</email>
    <time>2018-05-07T06:15:30Z</time>
    <children/>
  </puzzle>
  <puzzle alive="false">
    <issue href="https://github.com/spksoft/maria/issues/5" closed="2018-05-07T06:37:10+00:00">5</issue>
    <ticket>1</ticket>
    <estimate>0</estimate>
    <role>DEV</role>
    <id>1-e4d7f1b4</id>
    <lines>1-1</lines>
    <body>...</body>
    <file>...</file>
    <author>...</author>
    <email>...</email>
    <time>2018-05-07T06:33:20Z</time>
    <children>
      <puzzle alive="false">
        <issue href="https://github.com/spksoft/maria/issues/6" closed="2018-05-07T06:37:42+00:00">6</issue>
        <ticket>5</ticket>
        <estimate>0</estimate>
        <role>DEV</role>
        <id>5-c332b32c</id>
        <lines>1-1</lines>
        <body>...</body>
        <file>...</file>
        <author>...</author>
        <email>...</email>
        <time>2018-05-07T06:34:10Z</time>
        <children/>
      </puzzle>
    </children>
  </puzzle>
  <puzzle alive="false">
    <issue href="https://github.com/spksoft/maria/issues/8" closed="2018-05-07T10:48:32+00:00">8</issue>
    <ticket>1</ticket>
    <estimate>0</estimate>
    <role>DEV</role>
    <id>1-0bf51657</id>
    <lines>2-6</lines>
    <body>...</body>
    <file>...</file>
    <author>...</author>
    <email>...</email>
    <time>2018-05-07T07:26:04Z</time>
    <children/>
  </puzzle>
  <puzzle alive="false">
    <issue href="https://github.com/spksoft/maria/issues/12" closed="2018-05-07T11:08:27+00:00">12</issue>
    <ticket>11</ticket>
    <estimate>30</estimate>
    <role>DEV</role>
    <id>11-8400f676</id>
    <lines>1-1</lines>
    <body>...</body>
    <file>...</file>
    <author>...</author>
    <email>...</email>
    <time>2018-05-07T10:48:18Z</time>
    <children/>
  </puzzle>
  <puzzle alive="false">
    <issue href="https://github.com/spksoft/maria/issues/13" closed="2018-05-07T11:06:51+00:00">13</issue>
    <ticket>11</ticket>
    <estimate>30</estimate>
    <role>DEV</role>
    <id>11-732f530f</id>
    <lines>1-1</lines>
    <body>...</body>
    <file>...</file>
    <author>...</author>
    <email>...</email>
    <time>2018-05-07T10:48:18Z</time>
    <children/>
  </puzzle>
  <puzzle alive="false">
    <issue href="https://github.com/spksoft/maria/issues/14" closed="2018-05-07T11:08:29+00:00">14</issue>
    <ticket>11</ticket>
    <estimate>30</estimate>
    <role>DEV</role>
    <id>11-237f839c</id>
    <lines>1-1</lines>
    <body>...</body>
    <file>...</file>
    <author>...</author>
    <email>...</email>
    <time>2018-05-07T10:48:18Z</time>
    <children/>
  </puzzle>
</puzzles>
