<?xml version="1.0"?>
<puzzles xmlns:xsi="http://www.w3.org/2001/XMLSchema-instance" xsi:noNamespaceSchemaLocation="http://www.0pdd.com/puzzles.xsd" date="2019-07-04T11:03:36+00:00" version="0.30.18">
  <puzzle alive="true">
    <issue href="https://github.com/PyThaiNLP/tokenization-benchmark/issues/10">10</issue>
    <ticket>1</ticket>
    <estimate>0</estimate>
    <role>DEV</role>
    <id>1-17c7aa74</id>
    <lines>1-1</lines>
    <body>...</body>
    <file>...</file>
    <author>...</author>
    <email>...</email>
    <time>2019-06-27T09:27:21Z</time>
    <children/>
  </puzzle>
</puzzles>
