<?xml version="1.0"?>
<puzzles date="2016-12-30T17:12:14Z" version="0.7">
  <puzzle alive="true">
    <issue href="https://github.com/amihaiemil/camel/issues/9">9</issue>
    <ticket>7</ticket>
    <estimate>60</estimate>
    <role>DEV</role>
    <id>7-2533d5cf</id>
    <lines>38-39</lines>
    <body>...</body>
    <file>...</file>
    <author>...</author>
    <email>...</email>
    <time>2016-12-30T17:06:10Z</time>
    <children/>
  </puzzle>
  <puzzle alive="true">
    <issue href="https://github.com/amihaiemil/camel/issues/10">10</issue>
    <ticket>7</ticket>
    <estimate>60</estimate>
    <role>DEV</role>
    <id>7-9899ae24</id>
    <lines>40-41</lines>
    <body>...</body>
    <file>...</file>
    <author>...</author>
    <email>...</email>
    <time>2016-12-30T17:06:10Z</time>
    <children/>
  </puzzle>
</puzzles>
