<?xml version="1.0"?>
<puzzles xmlns:xsi="http://www.w3.org/2001/XMLSchema-instance" xsi:noNamespaceSchemaLocation="http://www.0pdd.com/puzzles.xsd" date="2019-12-27T22:16:43+00:00" version="0.30.21">
  <puzzle alive="true">
    <issue href="https://github.com/heytitle/lecture-notes/issues/2">2</issue>
    <ticket>1</ticket>
    <estimate>0</estimate>
    <role>DEV</role>
    <id>1-0c17c526</id>
    <lines>58-58</lines>
    <body>...</body>
    <file>...</file>
    <author>...</author>
    <email>...</email>
    <time>2019-10-12T08:50:47Z</time>
    <children/>
  </puzzle>
  <puzzle alive="true">
    <issue href="https://github.com/heytitle/lecture-notes/issues/3">3</issue>
    <ticket>1</ticket>
    <estimate>0</estimate>
    <role>DEV</role>
    <id>1-84d8d8e0</id>
    <lines>62-62</lines>
    <body>...</body>
    <file>...</file>
    <author>...</author>
    <email>...</email>
    <time>2019-10-12T08:50:47Z</time>
    <children/>
  </puzzle>
  <puzzle alive="true">
    <issue href="https://github.com/heytitle/lecture-notes/issues/4">4</issue>
    <ticket>1</ticket>
    <estimate>0</estimate>
    <role>DEV</role>
    <id>1-1473dd0f</id>
    <lines>29-29</lines>
    <body>...</body>
    <file>...</file>
    <author>...</author>
    <email>...</email>
    <time>2019-10-12T08:53:59Z</time>
    <children/>
  </puzzle>
  <puzzle alive="true">
    <issue href="https://github.com/heytitle/lecture-notes/issues/5">5</issue>
    <ticket>1</ticket>
    <estimate>0</estimate>
    <role>DEV</role>
    <id>1-54861a6c</id>
    <lines>39-39</lines>
    <body>...</body>
    <file>...</file>
    <author>...</author>
    <email>...</email>
    <time>2019-10-12T08:53:59Z</time>
    <children/>
  </puzzle>
  <puzzle alive="true">
    <issue href="https://github.com/heytitle/lecture-notes/issues/6">6</issue>
    <ticket>1</ticket>
    <estimate>0</estimate>
    <role>DEV</role>
    <id>1-9ad25c9d</id>
    <lines>45-45</lines>
    <body>...</body>
    <file>...</file>
    <author>...</author>
    <email>...</email>
    <time>2019-10-12T08:53:59Z</time>
    <children/>
  </puzzle>
  <puzzle alive="true">
    <issue href="https://github.com/heytitle/lecture-notes/issues/7">7</issue>
    <ticket>1</ticket>
    <estimate>0</estimate>
    <role>DEV</role>
    <id>1-5e829a21</id>
    <lines>68-68</lines>
    <body>...</body>
    <file>...</file>
    <author>...</author>
    <email>...</email>
    <time>2019-10-12T08:53:59Z</time>
    <children/>
  </puzzle>
  <puzzle alive="true">
    <issue href="https://github.com/heytitle/lecture-notes/issues/8">8</issue>
    <ticket>1</ticket>
    <estimate>0</estimate>
    <role>DEV</role>
    <id>1-95bb0566</id>
    <lines>113-113</lines>
    <body>...</body>
    <file>...</file>
    <author>...</author>
    <email>...</email>
    <time>2019-10-12T08:53:59Z</time>
    <children/>
  </puzzle>
  <puzzle alive="true">
    <issue href="https://github.com/heytitle/lecture-notes/issues/9">9</issue>
    <ticket>1</ticket>
    <estimate>0</estimate>
    <role>DEV</role>
    <id>1-cd6c23c8</id>
    <lines>13-13</lines>
    <body>...</body>
    <file>...</file>
    <author>...</author>
    <email>...</email>
    <time>2019-10-12T08:47:48Z</time>
    <children/>
  </puzzle>
  <puzzle alive="true">
    <issue href="https://github.com/heytitle/lecture-notes/issues/10">10</issue>
    <ticket>1</ticket>
    <estimate>0</estimate>
    <role>DEV</role>
    <id>1-bff3a17e</id>
    <lines>23-23</lines>
    <body>...</body>
    <file>...</file>
    <author>...</author>
    <email>...</email>
    <time>2019-10-12T09:00:20Z</time>
    <children/>
  </puzzle>
  <puzzle alive="true">
    <issue href="https://github.com/heytitle/lecture-notes/issues/11">11</issue>
    <ticket>1</ticket>
    <estimate>0</estimate>
    <role>DEV</role>
    <id>1-c8957935</id>
    <lines>37-37</lines>
    <body>...</body>
    <file>...</file>
    <author>...</author>
    <email>...</email>
    <time>2019-10-12T08:57:30Z</time>
    <children/>
  </puzzle>
  <puzzle alive="true">
    <issue href="https://github.com/heytitle/lecture-notes/issues/12">12</issue>
    <ticket>1</ticket>
    <estimate>0</estimate>
    <role>DEV</role>
    <id>1-e36e919a</id>
    <lines>47-47</lines>
    <body>...</body>
    <file>...</file>
    <author>...</author>
    <email>...</email>
    <time>2019-10-12T08:47:48Z</time>
    <children/>
  </puzzle>
  <puzzle alive="true">
    <issue href="https://github.com/heytitle/lecture-notes/issues/13">13</issue>
    <ticket>1</ticket>
    <estimate>0</estimate>
    <role>DEV</role>
    <id>1-8b7b8ea6</id>
    <lines>87-87</lines>
    <body>...</body>
    <file>...</file>
    <author>...</author>
    <email>...</email>
    <time>2019-10-12T09:00:20Z</time>
    <children/>
  </puzzle>
  <puzzle alive="true">
    <issue href="https://github.com/heytitle/lecture-notes/issues/14">14</issue>
    <ticket>1</ticket>
    <estimate>0</estimate>
    <role>DEV</role>
    <id>1-953b1918</id>
    <lines>138-138</lines>
    <body>...</body>
    <file>...</file>
    <author>...</author>
    <email>...</email>
    <time>2019-10-12T08:47:48Z</time>
    <children/>
  </puzzle>
  <puzzle alive="true">
    <issue href="https://github.com/heytitle/lecture-notes/issues/15">15</issue>
    <ticket>1</ticket>
    <estimate>0</estimate>
    <role>DEV</role>
    <id>1-0cc53dbb</id>
    <lines>72-72</lines>
    <body>...</body>
    <file>...</file>
    <author>...</author>
    <email>...</email>
    <time>2019-10-12T13:42:42Z</time>
    <children/>
  </puzzle>
  <puzzle alive="true">
    <issue href="https://github.com/heytitle/lecture-notes/issues/16">16</issue>
    <ticket>1</ticket>
    <estimate>0</estimate>
    <role>DEV</role>
    <id>1-5d4c037e</id>
    <lines>76-76</lines>
    <body>...</body>
    <file>...</file>
    <author>...</author>
    <email>...</email>
    <time>2019-10-12T13:42:42Z</time>
    <children/>
  </puzzle>
  <puzzle alive="true">
    <issue href="https://github.com/heytitle/lecture-notes/issues/17">17</issue>
    <ticket>1</ticket>
    <estimate>0</estimate>
    <role>DEV</role>
    <id>1-54a3bd5e</id>
    <lines>101-101</lines>
    <body>...</body>
    <file>...</file>
    <author>...</author>
    <email>...</email>
    <time>2019-10-12T13:42:42Z</time>
    <children/>
  </puzzle>
  <puzzle alive="true">
    <issue href="https://github.com/heytitle/lecture-notes/issues/18">18</issue>
    <ticket>1</ticket>
    <estimate>0</estimate>
    <role>DEV</role>
    <id>1-0403bae1</id>
    <lines>92-92</lines>
    <body>...</body>
    <file>...</file>
    <author>...</author>
    <email>...</email>
    <time>2019-10-15T21:15:48Z</time>
    <children/>
  </puzzle>
  <puzzle alive="true">
    <issue href="https://github.com/heytitle/lecture-notes/issues/20">20</issue>
    <ticket>1</ticket>
    <estimate>0</estimate>
    <role>DEV</role>
    <id>1-e50821df</id>
    <lines>9-9</lines>
    <body>...</body>
    <file>...</file>
    <author>...</author>
    <email>...</email>
    <time>2019-10-25T18:46:01Z</time>
    <children/>
  </puzzle>
  <puzzle alive="true">
    <issue href="https://github.com/heytitle/lecture-notes/issues/21">21</issue>
    <ticket>1</ticket>
    <estimate>0</estimate>
    <role>DEV</role>
    <id>1-ae2ad41f</id>
    <lines>67-67</lines>
    <body>...</body>
    <file>...</file>
    <author>...</author>
    <email>...</email>
    <time>2019-10-25T18:46:01Z</time>
    <children/>
  </puzzle>
  <puzzle alive="true">
    <issue href="https://github.com/heytitle/lecture-notes/issues/22">22</issue>
    <ticket>1</ticket>
    <estimate>0</estimate>
    <role>DEV</role>
    <id>1-d4d50cf6</id>
    <lines>73-73</lines>
    <body>...</body>
    <file>...</file>
    <author>...</author>
    <email>...</email>
    <time>2019-10-25T18:46:01Z</time>
    <children/>
  </puzzle>
  <puzzle alive="true">
    <issue href="https://github.com/heytitle/lecture-notes/issues/23">23</issue>
    <ticket>1</ticket>
    <estimate>0</estimate>
    <role>DEV</role>
    <id>1-394bd5fe</id>
    <lines>75-75</lines>
    <body>...</body>
    <file>...</file>
    <author>...</author>
    <email>...</email>
    <time>2019-10-25T18:46:01Z</time>
    <children/>
  </puzzle>
  <puzzle alive="true">
    <issue href="https://github.com/heytitle/lecture-notes/issues/24">24</issue>
    <ticket>1</ticket>
    <estimate>0</estimate>
    <role>DEV</role>
    <id>1-bcdcfb38</id>
    <lines>87-87</lines>
    <body>...</body>
    <file>...</file>
    <author>...</author>
    <email>...</email>
    <time>2019-10-25T18:46:01Z</time>
    <children/>
  </puzzle>
  <puzzle alive="true">
    <issue href="https://github.com/heytitle/lecture-notes/issues/25">25</issue>
    <ticket>1</ticket>
    <estimate>0</estimate>
    <role>DEV</role>
    <id>1-03f65424</id>
    <lines>93-93</lines>
    <body>...</body>
    <file>...</file>
    <author>...</author>
    <email>...</email>
    <time>2019-10-25T18:46:01Z</time>
    <children/>
  </puzzle>
  <puzzle alive="true">
    <issue href="https://github.com/heytitle/lecture-notes/issues/26">26</issue>
    <ticket>1</ticket>
    <estimate>0</estimate>
    <role>DEV</role>
    <id>1-79fa26a7</id>
    <lines>49-49</lines>
    <body>...</body>
    <file>...</file>
    <author>...</author>
    <email>...</email>
    <time>2019-10-25T18:46:01Z</time>
    <children/>
  </puzzle>
  <puzzle alive="true">
    <issue href="https://github.com/heytitle/lecture-notes/issues/27">27</issue>
    <ticket>1</ticket>
    <estimate>0</estimate>
    <role>DEV</role>
    <id>1-acfb99d8</id>
    <lines>98-98</lines>
    <body>...</body>
    <file>...</file>
    <author>...</author>
    <email>...</email>
    <time>2019-10-25T18:46:01Z</time>
    <children/>
  </puzzle>
  <puzzle alive="true">
    <issue href="https://github.com/heytitle/lecture-notes/issues/28">28</issue>
    <ticket>1</ticket>
    <estimate>0</estimate>
    <role>DEV</role>
    <id>1-767cccba</id>
    <lines>122-122</lines>
    <body>...</body>
    <file>...</file>
    <author>...</author>
    <email>...</email>
    <time>2019-10-25T18:46:01Z</time>
    <children/>
  </puzzle>
  <puzzle alive="true">
    <issue href="https://github.com/heytitle/lecture-notes/issues/29">29</issue>
    <ticket>19</ticket>
    <estimate>0</estimate>
    <role>DEV</role>
    <id>19-fffa465e</id>
    <lines>9-9</lines>
    <body>...</body>
    <file>...</file>
    <author>...</author>
    <email>...</email>
    <time>2019-10-25T18:48:28Z</time>
    <children/>
  </puzzle>
  <puzzle alive="true">
    <issue href="https://github.com/heytitle/lecture-notes/issues/31">31</issue>
    <ticket>30</ticket>
    <estimate>0</estimate>
    <role>DEV</role>
    <id>30-0d749115</id>
    <lines>7-7</lines>
    <body>...</body>
    <file>...</file>
    <author>...</author>
    <email>...</email>
    <time>2019-10-31T12:06:39Z</time>
    <children/>
  </puzzle>
  <puzzle alive="true">
    <issue href="https://github.com/heytitle/lecture-notes/issues/32">32</issue>
    <ticket>30</ticket>
    <estimate>0</estimate>
    <role>DEV</role>
    <id>30-4c4c24af</id>
    <lines>90-90</lines>
    <body>...</body>
    <file>...</file>
    <author>...</author>
    <email>...</email>
    <time>2019-10-31T12:06:39Z</time>
    <children/>
  </puzzle>
  <puzzle alive="false">
    <issue href="https://github.com/heytitle/lecture-notes/issues/33" closed="2019-11-25T19:33:15+00:00">33</issue>
    <ticket>30</ticket>
    <estimate>0</estimate>
    <role>DEV</role>
    <id>30-70443c18</id>
    <lines>9-9</lines>
    <body>...</body>
    <file>...</file>
    <author>...</author>
    <email>...</email>
    <time>2019-11-25T19:30:56Z</time>
    <children/>
  </puzzle>
  <puzzle alive="true">
    <issue href="https://github.com/heytitle/lecture-notes/issues/34">34</issue>
    <ticket>30</ticket>
    <estimate>0</estimate>
    <role>DEV</role>
    <id>30-6289804a</id>
    <lines>9-9</lines>
    <body>...</body>
    <file>...</file>
    <author>...</author>
    <email>...</email>
    <time>2019-11-25T19:32:51Z</time>
    <children/>
  </puzzle>
  <puzzle alive="true">
    <issue href="https://github.com/heytitle/lecture-notes/issues/35">35</issue>
    <ticket>30</ticket>
    <estimate>0</estimate>
    <role>DEV</role>
    <id>30-ea60fdb8</id>
    <lines>49-49</lines>
    <body>...</body>
    <file>...</file>
    <author>...</author>
    <email>...</email>
    <time>2019-11-25T19:38:46Z</time>
    <children/>
  </puzzle>
  <puzzle alive="true">
    <issue href="https://github.com/heytitle/lecture-notes/issues/36">36</issue>
    <ticket>30</ticket>
    <estimate>0</estimate>
    <role>DEV</role>
    <id>30-79a070dc</id>
    <lines>53-53</lines>
    <body>...</body>
    <file>...</file>
    <author>...</author>
    <email>...</email>
    <time>2019-12-27T22:16:01Z</time>
    <children/>
  </puzzle>
</puzzles>
