<?xml version="1.0"?>
<puzzles xmlns:xsi="http://www.w3.org/2001/XMLSchema-instance" xsi:noNamespaceSchemaLocation="http://www.0pdd.com/puzzles.xsd" date="2019-05-14T08:45:41+00:00" version="0.30.16">
  <puzzle alive="false">
    <issue href="https://github.com/heytitle/thai-word-tokenisation-benchmark/issues/5" closed="2019-05-13T09:30:59+00:00">5</issue>
    <ticket>1</ticket>
    <estimate>0</estimate>
    <role>DEV</role>
    <id>1-1dd3b0e3</id>
    <lines>31-31</lines>
    <body>...</body>
    <file>...</file>
    <author>...</author>
    <email>...</email>
    <time>2019-05-13T09:29:46Z</time>
    <children/>
  </puzzle>
  <puzzle alive="false">
    <issue href="https://github.com/heytitle/thai-word-tokenisation-benchmark/issues/6" closed="2019-05-13T09:31:03+00:00">6</issue>
    <ticket>1</ticket>
    <estimate>0</estimate>
    <role>DEV</role>
    <id>1-a494b037</id>
    <lines>32-32</lines>
    <body>...</body>
    <file>...</file>
    <author>...</author>
    <email>...</email>
    <time>2019-05-13T09:29:46Z</time>
    <children/>
  </puzzle>
  <puzzle alive="true">
    <issue href="https://github.com/heytitle/thai-word-tokenisation-benchmark/issues/7">7</issue>
    <ticket>1</ticket>
    <estimate>0</estimate>
    <role>DEV</role>
    <id>1-17c7aa74</id>
    <lines>1-1</lines>
    <body>...</body>
    <file>...</file>
    <author>...</author>
    <email>...</email>
    <time>2019-05-14T07:37:26Z</time>
    <children/>
  </puzzle>
</puzzles>
