<?xml version="1.0"?>
<puzzles xmlns:xsi="http://www.w3.org/2001/XMLSchema-instance" xsi:noNamespaceSchemaLocation="http://www.0pdd.com/puzzles.xsd" date="2019-05-13T07:37:12+00:00" version="0.30.16">
  <puzzle alive="false">
    <issue href="https://github.com/heytitle/thai-word-segmentation-benchmark/issues/2" closed="2019-05-13T06:58:45+00:00">2</issue>
    <ticket>1</ticket>
    <estimate>0</estimate>
    <role>DEV</role>
    <id>1-b0e6fbde</id>
    <lines>2-2</lines>
    <body>...</body>
    <file>...</file>
    <author>...</author>
    <email>...</email>
    <time>2019-05-10T07:47:49Z</time>
    <children/>
  </puzzle>
  <puzzle alive="true">
    <issue href="https://github.com/heytitle/thai-word-segmentation-benchmark/issues/3">3</issue>
    <ticket>1</ticket>
    <estimate>0</estimate>
    <role>DEV</role>
    <id>1-b3cf71be</id>
    <lines>7-7</lines>
    <body>...</body>
    <file>...</file>
    <author>...</author>
    <email>...</email>
    <time>2019-05-13T06:58:34Z</time>
    <children/>
  </puzzle>
  <puzzle alive="false">
    <issue href="https://github.com/heytitle/thai-word-segmentation-benchmark/issues/4" closed="2019-05-13T07:37:12+00:00">4</issue>
    <ticket>1</ticket>
    <estimate>0</estimate>
    <role>DEV</role>
    <id>1-4eb29bb0</id>
    <lines>32-32</lines>
    <body>...</body>
    <file>...</file>
    <author>...</author>
    <email>...</email>
    <time>2019-05-13T06:58:34Z</time>
    <children/>
  </puzzle>
</puzzles>
