<?xml version="1.0"?>
<puzzles xmlns:xsi="http://www.w3.org/2001/XMLSchema-instance" xsi:noNamespaceSchemaLocation="http://www.0pdd.com/puzzles.xsd" date="2018-02-19T23:07:27+00:00" version="0.28.5">
  <puzzle alive="false">
    <issue href="https://github.com/pivot-libre/pivot/issues/2" closed="2018-02-19T23:07:27+00:00">2</issue>
    <ticket>1</ticket>
    <estimate>0</estimate>
    <role>IMP</role>
    <id>1-3503b678</id>
    <lines>44-44</lines>
    <body>...</body>
    <file>...</file>
    <author>...</author>
    <email>...</email>
    <time>2017-05-19T17:24:51Z</time>
    <children/>
  </puzzle>
  <puzzle alive="false">
    <issue href="https://github.com/pivot-libre/pivot/issues/3" closed="2018-01-07T00:44:48+00:00">3</issue>
    <ticket>1</ticket>
    <estimate>0</estimate>
    <role>IMP</role>
    <id>1-45478c50</id>
    <lines>57-57</lines>
    <body>...</body>
    <file>...</file>
    <author>...</author>
    <email>...</email>
    <time>2017-05-19T17:24:51Z</time>
    <children/>
  </puzzle>
</puzzles>
