<?xml version="1.0"?>
<puzzles xmlns:xsi="http://www.w3.org/2001/XMLSchema-instance" xsi:noNamespaceSchemaLocation="http://www.0pdd.com/puzzles.xsd" date="2018-10-24T18:34:05+00:00" version="0.30.8">
  <puzzle alive="false">
    <issue href="https://github.com/paulodamaso/agamulator/issues/18" closed="2018-10-24T18:34:05+00:00">18</issue>
    <ticket>7</ticket>
    <estimate>30</estimate>
    <role>DEV</role>
    <id>7-f0cc5750</id>
    <lines>34-36</lines>
    <body>...</body>
    <file>...</file>
    <author>...</author>
    <email>...</email>
    <time>2018-10-10T03:28:42Z</time>
    <children/>
  </puzzle>
</puzzles>
