<?xml version="1.0"?>
<puzzles xmlns:xsi="http://www.w3.org/2001/XMLSchema-instance" xsi:noNamespaceSchemaLocation="http://www.0pdd.com/puzzles.xsd" date="2018-01-25T17:50:14+00:00" version="0.28.5">
  <puzzle alive="true">
    <issue href="https://github.com/paulodamaso/sticky-notes/issues/70">70</issue>
    <ticket>12</ticket>
    <estimate>0</estimate>
    <role>IMP</role>
    <id>12-0686ff04</id>
    <lines>22-22</lines>
    <body>...</body>
    <file>...</file>
    <author>...</author>
    <email>...</email>
    <time>2018-01-04T17:34:39Z</time>
    <children/>
  </puzzle>
  <puzzle alive="true">
    <issue href="https://github.com/paulodamaso/sticky-notes/issues/71">71</issue>
    <ticket>12</ticket>
    <estimate>0</estimate>
    <role>IMP</role>
    <id>12-96b256f5</id>
    <lines>49-49</lines>
    <body>...</body>
    <file>...</file>
    <author>...</author>
    <email>...</email>
    <time>2018-01-04T17:34:39Z</time>
    <children/>
  </puzzle>
  <puzzle alive="true">
    <issue href="https://github.com/paulodamaso/sticky-notes/issues/72">72</issue>
    <ticket>12</ticket>
    <estimate>0</estimate>
    <role>IMP</role>
    <id>12-847a3dd7</id>
    <lines>79-79</lines>
    <body>...</body>
    <file>...</file>
    <author>...</author>
    <email>...</email>
    <time>2018-01-04T17:34:39Z</time>
    <children/>
  </puzzle>
  <puzzle alive="false">
    <issue href="https://github.com/paulodamaso/sticky-notes/issues/73" closed="2018-01-04T20:59:59+00:00">73</issue>
    <ticket>12</ticket>
    <estimate>0</estimate>
    <role>IMP</role>
    <id>12-064aa56b</id>
    <lines>104-104</lines>
    <body>...</body>
    <file>...</file>
    <author>...</author>
    <email>...</email>
    <time>2018-01-04T17:34:39Z</time>
    <children/>
  </puzzle>
  <puzzle alive="true">
    <issue href="https://github.com/paulodamaso/sticky-notes/issues/74">74</issue>
    <ticket>12</ticket>
    <estimate>0</estimate>
    <role>IMP</role>
    <id>12-6a31a957</id>
    <lines>28-28</lines>
    <body>...</body>
    <file>...</file>
    <author>...</author>
    <email>...</email>
    <time>2018-01-04T17:34:39Z</time>
    <children/>
  </puzzle>
  <puzzle alive="true">
    <issue href="https://github.com/paulodamaso/sticky-notes/issues/75">75</issue>
    <ticket>12</ticket>
    <estimate>0</estimate>
    <role>IMP</role>
    <id>12-501d532c</id>
    <lines>52-52</lines>
    <body>...</body>
    <file>...</file>
    <author>...</author>
    <email>...</email>
    <time>2018-01-04T17:34:39Z</time>
    <children/>
  </puzzle>
  <puzzle alive="true">
    <issue href="https://github.com/paulodamaso/sticky-notes/issues/76">76</issue>
    <ticket>12</ticket>
    <estimate>0</estimate>
    <role>IMP</role>
    <id>12-a91232fd</id>
    <lines>60-60</lines>
    <body>...</body>
    <file>...</file>
    <author>...</author>
    <email>...</email>
    <time>2018-01-04T17:34:39Z</time>
    <children/>
  </puzzle>
  <puzzle alive="false">
    <issue href="https://github.com/paulodamaso/sticky-notes/issues/77" closed="2018-01-04T21:00:01+00:00">77</issue>
    <ticket>12</ticket>
    <estimate>0</estimate>
    <role>IMP</role>
    <id>12-8b4e13d5</id>
    <lines>82-82</lines>
    <body>...</body>
    <file>...</file>
    <author>...</author>
    <email>...</email>
    <time>2018-01-04T17:34:39Z</time>
    <children/>
  </puzzle>
  <puzzle alive="false">
    <issue href="https://github.com/paulodamaso/sticky-notes/issues/78" closed="2018-01-04T21:00:04+00:00">78</issue>
    <ticket>12</ticket>
    <estimate>0</estimate>
    <role>IMP</role>
    <id>12-b801a36c</id>
    <lines>90-90</lines>
    <body>...</body>
    <file>...</file>
    <author>...</author>
    <email>...</email>
    <time>2018-01-04T17:34:39Z</time>
    <children/>
  </puzzle>
  <puzzle alive="true">
    <issue href="https://github.com/paulodamaso/sticky-notes/issues/79">79</issue>
    <ticket>46</ticket>
    <estimate>0</estimate>
    <role>IMP</role>
    <id>46-653cd872</id>
    <lines>16-16</lines>
    <body>...</body>
    <file>...</file>
    <author>...</author>
    <email>...</email>
    <time>2018-01-04T17:34:39Z</time>
    <children/>
  </puzzle>
  <puzzle alive="true">
    <issue href="https://github.com/paulodamaso/sticky-notes/issues/80">80</issue>
    <ticket>12</ticket>
    <estimate>0</estimate>
    <role>IMP</role>
    <id>12-4eb7fcea</id>
    <lines>36-36</lines>
    <body>...</body>
    <file>...</file>
    <author>...</author>
    <email>...</email>
    <time>2018-01-04T17:34:39Z</time>
    <children/>
  </puzzle>
  <puzzle alive="true">
    <issue href="https://github.com/paulodamaso/sticky-notes/issues/81">81</issue>
    <ticket>12</ticket>
    <estimate>0</estimate>
    <role>IMP</role>
    <id>12-8666c796</id>
    <lines>79-79</lines>
    <body>...</body>
    <file>...</file>
    <author>...</author>
    <email>...</email>
    <time>2018-01-04T17:34:39Z</time>
    <children/>
  </puzzle>
  <puzzle alive="true">
    <issue href="https://github.com/paulodamaso/sticky-notes/issues/82">82</issue>
    <ticket>12</ticket>
    <estimate>0</estimate>
    <role>IMP</role>
    <id>12-500e1db0</id>
    <lines>124-124</lines>
    <body>...</body>
    <file>...</file>
    <author>...</author>
    <email>...</email>
    <time>2018-01-04T17:34:39Z</time>
    <children/>
  </puzzle>
  <puzzle alive="true">
    <issue href="https://github.com/paulodamaso/sticky-notes/issues/83">83</issue>
    <ticket>12</ticket>
    <estimate>0</estimate>
    <role>IMP</role>
    <id>12-322fc495</id>
    <lines>36-36</lines>
    <body>...</body>
    <file>...</file>
    <author>...</author>
    <email>...</email>
    <time>2018-01-04T17:34:39Z</time>
    <children/>
  </puzzle>
  <puzzle alive="true">
    <issue href="https://github.com/paulodamaso/sticky-notes/issues/84">84</issue>
    <ticket>12</ticket>
    <estimate>0</estimate>
    <role>IMP</role>
    <id>12-b493b663</id>
    <lines>80-80</lines>
    <body>...</body>
    <file>...</file>
    <author>...</author>
    <email>...</email>
    <time>2018-01-04T17:34:39Z</time>
    <children/>
  </puzzle>
  <puzzle alive="true">
    <issue href="https://github.com/paulodamaso/sticky-notes/issues/85">85</issue>
    <ticket>12</ticket>
    <estimate>0</estimate>
    <role>IMP</role>
    <id>12-3a672507</id>
    <lines>88-88</lines>
    <body>...</body>
    <file>...</file>
    <author>...</author>
    <email>...</email>
    <time>2018-01-04T17:34:39Z</time>
    <children/>
  </puzzle>
  <puzzle alive="true">
    <issue href="https://github.com/paulodamaso/sticky-notes/issues/86">86</issue>
    <ticket>12</ticket>
    <estimate>0</estimate>
    <role>IMP</role>
    <id>12-82807345</id>
    <lines>114-114</lines>
    <body>...</body>
    <file>...</file>
    <author>...</author>
    <email>...</email>
    <time>2018-01-04T17:34:39Z</time>
    <children/>
  </puzzle>
  <puzzle alive="true">
    <issue href="https://github.com/paulodamaso/sticky-notes/issues/87">87</issue>
    <ticket>12</ticket>
    <estimate>0</estimate>
    <role>IMP</role>
    <id>12-edc73e55</id>
    <lines>122-122</lines>
    <body>...</body>
    <file>...</file>
    <author>...</author>
    <email>...</email>
    <time>2018-01-04T17:34:39Z</time>
    <children/>
  </puzzle>
  <puzzle alive="true">
    <issue href="https://github.com/paulodamaso/sticky-notes/issues/89">89</issue>
    <ticket>12</ticket>
    <estimate>0</estimate>
    <role>IMP</role>
    <id>12-45cb97a5</id>
    <lines>36-36</lines>
    <body>...</body>
    <file>...</file>
    <author>...</author>
    <email>...</email>
    <time>2018-01-04T17:42:02Z</time>
    <children/>
  </puzzle>
  <puzzle alive="true">
    <issue href="https://github.com/paulodamaso/sticky-notes/issues/90">90</issue>
    <ticket>12</ticket>
    <estimate>0</estimate>
    <role>IMP</role>
    <id>12-de0ac717</id>
    <lines>79-79</lines>
    <body>...</body>
    <file>...</file>
    <author>...</author>
    <email>...</email>
    <time>2018-01-04T17:34:39Z</time>
    <children/>
  </puzzle>
  <puzzle alive="true">
    <issue href="https://github.com/paulodamaso/sticky-notes/issues/91">91</issue>
    <ticket>12</ticket>
    <estimate>0</estimate>
    <role>IMP</role>
    <id>12-df6a7837</id>
    <lines>117-117</lines>
    <body>...</body>
    <file>...</file>
    <author>...</author>
    <email>...</email>
    <time>2018-01-04T17:42:02Z</time>
    <children/>
  </puzzle>
  <puzzle alive="true">
    <issue href="https://github.com/paulodamaso/sticky-notes/issues/92">92</issue>
    <ticket>12</ticket>
    <estimate>0</estimate>
    <role>IMP</role>
    <id>12-858c8601</id>
    <lines>36-36</lines>
    <body>...</body>
    <file>...</file>
    <author>...</author>
    <email>...</email>
    <time>2018-01-04T17:34:39Z</time>
    <children/>
  </puzzle>
  <puzzle alive="true">
    <issue href="https://github.com/paulodamaso/sticky-notes/issues/93">93</issue>
    <ticket>12</ticket>
    <estimate>0</estimate>
    <role>IMP</role>
    <id>12-56be73f3</id>
    <lines>79-79</lines>
    <body>...</body>
    <file>...</file>
    <author>...</author>
    <email>...</email>
    <time>2018-01-04T17:34:39Z</time>
    <children/>
  </puzzle>
  <puzzle alive="true">
    <issue href="https://github.com/paulodamaso/sticky-notes/issues/94">94</issue>
    <ticket>12</ticket>
    <estimate>0</estimate>
    <role>IMP</role>
    <id>12-aaff95f8</id>
    <lines>87-87</lines>
    <body>...</body>
    <file>...</file>
    <author>...</author>
    <email>...</email>
    <time>2018-01-04T17:34:39Z</time>
    <children/>
  </puzzle>
  <puzzle alive="true">
    <issue href="https://github.com/paulodamaso/sticky-notes/issues/95">95</issue>
    <ticket>12</ticket>
    <estimate>0</estimate>
    <role>IMP</role>
    <id>12-5c9824e6</id>
    <lines>113-113</lines>
    <body>...</body>
    <file>...</file>
    <author>...</author>
    <email>...</email>
    <time>2018-01-04T17:34:39Z</time>
    <children/>
  </puzzle>
  <puzzle alive="true">
    <issue href="https://github.com/paulodamaso/sticky-notes/issues/96">96</issue>
    <ticket>12</ticket>
    <estimate>0</estimate>
    <role>IMP</role>
    <id>12-7a951351</id>
    <lines>121-121</lines>
    <body>...</body>
    <file>...</file>
    <author>...</author>
    <email>...</email>
    <time>2018-01-04T17:34:39Z</time>
    <children/>
  </puzzle>
  <puzzle alive="false">
    <issue href="https://github.com/paulodamaso/sticky-notes/issues/97" closed="2018-01-25T15:00:48+00:00">97</issue>
    <ticket>12</ticket>
    <estimate>0</estimate>
    <role>IMP</role>
    <id>12-eca34445</id>
    <lines>37-37</lines>
    <body>...</body>
    <file>...</file>
    <author>...</author>
    <email>...</email>
    <time>2018-01-04T17:34:39Z</time>
    <children/>
  </puzzle>
  <puzzle alive="true">
    <issue href="https://github.com/paulodamaso/sticky-notes/issues/98">98</issue>
    <ticket>12</ticket>
    <estimate>0</estimate>
    <role>IMP</role>
    <id>12-5ab93dcd</id>
    <lines>81-81</lines>
    <body>...</body>
    <file>...</file>
    <author>...</author>
    <email>...</email>
    <time>2018-01-04T17:34:39Z</time>
    <children/>
  </puzzle>
  <puzzle alive="true">
    <issue href="https://github.com/paulodamaso/sticky-notes/issues/99">99</issue>
    <ticket>12</ticket>
    <estimate>0</estimate>
    <role>IMP</role>
    <id>12-92fbe05a</id>
    <lines>120-120</lines>
    <body>...</body>
    <file>...</file>
    <author>...</author>
    <email>...</email>
    <time>2018-01-04T17:34:39Z</time>
    <children/>
  </puzzle>
  <puzzle alive="true">
    <issue href="https://github.com/paulodamaso/sticky-notes/issues/100">100</issue>
    <ticket>12</ticket>
    <estimate>0</estimate>
    <role>IMP</role>
    <id>12-ea332907</id>
    <lines>56-56</lines>
    <body>...</body>
    <file>...</file>
    <author>...</author>
    <email>...</email>
    <time>2018-01-04T17:34:39Z</time>
    <children/>
  </puzzle>
  <puzzle alive="true">
    <issue href="https://github.com/paulodamaso/sticky-notes/issues/101">101</issue>
    <ticket>12</ticket>
    <estimate>0</estimate>
    <role>IMP</role>
    <id>12-7a219ed4</id>
    <lines>64-64</lines>
    <body>...</body>
    <file>...</file>
    <author>...</author>
    <email>...</email>
    <time>2018-01-04T17:34:39Z</time>
    <children/>
  </puzzle>
  <puzzle alive="true">
    <issue href="https://github.com/paulodamaso/sticky-notes/issues/102">102</issue>
    <ticket>12</ticket>
    <estimate>0</estimate>
    <role>IMP</role>
    <id>12-24ff226c</id>
    <lines>104-104</lines>
    <body>...</body>
    <file>...</file>
    <author>...</author>
    <email>...</email>
    <time>2018-01-04T17:34:39Z</time>
    <children/>
  </puzzle>
  <puzzle alive="true">
    <issue href="https://github.com/paulodamaso/sticky-notes/issues/103">103</issue>
    <ticket>12</ticket>
    <estimate>0</estimate>
    <role>IMP</role>
    <id>12-e8176828</id>
    <lines>112-112</lines>
    <body>...</body>
    <file>...</file>
    <author>...</author>
    <email>...</email>
    <time>2018-01-04T17:34:39Z</time>
    <children/>
  </puzzle>
  <puzzle alive="true">
    <issue href="https://github.com/paulodamaso/sticky-notes/issues/104">104</issue>
    <ticket>22</ticket>
    <estimate>0</estimate>
    <role>IMP</role>
    <id>22-771b8de2</id>
    <lines>24-24</lines>
    <body>...</body>
    <file>...</file>
    <author>...</author>
    <email>...</email>
    <time>2018-01-04T17:34:39Z</time>
    <children/>
  </puzzle>
  <puzzle alive="true">
    <issue href="https://github.com/paulodamaso/sticky-notes/issues/105">105</issue>
    <ticket>22</ticket>
    <estimate>0</estimate>
    <role>IMP</role>
    <id>22-c6d28536</id>
    <lines>24-24</lines>
    <body>...</body>
    <file>...</file>
    <author>...</author>
    <email>...</email>
    <time>2018-01-04T17:34:39Z</time>
    <children/>
  </puzzle>
  <puzzle alive="true">
    <issue href="https://github.com/paulodamaso/sticky-notes/issues/106">106</issue>
    <ticket>25</ticket>
    <estimate>0</estimate>
    <role>IMP</role>
    <id>25-e831b10b</id>
    <lines>43-43</lines>
    <body>...</body>
    <file>...</file>
    <author>...</author>
    <email>...</email>
    <time>2018-01-04T17:34:39Z</time>
    <children/>
  </puzzle>
  <puzzle alive="true">
    <issue href="https://github.com/paulodamaso/sticky-notes/issues/107">107</issue>
    <ticket>24</ticket>
    <estimate>0</estimate>
    <role>IMP</role>
    <id>24-50530da0</id>
    <lines>49-49</lines>
    <body>...</body>
    <file>...</file>
    <author>...</author>
    <email>...</email>
    <time>2018-01-04T17:34:39Z</time>
    <children/>
  </puzzle>
  <puzzle alive="true">
    <issue href="https://github.com/paulodamaso/sticky-notes/issues/108">108</issue>
    <ticket>22</ticket>
    <estimate>0</estimate>
    <role>IMP</role>
    <id>22-f1d7151c</id>
    <lines>24-24</lines>
    <body>...</body>
    <file>...</file>
    <author>...</author>
    <email>...</email>
    <time>2018-01-04T17:34:39Z</time>
    <children/>
  </puzzle>
  <puzzle alive="true">
    <issue href="https://github.com/paulodamaso/sticky-notes/issues/109">109</issue>
    <ticket>22</ticket>
    <estimate>0</estimate>
    <role>IMP</role>
    <id>22-8d676f5c</id>
    <lines>24-24</lines>
    <body>...</body>
    <file>...</file>
    <author>...</author>
    <email>...</email>
    <time>2018-01-04T17:34:39Z</time>
    <children/>
  </puzzle>
  <puzzle alive="true">
    <issue href="https://github.com/paulodamaso/sticky-notes/issues/110">110</issue>
    <ticket>12</ticket>
    <estimate>0</estimate>
    <role>IMP</role>
    <id>12-21fda8af</id>
    <lines>36-36</lines>
    <body>...</body>
    <file>...</file>
    <author>...</author>
    <email>...</email>
    <time>2018-01-04T17:34:39Z</time>
    <children/>
  </puzzle>
  <puzzle alive="true">
    <issue href="https://github.com/paulodamaso/sticky-notes/issues/111">111</issue>
    <ticket>12</ticket>
    <estimate>0</estimate>
    <role>IMP</role>
    <id>12-3e0a77d6</id>
    <lines>84-84</lines>
    <body>...</body>
    <file>...</file>
    <author>...</author>
    <email>...</email>
    <time>2018-01-04T17:34:39Z</time>
    <children/>
  </puzzle>
  <puzzle alive="true">
    <issue href="https://github.com/paulodamaso/sticky-notes/issues/112">112</issue>
    <ticket>12</ticket>
    <estimate>0</estimate>
    <role>IMP</role>
    <id>12-9150b69c</id>
    <lines>92-92</lines>
    <body>...</body>
    <file>...</file>
    <author>...</author>
    <email>...</email>
    <time>2018-01-04T17:34:39Z</time>
    <children/>
  </puzzle>
  <puzzle alive="true">
    <issue href="https://github.com/paulodamaso/sticky-notes/issues/113">113</issue>
    <ticket>12</ticket>
    <estimate>0</estimate>
    <role>IMP</role>
    <id>12-303dce81</id>
    <lines>118-118</lines>
    <body>...</body>
    <file>...</file>
    <author>...</author>
    <email>...</email>
    <time>2018-01-04T17:34:39Z</time>
    <children/>
  </puzzle>
  <puzzle alive="true">
    <issue href="https://github.com/paulodamaso/sticky-notes/issues/114">114</issue>
    <ticket>12</ticket>
    <estimate>0</estimate>
    <role>IMP</role>
    <id>12-dfb529b6</id>
    <lines>126-126</lines>
    <body>...</body>
    <file>...</file>
    <author>...</author>
    <email>...</email>
    <time>2018-01-04T17:34:39Z</time>
    <children/>
  </puzzle>
  <puzzle alive="true">
    <issue href="https://github.com/paulodamaso/sticky-notes/issues/115">115</issue>
    <ticket>12</ticket>
    <estimate>0</estimate>
    <role>IMP</role>
    <id>12-b3892d2d</id>
    <lines>36-36</lines>
    <body>...</body>
    <file>...</file>
    <author>...</author>
    <email>...</email>
    <time>2018-01-04T17:42:02Z</time>
    <children/>
  </puzzle>
  <puzzle alive="true">
    <issue href="https://github.com/paulodamaso/sticky-notes/issues/116">116</issue>
    <ticket>12</ticket>
    <estimate>0</estimate>
    <role>IMP</role>
    <id>12-85086a91</id>
    <lines>80-80</lines>
    <body>...</body>
    <file>...</file>
    <author>...</author>
    <email>...</email>
    <time>2018-01-04T17:34:39Z</time>
    <children/>
  </puzzle>
  <puzzle alive="true">
    <issue href="https://github.com/paulodamaso/sticky-notes/issues/117">117</issue>
    <ticket>12</ticket>
    <estimate>0</estimate>
    <role>IMP</role>
    <id>12-3130ea2c</id>
    <lines>121-121</lines>
    <body>...</body>
    <file>...</file>
    <author>...</author>
    <email>...</email>
    <time>2018-01-04T17:34:39Z</time>
    <children/>
  </puzzle>
  <puzzle alive="true">
    <issue href="https://github.com/paulodamaso/sticky-notes/issues/118">118</issue>
    <ticket>50</ticket>
    <estimate>0</estimate>
    <role>IMP</role>
    <id>50-12f3957d</id>
    <lines>37-37</lines>
    <body>...</body>
    <file>...</file>
    <author>...</author>
    <email>...</email>
    <time>2018-01-04T17:34:39Z</time>
    <children/>
  </puzzle>
  <puzzle alive="false">
    <issue href="https://github.com/paulodamaso/sticky-notes/issues/119" closed="2018-01-25T15:00:49+00:00">119</issue>
    <ticket>46</ticket>
    <estimate>0</estimate>
    <role>IMP</role>
    <id>46-9e2e3f67</id>
    <lines>45-45</lines>
    <body>...</body>
    <file>...</file>
    <author>...</author>
    <email>...</email>
    <time>2018-01-04T17:34:39Z</time>
    <children>
      <puzzle alive="true">
        <issue href="https://github.com/paulodamaso/sticky-notes/issues/130">130</issue>
        <ticket>119</ticket>
        <estimate>0</estimate>
        <role>IMP</role>
        <id>119-6f4e3248</id>
        <lines>55-55</lines>
        <body>...</body>
        <file>...</file>
        <author>...</author>
        <email>...</email>
        <time>2018-01-25T14:59:35Z</time>
        <children/>
      </puzzle>
    </children>
  </puzzle>
  <puzzle alive="true">
    <issue href="https://github.com/paulodamaso/sticky-notes/issues/120">120</issue>
    <ticket>50</ticket>
    <estimate>0</estimate>
    <role>IMP</role>
    <id>50-c63e314f</id>
    <lines>78-78</lines>
    <body>...</body>
    <file>...</file>
    <author>...</author>
    <email>...</email>
    <time>2018-01-04T17:34:39Z</time>
    <children/>
  </puzzle>
  <puzzle alive="true">
    <issue href="https://github.com/paulodamaso/sticky-notes/issues/121">121</issue>
    <ticket>48</ticket>
    <estimate>0</estimate>
    <role>IMP</role>
    <id>48-7c046afb</id>
    <lines>112-112</lines>
    <body>...</body>
    <file>...</file>
    <author>...</author>
    <email>...</email>
    <time>2018-01-04T17:34:39Z</time>
    <children/>
  </puzzle>
  <puzzle alive="true">
    <issue href="https://github.com/paulodamaso/sticky-notes/issues/122">122</issue>
    <ticket>50</ticket>
    <estimate>0</estimate>
    <role>IMP</role>
    <id>50-ff28e826</id>
    <lines>115-115</lines>
    <body>...</body>
    <file>...</file>
    <author>...</author>
    <email>...</email>
    <time>2018-01-04T17:34:39Z</time>
    <children/>
  </puzzle>
  <puzzle alive="true">
    <issue href="https://github.com/paulodamaso/sticky-notes/issues/123">123</issue>
    <ticket>48</ticket>
    <estimate>0</estimate>
    <role>IMP</role>
    <id>48-81e9032d</id>
    <lines>125-125</lines>
    <body>...</body>
    <file>...</file>
    <author>...</author>
    <email>...</email>
    <time>2018-01-04T17:34:39Z</time>
    <children/>
  </puzzle>
  <puzzle alive="true">
    <issue href="https://github.com/paulodamaso/sticky-notes/issues/124">124</issue>
    <ticket>48</ticket>
    <estimate>0</estimate>
    <role>IMP</role>
    <id>48-1ac4d559</id>
    <lines>136-136</lines>
    <body>...</body>
    <file>...</file>
    <author>...</author>
    <email>...</email>
    <time>2018-01-04T17:34:39Z</time>
    <children/>
  </puzzle>
  <puzzle alive="true">
    <issue href="https://github.com/paulodamaso/sticky-notes/issues/125">125</issue>
    <ticket>48</ticket>
    <estimate>0</estimate>
    <role>IMP</role>
    <id>48-b0b2277c</id>
    <lines>148-148</lines>
    <body>...</body>
    <file>...</file>
    <author>...</author>
    <email>...</email>
    <time>2018-01-04T17:34:39Z</time>
    <children>
      <puzzle alive="true">
        <issue href="https://github.com/paulodamaso/sticky-notes/issues/136">136</issue>
        <ticket>125</ticket>
        <estimate>0</estimate>
        <role>IMP</role>
        <id>125-4558f8e3</id>
        <lines>26-26</lines>
        <body>...</body>
        <file>...</file>
        <author>...</author>
        <email>...</email>
        <time>2018-01-25T17:42:36Z</time>
        <children/>
      </puzzle>
    </children>
  </puzzle>
  <puzzle alive="true">
    <issue href="https://github.com/paulodamaso/sticky-notes/issues/126">126</issue>
    <ticket>12</ticket>
    <estimate>0</estimate>
    <role>IMP</role>
    <id>12-55249c1d</id>
    <lines>86-86</lines>
    <body>...</body>
    <file>...</file>
    <author>...</author>
    <email>...</email>
    <time>2018-01-04T20:59:02Z</time>
    <children/>
  </puzzle>
  <puzzle alive="true">
    <issue href="https://github.com/paulodamaso/sticky-notes/issues/127">127</issue>
    <ticket>12</ticket>
    <estimate>0</estimate>
    <role>IMP</role>
    <id>12-ae79edcc</id>
    <lines>94-94</lines>
    <body>...</body>
    <file>...</file>
    <author>...</author>
    <email>...</email>
    <time>2018-01-04T20:59:02Z</time>
    <children/>
  </puzzle>
  <puzzle alive="true">
    <issue href="https://github.com/paulodamaso/sticky-notes/issues/131">131</issue>
    <ticket>88</ticket>
    <estimate>0</estimate>
    <role>IMP</role>
    <id>88-47fdeccb</id>
    <lines>35-35</lines>
    <body>...</body>
    <file>...</file>
    <author>...</author>
    <email>...</email>
    <time>2018-01-25T12:41:05Z</time>
    <children/>
  </puzzle>
  <puzzle alive="true">
    <issue href="https://github.com/paulodamaso/sticky-notes/issues/132">132</issue>
    <ticket>48</ticket>
    <estimate>0</estimate>
    <role>IMP</role>
    <id>48-61e4802d</id>
    <lines>148-148</lines>
    <body>...</body>
    <file>...</file>
    <author>...</author>
    <email>...</email>
    <time>2018-01-25T12:41:05Z</time>
    <children/>
  </puzzle>
  <puzzle alive="true">
    <issue href="https://github.com/paulodamaso/sticky-notes/issues/133">133</issue>
    <ticket>25</ticket>
    <estimate>0</estimate>
    <role>IMP</role>
    <id>25-975f8fca</id>
    <lines>41-41</lines>
    <body>...</body>
    <file>...</file>
    <author>...</author>
    <email>...</email>
    <time>2018-01-25T12:41:05Z</time>
    <children/>
  </puzzle>
  <puzzle alive="true">
    <issue href="https://github.com/paulodamaso/sticky-notes/issues/134">134</issue>
    <ticket>24</ticket>
    <estimate>0</estimate>
    <role>IMP</role>
    <id>24-e3e08094</id>
    <lines>53-53</lines>
    <body>...</body>
    <file>...</file>
    <author>...</author>
    <email>...</email>
    <time>2018-01-25T12:41:05Z</time>
    <children/>
  </puzzle>
  <puzzle alive="true">
    <issue href="https://github.com/paulodamaso/sticky-notes/issues/135">135</issue>
    <ticket>88</ticket>
    <estimate>0</estimate>
    <role>IMP</role>
    <id>88-a787a291</id>
    <lines>76-76</lines>
    <body>...</body>
    <file>...</file>
    <author>...</author>
    <email>...</email>
    <time>2018-01-25T12:41:05Z</time>
    <children/>
  </puzzle>
  <puzzle alive="true">
    <issue href="https://github.com/paulodamaso/sticky-notes/issues/137">137</issue>
    <ticket>129</ticket>
    <estimate>0</estimate>
    <role>IMP</role>
    <id>129-a04cac29</id>
    <lines>24-24</lines>
    <body>...</body>
    <file>...</file>
    <author>...</author>
    <email>...</email>
    <time>2018-01-25T17:42:36Z</time>
    <children/>
  </puzzle>
  <puzzle alive="true">
    <issue href="https://github.com/paulodamaso/sticky-notes/issues/138">138</issue>
    <ticket>129</ticket>
    <estimate>0</estimate>
    <role>IMP</role>
    <id>129-3444c202</id>
    <lines>23-23</lines>
    <body>...</body>
    <file>...</file>
    <author>...</author>
    <email>...</email>
    <time>2018-01-25T17:42:36Z</time>
    <children/>
  </puzzle>
  <puzzle alive="true">
    <issue href="https://github.com/paulodamaso/sticky-notes/issues/139">139</issue>
    <ticket>129</ticket>
    <estimate>0</estimate>
    <role>IMP</role>
    <id>129-94134897</id>
    <lines>23-23</lines>
    <body>...</body>
    <file>...</file>
    <author>...</author>
    <email>...</email>
    <time>2018-01-25T17:42:36Z</time>
    <children/>
  </puzzle>
  <puzzle alive="true">
    <issue href="https://github.com/paulodamaso/sticky-notes/issues/140">140</issue>
    <ticket>129</ticket>
    <estimate>0</estimate>
    <role>IMP</role>
    <id>129-42e7ca4f</id>
    <lines>23-23</lines>
    <body>...</body>
    <file>...</file>
    <author>...</author>
    <email>...</email>
    <time>2018-01-25T17:42:36Z</time>
    <children/>
  </puzzle>
  <puzzle alive="true">
    <issue href="https://github.com/paulodamaso/sticky-notes/issues/141">141</issue>
    <ticket>129</ticket>
    <estimate>0</estimate>
    <role>IMP</role>
    <id>129-1c596732</id>
    <lines>21-21</lines>
    <body>...</body>
    <file>...</file>
    <author>...</author>
    <email>...</email>
    <time>2018-01-25T17:42:36Z</time>
    <children/>
  </puzzle>
</puzzles>
