<?xml version="1.0"?>
<puzzles xmlns:xsi="http://www.w3.org/2001/XMLSchema-instance" xsi:noNamespaceSchemaLocation="http://www.0pdd.com/puzzles.xsd" date="2018-05-27T16:23:35+00:00" version="0.30.2">
  <puzzle alive="false">
    <issue href="https://github.com/boszormenyip/jgtd/issues/8" closed="2018-05-12T15:45:19+00:00">8</issue>
    <ticket>6</ticket>
    <estimate>0</estimate>
    <role>DEV</role>
    <id>6-6201297b</id>
    <lines>16-16</lines>
    <body>...</body>
    <file>...</file>
    <author>...</author>
    <email>...</email>
    <time>2018-05-11T09:04:41Z</time>
    <children/>
  </puzzle>
  <puzzle alive="false">
    <issue href="https://github.com/boszormenyip/jgtd/issues/9" closed="2018-05-11T14:30:45+00:00">9</issue>
    <ticket>6</ticket>
    <estimate>0</estimate>
    <role>DEV</role>
    <id>6-0a4eb2c0</id>
    <lines>29-31</lines>
    <body>...</body>
    <file>...</file>
    <author>...</author>
    <email>...</email>
    <time>2018-05-11T09:04:41Z</time>
    <children/>
  </puzzle>
  <puzzle alive="false">
    <issue href="https://github.com/boszormenyip/jgtd/issues/10" closed="2018-05-12T15:45:20+00:00">10</issue>
    <ticket>6</ticket>
    <estimate>0</estimate>
    <role>DEV</role>
    <id>6-3d35ff63</id>
    <lines>5-6</lines>
    <body>...</body>
    <file>...</file>
    <author>...</author>
    <email>...</email>
    <time>2018-05-11T09:04:41Z</time>
    <children/>
  </puzzle>
  <puzzle alive="false">
    <issue href="https://github.com/boszormenyip/jgtd/issues/11" closed="2018-05-12T15:45:21+00:00">11</issue>
    <ticket>6</ticket>
    <estimate>0</estimate>
    <role>DEV</role>
    <id>6-c3341181</id>
    <lines>34-34</lines>
    <body>...</body>
    <file>...</file>
    <author>...</author>
    <email>...</email>
    <time>2018-05-11T09:04:41Z</time>
    <children/>
  </puzzle>
  <puzzle alive="false">
    <issue href="https://github.com/boszormenyip/jgtd/issues/12" closed="2018-05-12T13:16:11+00:00">12</issue>
    <ticket>6</ticket>
    <estimate>0</estimate>
    <role>DEV</role>
    <id>6-765ff45f</id>
    <lines>45-47</lines>
    <body>...</body>
    <file>...</file>
    <author>...</author>
    <email>...</email>
    <time>2018-05-11T09:04:41Z</time>
    <children/>
  </puzzle>
  <puzzle alive="false">
    <issue href="https://github.com/boszormenyip/jgtd/issues/13" closed="2018-05-12T15:45:23+00:00">13</issue>
    <ticket>6</ticket>
    <estimate>0</estimate>
    <role>DEV</role>
    <id>6-3a82c875</id>
    <lines>16-16</lines>
    <body>...</body>
    <file>...</file>
    <author>...</author>
    <email>...</email>
    <time>2018-05-11T09:04:41Z</time>
    <children/>
  </puzzle>
  <puzzle alive="false">
    <issue href="https://github.com/boszormenyip/jgtd/issues/14" closed="2018-05-13T16:41:53+00:00">14</issue>
    <ticket>6</ticket>
    <estimate>0</estimate>
    <role>DEV</role>
    <id>6-e7900688</id>
    <lines>17-17</lines>
    <body>...</body>
    <file>...</file>
    <author>...</author>
    <email>...</email>
    <time>2018-05-11T09:04:41Z</time>
    <children/>
  </puzzle>
  <puzzle alive="false">
    <issue href="https://github.com/boszormenyip/jgtd/issues/15" closed="2018-05-13T16:41:54+00:00">15</issue>
    <ticket>6</ticket>
    <estimate>0</estimate>
    <role>DEV</role>
    <id>6-6f470164</id>
    <lines>16-16</lines>
    <body>...</body>
    <file>...</file>
    <author>...</author>
    <email>...</email>
    <time>2018-05-11T09:04:41Z</time>
    <children/>
  </puzzle>
  <puzzle alive="true">
    <issue href="https://github.com/boszormenyip/jgtd/issues/16">16</issue>
    <ticket>6</ticket>
    <estimate>0</estimate>
    <role>DEV</role>
    <id>6-a77950f5</id>
    <lines>12-13</lines>
    <body>...</body>
    <file>...</file>
    <author>...</author>
    <email>...</email>
    <time>2018-05-11T09:04:41Z</time>
    <children/>
  </puzzle>
  <puzzle alive="false">
    <issue href="https://github.com/boszormenyip/jgtd/issues/17" closed="2018-05-11T14:30:47+00:00">17</issue>
    <ticket>6</ticket>
    <estimate>0</estimate>
    <role>DEV</role>
    <id>6-0c4b1f81</id>
    <lines>6-7</lines>
    <body>...</body>
    <file>...</file>
    <author>...</author>
    <email>...</email>
    <time>2018-05-11T09:04:41Z</time>
    <children/>
  </puzzle>
  <puzzle alive="false">
    <issue href="https://github.com/boszormenyip/jgtd/issues/21" closed="2018-05-13T16:41:56+00:00">21</issue>
    <ticket>6</ticket>
    <estimate>0</estimate>
    <role>DEV</role>
    <id>6-f7647b7b</id>
    <lines>24-26</lines>
    <body>...</body>
    <file>...</file>
    <author>...</author>
    <email>...</email>
    <time>2018-05-11T09:15:40Z</time>
    <children/>
  </puzzle>
  <puzzle alive="false">
    <issue href="https://github.com/boszormenyip/jgtd/issues/22" closed="2018-05-12T15:45:24+00:00">22</issue>
    <ticket>6</ticket>
    <estimate>0</estimate>
    <role>DEV</role>
    <id>6-77010235</id>
    <lines>8-8</lines>
    <body>...</body>
    <file>...</file>
    <author>...</author>
    <email>...</email>
    <time>2018-05-11T12:39:06Z</time>
    <children/>
  </puzzle>
  <puzzle alive="false">
    <issue href="https://github.com/boszormenyip/jgtd/issues/23" closed="2018-05-12T13:16:12+00:00">23</issue>
    <ticket>6</ticket>
    <estimate>0</estimate>
    <role>DEV</role>
    <id>6-34ee5c37</id>
    <lines>15-15</lines>
    <body>...</body>
    <file>...</file>
    <author>...</author>
    <email>...</email>
    <time>2018-05-11T09:43:39Z</time>
    <children/>
  </puzzle>
  <puzzle alive="false">
    <issue href="https://github.com/boszormenyip/jgtd/issues/24" closed="2018-05-13T16:41:57+00:00">24</issue>
    <ticket>6</ticket>
    <estimate>0</estimate>
    <role>DEV</role>
    <id>6-3860f3b5</id>
    <lines>11-11</lines>
    <body>...</body>
    <file>...</file>
    <author>...</author>
    <email>...</email>
    <time>2018-05-11T13:55:23Z</time>
    <children/>
  </puzzle>
  <puzzle alive="false">
    <issue href="https://github.com/boszormenyip/jgtd/issues/25" closed="2018-05-20T16:16:11+00:00">25</issue>
    <ticket>6</ticket>
    <estimate>0</estimate>
    <role>DEV</role>
    <id>6-3321a202</id>
    <lines>29-30</lines>
    <body>...</body>
    <file>...</file>
    <author>...</author>
    <email>...</email>
    <time>2018-05-11T09:26:06Z</time>
    <children/>
  </puzzle>
  <puzzle alive="false">
    <issue href="https://github.com/boszormenyip/jgtd/issues/26" closed="2018-05-12T15:45:26+00:00">26</issue>
    <ticket>18</ticket>
    <estimate>0</estimate>
    <role>DEV</role>
    <id>18-fe5fd54e</id>
    <lines>60-60</lines>
    <body>...</body>
    <file>...</file>
    <author>...</author>
    <email>...</email>
    <time>2018-05-11T12:39:06Z</time>
    <children/>
  </puzzle>
  <puzzle alive="false">
    <issue href="https://github.com/boszormenyip/jgtd/issues/27" closed="2018-05-27T15:54:58+00:00">27</issue>
    <ticket>19</ticket>
    <estimate>0</estimate>
    <role>DEV</role>
    <id>19-8e97d09a</id>
    <lines>2-2</lines>
    <body>...</body>
    <file>...</file>
    <author>...</author>
    <email>...</email>
    <time>2018-05-11T10:54:51Z</time>
    <children/>
  </puzzle>
  <puzzle alive="false">
    <issue href="https://github.com/boszormenyip/jgtd/issues/29" closed="2018-05-13T16:41:59+00:00">29</issue>
    <ticket>6</ticket>
    <estimate>0</estimate>
    <role>DEV</role>
    <id>6-b0ea6ff9</id>
    <lines>11-12</lines>
    <body>...</body>
    <file>...</file>
    <author>...</author>
    <email>...</email>
    <time>2018-05-12T13:15:50Z</time>
    <children/>
  </puzzle>
  <puzzle alive="false">
    <issue href="https://github.com/boszormenyip/jgtd/issues/30" closed="2018-05-12T15:45:27+00:00">30</issue>
    <ticket>28</ticket>
    <estimate>0</estimate>
    <role>DEV</role>
    <id>28-765ff45f</id>
    <lines>51-53</lines>
    <body>...</body>
    <file>...</file>
    <author>...</author>
    <email>...</email>
    <time>2018-05-12T13:15:50Z</time>
    <children/>
  </puzzle>
  <puzzle alive="false">
    <issue href="https://github.com/boszormenyip/jgtd/issues/31" closed="2018-05-13T16:42:00+00:00">31</issue>
    <ticket>6</ticket>
    <estimate>0</estimate>
    <role>DEV</role>
    <id>6-66512d8f</id>
    <lines>6-7</lines>
    <body>...</body>
    <file>...</file>
    <author>...</author>
    <email>...</email>
    <time>2018-05-12T13:15:50Z</time>
    <children/>
  </puzzle>
  <puzzle alive="false">
    <issue href="https://github.com/boszormenyip/jgtd/issues/34" closed="2018-05-13T16:42:01+00:00">34</issue>
    <ticket>6</ticket>
    <estimate>0</estimate>
    <role>DEV</role>
    <id>6-b8cd9b1c</id>
    <lines>83-83</lines>
    <body>...</body>
    <file>...</file>
    <author>...</author>
    <email>...</email>
    <time>2018-05-12T14:58:02Z</time>
    <children/>
  </puzzle>
  <puzzle alive="false">
    <issue href="https://github.com/boszormenyip/jgtd/issues/36" closed="2018-05-13T16:42:03+00:00">36</issue>
    <ticket>35</ticket>
    <estimate>0</estimate>
    <role>DEV</role>
    <id>35-b197a69d</id>
    <lines>98-98</lines>
    <body>...</body>
    <file>...</file>
    <author>...</author>
    <email>...</email>
    <time>2018-05-12T17:36:35Z</time>
    <children/>
  </puzzle>
  <puzzle alive="false">
    <issue href="https://github.com/boszormenyip/jgtd/issues/37" closed="2018-05-13T16:42:04+00:00">37</issue>
    <ticket>6</ticket>
    <estimate>0</estimate>
    <role>DEV</role>
    <id>6-393275c2</id>
    <lines>26-29</lines>
    <body>...</body>
    <file>...</file>
    <author>...</author>
    <email>...</email>
    <time>2018-05-12T18:10:52Z</time>
    <children/>
  </puzzle>
  <puzzle alive="false">
    <issue href="https://github.com/boszormenyip/jgtd/issues/38" closed="2018-05-13T16:42:06+00:00">38</issue>
    <ticket>35</ticket>
    <estimate>0</estimate>
    <role>DEV</role>
    <id>35-9c2bc985</id>
    <lines>37-38</lines>
    <body>...</body>
    <file>...</file>
    <author>...</author>
    <email>...</email>
    <time>2018-05-12T18:10:52Z</time>
    <children/>
  </puzzle>
  <puzzle alive="false">
    <issue href="https://github.com/boszormenyip/jgtd/issues/39" closed="2018-05-13T16:42:07+00:00">39</issue>
    <ticket>6</ticket>
    <estimate>0</estimate>
    <role>DEV</role>
    <id>6-923432b1</id>
    <lines>40-42</lines>
    <body>...</body>
    <file>...</file>
    <author>...</author>
    <email>...</email>
    <time>2018-05-12T18:10:52Z</time>
    <children/>
  </puzzle>
  <puzzle alive="false">
    <issue href="https://github.com/boszormenyip/jgtd/issues/40" closed="2018-05-13T16:42:08+00:00">40</issue>
    <ticket>6</ticket>
    <estimate>0</estimate>
    <role>DEV</role>
    <id>6-3fa55bef</id>
    <lines>52-53</lines>
    <body>...</body>
    <file>...</file>
    <author>...</author>
    <email>...</email>
    <time>2018-05-12T18:10:52Z</time>
    <children/>
  </puzzle>
  <puzzle alive="false">
    <issue href="https://github.com/boszormenyip/jgtd/issues/41" closed="2018-05-13T16:42:10+00:00">41</issue>
    <ticket>6</ticket>
    <estimate>0</estimate>
    <role>DEV</role>
    <id>6-2a3c7b69</id>
    <lines>33-34</lines>
    <body>...</body>
    <file>...</file>
    <author>...</author>
    <email>...</email>
    <time>2018-05-12T17:36:35Z</time>
    <children/>
  </puzzle>
  <puzzle alive="false">
    <issue href="https://github.com/boszormenyip/jgtd/issues/42" closed="2018-05-13T16:42:11+00:00">42</issue>
    <ticket>6</ticket>
    <estimate>0</estimate>
    <role>DEV</role>
    <id>6-02b04d70</id>
    <lines>13-14</lines>
    <body>...</body>
    <file>...</file>
    <author>...</author>
    <email>...</email>
    <time>2018-05-12T17:36:35Z</time>
    <children/>
  </puzzle>
  <puzzle alive="false">
    <issue href="https://github.com/boszormenyip/jgtd/issues/43" closed="2018-05-27T16:23:35+00:00">43</issue>
    <ticket>35</ticket>
    <estimate>0</estimate>
    <role>DEV</role>
    <id>35-be28cea0</id>
    <lines>38-38</lines>
    <body>...</body>
    <file>...</file>
    <author>...</author>
    <email>...</email>
    <time>2018-05-12T17:48:44Z</time>
    <children/>
  </puzzle>
  <puzzle alive="true">
    <issue href="https://github.com/boszormenyip/jgtd/issues/45">45</issue>
    <ticket>6</ticket>
    <estimate>0</estimate>
    <role>DEV</role>
    <id>6-85690ea4</id>
    <lines>6-7</lines>
    <body>...</body>
    <file>...</file>
    <author>...</author>
    <email>...</email>
    <time>2018-05-13T16:39:59Z</time>
    <children/>
  </puzzle>
  <puzzle alive="false">
    <issue href="https://github.com/boszormenyip/jgtd/issues/48" closed="2018-05-27T15:34:32+00:00">48</issue>
    <ticket>44</ticket>
    <estimate>0</estimate>
    <role>DEV</role>
    <id>44-2d9d9cc3</id>
    <lines>11-12</lines>
    <body>...</body>
    <file>...</file>
    <author>...</author>
    <email>...</email>
    <time>2018-05-27T15:25:56Z</time>
    <children/>
  </puzzle>
  <puzzle alive="false">
    <issue href="https://github.com/boszormenyip/jgtd/issues/49" closed="2018-05-27T15:40:10+00:00">49</issue>
    <ticket>44</ticket>
    <estimate>0</estimate>
    <role>DEV</role>
    <id>44-afb04721</id>
    <lines>9-9</lines>
    <body>...</body>
    <file>...</file>
    <author>...</author>
    <email>...</email>
    <time>2018-05-27T15:25:56Z</time>
    <children/>
  </puzzle>
</puzzles>
