<?xml version="1.0"?>
<puzzles xmlns:xsi="http://www.w3.org/2001/XMLSchema-instance" xsi:noNamespaceSchemaLocation="http://www.0pdd.com/puzzles.xsd" date="2020-07-07T07:48:55+00:00" version="0.30.21">
  <puzzle alive="true">
    <issue href="https://github.com/cqfn/aibolit/issues/485">485</issue>
    <ticket>146</ticket>
    <estimate>30</estimate>
    <role>DEV</role>
    <id>146-4f2084fc</id>
    <lines>14-17</lines>
    <body>...</body>
    <file>...</file>
    <author>...</author>
    <email>...</email>
    <time>2020-07-06T13:45:11Z</time>
    <children/>
  </puzzle>
  <puzzle alive="true">
    <issue href="https://github.com/cqfn/aibolit/issues/486">486</issue>
    <ticket>139</ticket>
    <estimate>30</estimate>
    <role>DEV</role>
    <id>139-732b1bcc</id>
    <lines>12-17</lines>
    <body>...</body>
    <file>...</file>
    <author>...</author>
    <email>...</email>
    <time>2020-07-06T13:45:11Z</time>
    <children/>
  </puzzle>
  <puzzle alive="true">
    <issue href="https://github.com/cqfn/aibolit/issues/487">487</issue>
    <ticket>147</ticket>
    <estimate>30</estimate>
    <role>DEV</role>
    <id>147-d9d6862a</id>
    <lines>13-16</lines>
    <body>...</body>
    <file>...</file>
    <author>...</author>
    <email>...</email>
    <time>2020-07-06T13:45:11Z</time>
    <children/>
  </puzzle>
  <puzzle alive="true">
    <issue href="https://github.com/cqfn/aibolit/issues/488">488</issue>
    <ticket>183</ticket>
    <estimate>30</estimate>
    <role>DEV</role>
    <id>183-069e5295</id>
    <lines>27-31</lines>
    <body>...</body>
    <file>...</file>
    <author>...</author>
    <email>...</email>
    <time>2020-07-06T13:45:11Z</time>
    <children/>
  </puzzle>
  <puzzle alive="true">
    <issue href="https://github.com/cqfn/aibolit/issues/489">489</issue>
    <ticket>183</ticket>
    <estimate>30</estimate>
    <role>DEV</role>
    <id>183-9b03d7d9</id>
    <lines>27-31</lines>
    <body>...</body>
    <file>...</file>
    <author>...</author>
    <email>...</email>
    <time>2020-07-06T13:45:11Z</time>
    <children/>
  </puzzle>
</puzzles>
