<?xml version="1.0"?>
<puzzles xmlns:xsi="http://www.w3.org/2001/XMLSchema-instance" xsi:noNamespaceSchemaLocation="http://www.0pdd.com/puzzles.xsd" date="2021-02-13T21:10:12+00:00" version="0.30.22">
  <puzzle alive="false">
    <issue href="https://github.com/raboley/FantasyAi/issues/2" closed="2020-12-12T02:06:24+00:00">2</issue>
    <ticket>1</ticket>
    <estimate>30</estimate>
    <role>DEV</role>
    <id>1-6b74777d</id>
    <lines>10-10</lines>
    <body>...</body>
    <file>...</file>
    <author>...</author>
    <email>...</email>
    <time>2020-12-10T04:01:30Z</time>
    <children/>
  </puzzle>
  <puzzle alive="false">
    <issue href="https://github.com/raboley/FantasyAi/issues/3" closed="2020-12-10T05:14:12+00:00">3</issue>
    <ticket>1</ticket>
    <estimate>15</estimate>
    <role>DEV</role>
    <id>1-0ef53676</id>
    <lines>3-3</lines>
    <body>...</body>
    <file>...</file>
    <author>...</author>
    <email>...</email>
    <time>2020-12-10T04:01:30Z</time>
    <children>
      <puzzle alive="false">
        <issue href="https://github.com/raboley/FantasyAi/issues/5" closed="2020-12-12T02:03:28+00:00">5</issue>
        <ticket>3</ticket>
        <estimate>30</estimate>
        <role>DEV</role>
        <id>3-39b2dbd2</id>
        <lines>7-7</lines>
        <body>...</body>
        <file>...</file>
        <author>...</author>
        <email>...</email>
        <time>2020-12-10T05:09:32Z</time>
        <children/>
      </puzzle>
    </children>
  </puzzle>
  <puzzle alive="false">
    <issue href="https://github.com/raboley/FantasyAi/issues/7" closed="2020-12-12T19:28:35+00:00">7</issue>
    <ticket>1</ticket>
    <estimate>60</estimate>
    <role>DEV</role>
    <id>1-a418fd87</id>
    <lines>22-22</lines>
    <body>...</body>
    <file>...</file>
    <author>...</author>
    <email>...</email>
    <time>2020-12-12T02:06:09Z</time>
    <children/>
  </puzzle>
  <puzzle alive="false">
    <issue href="https://github.com/raboley/FantasyAi/issues/10" closed="2020-12-14T01:26:20+00:00">10</issue>
    <ticket>9</ticket>
    <estimate>30</estimate>
    <role>DEV</role>
    <id>9-7bda4e71</id>
    <lines>39-39</lines>
    <body>...</body>
    <file>...</file>
    <author>...</author>
    <email>...</email>
    <time>2020-12-12T19:25:20Z</time>
    <children>
      <puzzle alive="false">
        <issue href="https://github.com/raboley/FantasyAi/issues/12" closed="2020-12-15T01:27:52+00:00">12</issue>
        <ticket>10</ticket>
        <estimate>30</estimate>
        <role>DEV</role>
        <id>10-e419222d</id>
        <lines>28-28</lines>
        <body>...</body>
        <file>...</file>
        <author>...</author>
        <email>...</email>
        <time>2020-12-14T01:07:39Z</time>
        <children/>
      </puzzle>
    </children>
  </puzzle>
  <puzzle alive="false">
    <issue href="https://github.com/raboley/FantasyAi/issues/16" closed="2021-01-19T04:57:48+00:00">16</issue>
    <ticket>14</ticket>
    <estimate>0</estimate>
    <role>DEV</role>
    <id>14-247f2ec9</id>
    <lines>76-76</lines>
    <body>...</body>
    <file>...</file>
    <author>...</author>
    <email>...</email>
    <time>2020-12-14T14:34:14Z</time>
    <children/>
  </puzzle>
  <puzzle alive="false">
    <issue href="https://github.com/raboley/FantasyAi/issues/19" closed="2020-12-15T04:19:38+00:00">19</issue>
    <ticket>14</ticket>
    <estimate>15</estimate>
    <role>DEV</role>
    <id>14-9fe056df</id>
    <lines>42-42</lines>
    <body>...</body>
    <file>...</file>
    <author>...</author>
    <email>...</email>
    <time>2020-12-15T03:35:47Z</time>
    <children/>
  </puzzle>
  <puzzle alive="false">
    <issue href="https://github.com/raboley/FantasyAi/issues/20" closed="2020-12-16T04:37:08+00:00">20</issue>
    <ticket>14</ticket>
    <estimate>30</estimate>
    <role>DEV</role>
    <id>14-1d963295</id>
    <lines>43-43</lines>
    <body>...</body>
    <file>...</file>
    <author>...</author>
    <email>...</email>
    <time>2020-12-15T03:35:47Z</time>
    <children>
      <puzzle alive="false">
        <issue href="https://github.com/raboley/FantasyAi/issues/25" closed="2020-12-23T21:13:32+00:00">25</issue>
        <ticket>20</ticket>
        <estimate>30</estimate>
        <role>DEV</role>
        <id>20-a331af63</id>
        <lines>11-11</lines>
        <body>...</body>
        <file>...</file>
        <author>...</author>
        <email>...</email>
        <time>2020-12-16T04:36:50Z</time>
        <children/>
      </puzzle>
    </children>
  </puzzle>
  <puzzle alive="false">
    <issue href="https://github.com/raboley/FantasyAi/issues/21" closed="2020-12-15T20:37:40+00:00">21</issue>
    <ticket>14</ticket>
    <estimate>15</estimate>
    <role>DEV</role>
    <id>14-c8fda3a3</id>
    <lines>47-47</lines>
    <body>...</body>
    <file>...</file>
    <author>...</author>
    <email>...</email>
    <time>2020-12-15T03:35:47Z</time>
    <children/>
  </puzzle>
  <puzzle alive="false">
    <issue href="https://github.com/raboley/FantasyAi/issues/28" closed="2020-12-23T21:13:37+00:00">28</issue>
    <ticket>17</ticket>
    <estimate>30</estimate>
    <role>DEV</role>
    <id>17-fabcf825</id>
    <lines>21-21</lines>
    <body>...</body>
    <file>...</file>
    <author>...</author>
    <email>...</email>
    <time>2020-12-16T14:45:18Z</time>
    <children/>
  </puzzle>
  <puzzle alive="false">
    <issue href="https://github.com/raboley/FantasyAi/issues/29" closed="2020-12-30T02:59:31+00:00">29</issue>
    <ticket>26</ticket>
    <estimate>30</estimate>
    <role>DEV</role>
    <id>26-fb3902ed</id>
    <lines>215-215</lines>
    <body>...</body>
    <file>...</file>
    <author>...</author>
    <email>...</email>
    <time>2020-12-16T14:13:26Z</time>
    <children/>
  </puzzle>
  <puzzle alive="false">
    <issue href="https://github.com/raboley/FantasyAi/issues/36" closed="2020-12-23T21:17:31+00:00">36</issue>
    <ticket>33</ticket>
    <estimate>30</estimate>
    <role>DEV</role>
    <id>33-2f0dbe0b</id>
    <lines>7-7</lines>
    <body>...</body>
    <file>...</file>
    <author>...</author>
    <email>...</email>
    <time>2020-12-18T02:17:57Z</time>
    <children/>
  </puzzle>
  <puzzle alive="false">
    <issue href="https://github.com/raboley/FantasyAi/issues/37" closed="2021-01-19T04:56:33+00:00">37</issue>
    <ticket>33</ticket>
    <estimate>60</estimate>
    <role>DEV</role>
    <id>33-9802d4dd</id>
    <lines>99-99</lines>
    <body>...</body>
    <file>...</file>
    <author>...</author>
    <email>...</email>
    <time>2020-12-17T15:44:11Z</time>
    <children>
      <puzzle alive="false">
        <issue href="https://github.com/raboley/FantasyAi/issues/62" closed="2021-01-19T05:00:58+00:00">62</issue>
        <ticket>37</ticket>
        <estimate>15</estimate>
        <role>DEV</role>
        <id>37-abfd8019</id>
        <lines>9-9</lines>
        <body>...</body>
        <file>...</file>
        <author>...</author>
        <email>...</email>
        <time>2021-01-07T15:57:37Z</time>
        <children/>
      </puzzle>
    </children>
  </puzzle>
  <puzzle alive="false">
    <issue href="https://github.com/raboley/FantasyAi/issues/38" closed="2021-01-19T04:56:38+00:00">38</issue>
    <ticket>30</ticket>
    <estimate>30</estimate>
    <role>DEV</role>
    <id>30-8c57d9a7</id>
    <lines>215-215</lines>
    <body>...</body>
    <file>...</file>
    <author>...</author>
    <email>...</email>
    <time>2020-12-17T15:23:05Z</time>
    <children/>
  </puzzle>
  <puzzle alive="false">
    <issue href="https://github.com/raboley/FantasyAi/issues/39" closed="2021-01-20T22:44:28+00:00">39</issue>
    <ticket>33</ticket>
    <estimate>60</estimate>
    <role>DEV</role>
    <id>33-8c92df35</id>
    <lines>230-230</lines>
    <body>...</body>
    <file>...</file>
    <author>...</author>
    <email>...</email>
    <time>2020-12-23T02:37:22Z</time>
    <children/>
  </puzzle>
  <puzzle alive="false">
    <issue href="https://github.com/raboley/FantasyAi/issues/41" closed="2020-12-24T01:33:40+00:00">41</issue>
    <ticket>40</ticket>
    <estimate>30</estimate>
    <role>DEV</role>
    <id>40-ffeaa5d9</id>
    <lines>18-18</lines>
    <body>...</body>
    <file>...</file>
    <author>...</author>
    <email>...</email>
    <time>2020-12-23T21:21:17Z</time>
    <children>
      <puzzle alive="false">
        <issue href="https://github.com/raboley/FantasyAi/issues/45" closed="2020-12-24T01:34:49+00:00">45</issue>
        <ticket>41</ticket>
        <estimate>15</estimate>
        <role>DEV</role>
        <id>41-06c1f30d</id>
        <lines>52-52</lines>
        <body>...</body>
        <file>...</file>
        <author>...</author>
        <email>...</email>
        <time>2020-12-23T23:17:57Z</time>
        <children/>
      </puzzle>
    </children>
  </puzzle>
  <puzzle alive="false">
    <issue href="https://github.com/raboley/FantasyAi/issues/42" closed="2020-12-30T02:59:36+00:00">42</issue>
    <ticket>40</ticket>
    <estimate>30</estimate>
    <role>DEV</role>
    <id>40-9b856b9a</id>
    <lines>21-21</lines>
    <body>...</body>
    <file>...</file>
    <author>...</author>
    <email>...</email>
    <time>2020-12-23T21:21:17Z</time>
    <children/>
  </puzzle>
  <puzzle alive="false">
    <issue href="https://github.com/raboley/FantasyAi/issues/43" closed="2020-12-30T02:59:40+00:00">43</issue>
    <ticket>40</ticket>
    <estimate>60</estimate>
    <role>DEV</role>
    <id>40-39ff26d2</id>
    <lines>23-23</lines>
    <body>...</body>
    <file>...</file>
    <author>...</author>
    <email>...</email>
    <time>2020-12-23T21:21:17Z</time>
    <children/>
  </puzzle>
  <puzzle alive="false">
    <issue href="https://github.com/raboley/FantasyAi/issues/50" closed="2020-12-30T03:05:02+00:00">50</issue>
    <ticket>40</ticket>
    <estimate>60</estimate>
    <role>DEV</role>
    <id>40-f5201384</id>
    <lines>172-172</lines>
    <body>...</body>
    <file>...</file>
    <author>...</author>
    <email>...</email>
    <time>2020-12-29T00:32:03Z</time>
    <children/>
  </puzzle>
  <puzzle alive="false">
    <issue href="https://github.com/raboley/FantasyAi/issues/51" closed="2021-01-20T22:01:50+00:00">51</issue>
    <ticket>48</ticket>
    <estimate>60</estimate>
    <role>DEV</role>
    <id>48-f5201384</id>
    <lines>172-172</lines>
    <body>...</body>
    <file>...</file>
    <author>...</author>
    <email>...</email>
    <time>2020-12-30T03:04:33Z</time>
    <children/>
  </puzzle>
  <puzzle alive="true">
    <issue href="https://github.com/raboley/FantasyAi/issues/52">52</issue>
    <ticket>40</ticket>
    <estimate>30</estimate>
    <role>DEV</role>
    <id>40-ba19f1c0</id>
    <lines>88-88</lines>
    <body>...</body>
    <file>...</file>
    <author>...</author>
    <email>...</email>
    <time>2020-12-30T03:07:48Z</time>
    <children/>
  </puzzle>
  <puzzle alive="false">
    <issue href="https://github.com/raboley/FantasyAi/issues/54" closed="2021-01-01T00:29:05+00:00">54</issue>
    <ticket>53</ticket>
    <estimate>60</estimate>
    <role>DEV</role>
    <id>53-fc620879</id>
    <lines>133-133</lines>
    <body>...</body>
    <file>...</file>
    <author>...</author>
    <email>...</email>
    <time>2020-12-30T14:56:38Z</time>
    <children/>
  </puzzle>
  <puzzle alive="false">
    <issue href="https://github.com/raboley/FantasyAi/issues/65" closed="2021-01-25T01:05:57+00:00">65</issue>
    <ticket>64</ticket>
    <estimate>30</estimate>
    <role>DEV</role>
    <id>64-e0376e70</id>
    <lines>84-84</lines>
    <body>...</body>
    <file>...</file>
    <author>...</author>
    <email>...</email>
    <time>2021-01-24T23:45:54Z</time>
    <children/>
  </puzzle>
  <puzzle alive="false">
    <issue href="https://github.com/raboley/FantasyAi/issues/74" closed="2021-02-02T01:49:37+00:00">74</issue>
    <ticket>72</ticket>
    <estimate>30</estimate>
    <role>DEV</role>
    <id>72-d0e8271a</id>
    <lines>443-443</lines>
    <body>...</body>
    <file>...</file>
    <author>...</author>
    <email>...</email>
    <time>2021-01-30T19:54:48Z</time>
    <children/>
  </puzzle>
  <puzzle alive="false">
    <issue href="https://github.com/raboley/FantasyAi/issues/75" closed="2021-02-02T01:49:41+00:00">75</issue>
    <ticket>71</ticket>
    <estimate>30</estimate>
    <role>DEV</role>
    <id>71-2e7e3695</id>
    <lines>49-49</lines>
    <body>...</body>
    <file>...</file>
    <author>...</author>
    <email>...</email>
    <time>2021-01-30T19:54:48Z</time>
    <children/>
  </puzzle>
  <puzzle alive="false">
    <issue href="https://github.com/raboley/FantasyAi/issues/76" closed="2021-02-02T01:49:46+00:00">76</issue>
    <ticket>71</ticket>
    <estimate>30</estimate>
    <role>DEV</role>
    <id>71-2066fefb</id>
    <lines>83-83</lines>
    <body>...</body>
    <file>...</file>
    <author>...</author>
    <email>...</email>
    <time>2021-01-30T19:54:48Z</time>
    <children/>
  </puzzle>
  <puzzle alive="true">
    <issue href="https://github.com/raboley/FantasyAi/issues/83">83</issue>
    <ticket>79</ticket>
    <estimate>30</estimate>
    <role>DEV</role>
    <id>79-95fdba21</id>
    <lines>42-42</lines>
    <body>...</body>
    <file>...</file>
    <author>...</author>
    <email>...</email>
    <time>2021-02-02T18:44:31Z</time>
    <children/>
  </puzzle>
  <puzzle alive="false">
    <issue href="https://github.com/raboley/FantasyAi/issues/84" closed="2021-02-13T21:10:07+00:00">84</issue>
    <ticket>82</ticket>
    <estimate>60</estimate>
    <role>DEV</role>
    <id>82-13af3a1d</id>
    <lines>17-17</lines>
    <body>...</body>
    <file>...</file>
    <author>...</author>
    <email>...</email>
    <time>2021-02-08T01:45:28Z</time>
    <children/>
  </puzzle>
  <puzzle alive="true">
    <issue href="https://github.com/raboley/FantasyAi/issues/85">85</issue>
    <ticket>82</ticket>
    <estimate>15</estimate>
    <role>DEV</role>
    <id>82-14976437</id>
    <lines>20-20</lines>
    <body>...</body>
    <file>...</file>
    <author>...</author>
    <email>...</email>
    <time>2021-02-08T01:45:28Z</time>
    <children/>
  </puzzle>
  <puzzle alive="false">
    <issue href="https://github.com/raboley/FantasyAi/issues/86" closed="2021-02-13T21:10:12+00:00">86</issue>
    <ticket>82</ticket>
    <estimate>60</estimate>
    <role>DEV</role>
    <id>82-e1a3a9c0</id>
    <lines>40-40</lines>
    <body>...</body>
    <file>...</file>
    <author>...</author>
    <email>...</email>
    <time>2021-02-08T01:45:28Z</time>
    <children/>
  </puzzle>
</puzzles>
