<?xml version="1.0"?>
<puzzles xmlns:xsi="http://www.w3.org/2001/XMLSchema-instance" xsi:noNamespaceSchemaLocation="http://www.0pdd.com/puzzles.xsd" date="2021-07-14T16:02:41+00:00" version="0.30.23">
  <puzzle alive="true">
    <issue href="https://github.com/AlvarezNunez/demo_pdd/issues/2">2</issue>
    <ticket>1</ticket>
    <estimate>0</estimate>
    <role>DEV</role>
    <id>1-c4c48bfd</id>
    <lines>7-7</lines>
    <body>...</body>
    <file>...</file>
    <author>...</author>
    <email>...</email>
    <time>2021-07-14T12:53:51Z</time>
    <children/>
  </puzzle>
  <puzzle alive="true">
    <issue href="https://github.com/AlvarezNunez/demo_pdd/issues/3">3</issue>
    <ticket>1</ticket>
    <estimate>0</estimate>
    <role>DEV</role>
    <id>1-7a33a935</id>
    <lines>8-8</lines>
    <body>...</body>
    <file>...</file>
    <author>...</author>
    <email>...</email>
    <time>2021-07-14T12:53:51Z</time>
    <children>
      <puzzle alive="true">
        <ticket>3</ticket>
        <estimate>60</estimate>
        <role>DEV</role>
        <id>3-ef66cb2d</id>
        <lines>1-1</lines>
        <body>...</body>
        <file>...</file>
        <author>...</author>
        <email>...</email>
        <time>2021-07-14T16:02:34Z</time>
        <children/>
        <issue href="https://github.com/AlvarezNunez/demo_pdd/issues/5">5</issue>
      </puzzle>
    </children>
  </puzzle>
  <puzzle alive="true">
    <issue href="https://github.com/AlvarezNunez/demo_pdd/issues/4">4</issue>
    <ticket>1</ticket>
    <estimate>0</estimate>
    <role>DEV</role>
    <id>1-79d667e8</id>
    <lines>9-9</lines>
    <body>...</body>
    <file>...</file>
    <author>...</author>
    <email>...</email>
    <time>2021-07-14T12:53:51Z</time>
    <children/>
  </puzzle>
</puzzles>
