<?xml version="1.0"?>
<puzzles xmlns:xsi="http://www.w3.org/2001/XMLSchema-instance" xsi:noNamespaceSchemaLocation="http://www.0pdd.com/puzzles.xsd" date="2020-05-23T14:24:53+00:00" version="0.30.21">
  <puzzle alive="false">
    <issue href="https://github.com/cesarsotovalero/cesarsotovalero.github.io/issues/10" closed="2020-01-04T09:37:49+00:00">10</issue>
    <ticket>1</ticket>
    <estimate>5</estimate>
    <role>DEV</role>
    <id>1-26405f6d</id>
    <lines>10-10</lines>
    <body>...</body>
    <file>...</file>
    <author>...</author>
    <email>...</email>
    <time>2020-01-03T23:10:15Z</time>
    <children/>
  </puzzle>
  <puzzle alive="false">
    <issue href="https://github.com/cesarsotovalero/cesarsotovalero.github.io/issues/11" closed="2020-01-05T11:42:43+00:00">11</issue>
    <ticket>2</ticket>
    <estimate>60</estimate>
    <role>DEV</role>
    <id>2-cdd99f37</id>
    <lines>14-14</lines>
    <body>...</body>
    <file>...</file>
    <author>...</author>
    <email>...</email>
    <time>2020-01-03T23:23:49Z</time>
    <children/>
  </puzzle>
  <puzzle alive="true">
    <issue href="https://github.com/cesarsotovalero/cesarsotovalero.github.io/issues/16">16</issue>
    <ticket>19</ticket>
    <estimate>0</estimate>
    <role>DEV</role>
    <id>19-72d5eaa1</id>
    <lines>19-19</lines>
    <body>...</body>
    <file>...</file>
    <author>...</author>
    <email>...</email>
    <time>2020-03-23T08:50:49Z</time>
    <children/>
  </puzzle>
  <puzzle alive="true">
    <issue>unknown</issue>
    <ticket>15</ticket>
    <estimate>60</estimate>
    <role>DEV</role>
    <id>15-e86d83ce</id>
    <lines>11-11</lines>
    <body>...</body>
    <file>...</file>
    <author>...</author>
    <email>...</email>
    <time>2020-03-04T11:00:51Z</time>
    <children/>
  </puzzle>
  <puzzle alive="true">
    <issue>unknown</issue>
    <ticket>15</ticket>
    <estimate>1</estimate>
    <role>DEV</role>
    <id>15-c54ebede</id>
    <lines>11-11</lines>
    <body>...</body>
    <file>...</file>
    <author>...</author>
    <email>...</email>
    <time>2020-03-04T11:00:51Z</time>
    <children/>
  </puzzle>
  <puzzle alive="false">
    <issue>unknown</issue>
    <ticket>13</ticket>
    <estimate>0</estimate>
    <role>DEV</role>
    <id>13-4e8826a1</id>
    <lines>13-13</lines>
    <body>...</body>
    <file>...</file>
    <author>...</author>
    <email>...</email>
    <time>2020-03-23T10:11:09Z</time>
    <children/>
  </puzzle>
</puzzles>
