<?xml version="1.0"?>
<puzzles xmlns:xsi="http://www.w3.org/2001/XMLSchema-instance" xsi:noNamespaceSchemaLocation="http://www.0pdd.com/puzzles.xsd" date="2020-07-26T23:28:49+00:00" version="0.30.21">
  <puzzle alive="false">
    <issue href="https://github.com/EnigmaDragons/ProjectNeon/issues/39" closed="2019-09-11T01:30:50+00:00">39</issue>
    <ticket>6</ticket>
    <estimate>15</estimate>
    <role>DEV</role>
    <id>6-381251cb</id>
    <lines>5-6</lines>
    <body>...</body>
    <file>...</file>
    <author>...</author>
    <email>...</email>
    <time>2019-09-10T21:44:22Z</time>
    <children/>
  </puzzle>
  <puzzle alive="true">
    <issue href="https://github.com/EnigmaDragons/ProjectNeon/issues/40">40</issue>
    <ticket>6</ticket>
    <estimate>15</estimate>
    <role>DEV</role>
    <id>6-97d39b79</id>
    <lines>7-7</lines>
    <body>...</body>
    <file>...</file>
    <author>...</author>
    <email>...</email>
    <time>2019-09-10T21:44:22Z</time>
    <children/>
  </puzzle>
  <puzzle alive="false">
    <issue href="https://github.com/EnigmaDragons/ProjectNeon/issues/41" closed="2019-09-15T06:53:44+00:00">41</issue>
    <ticket>6</ticket>
    <estimate>15</estimate>
    <role>DEV</role>
    <id>6-db9ec73d</id>
    <lines>8-8</lines>
    <body>...</body>
    <file>...</file>
    <author>...</author>
    <email>...</email>
    <time>2019-09-10T21:44:22Z</time>
    <children/>
  </puzzle>
  <puzzle alive="false">
    <issue href="https://github.com/EnigmaDragons/ProjectNeon/issues/47" closed="2019-09-15T06:53:46+00:00">47</issue>
    <ticket>7</ticket>
    <estimate>15</estimate>
    <role>DEV</role>
    <id>7-f9d55879</id>
    <lines>5-5</lines>
    <body>...</body>
    <file>...</file>
    <author>...</author>
    <email>...</email>
    <time>2019-09-11T04:37:14Z</time>
    <children/>
  </puzzle>
  <puzzle alive="false">
    <issue href="https://github.com/EnigmaDragons/ProjectNeon/issues/48" closed="2019-09-15T06:53:48+00:00">48</issue>
    <ticket>7</ticket>
    <estimate>15</estimate>
    <role>DEV</role>
    <id>7-e815ea3f</id>
    <lines>6-6</lines>
    <body>...</body>
    <file>...</file>
    <author>...</author>
    <email>...</email>
    <time>2019-09-11T04:37:14Z</time>
    <children/>
  </puzzle>
  <puzzle alive="false">
    <issue href="https://github.com/EnigmaDragons/ProjectNeon/issues/49" closed="2019-09-15T06:53:50+00:00">49</issue>
    <ticket>7</ticket>
    <estimate>15</estimate>
    <role>DEV</role>
    <id>7-936c3be5</id>
    <lines>7-7</lines>
    <body>...</body>
    <file>...</file>
    <author>...</author>
    <email>...</email>
    <time>2019-09-11T04:37:14Z</time>
    <children/>
  </puzzle>
  <puzzle alive="false">
    <issue href="https://github.com/EnigmaDragons/ProjectNeon/issues/72" closed="2019-09-17T00:56:18+00:00">72</issue>
    <ticket>65</ticket>
    <estimate>15</estimate>
    <role>DEV</role>
    <id>65-64810ef3</id>
    <lines>14-14</lines>
    <body>...</body>
    <file>...</file>
    <author>...</author>
    <email>...</email>
    <time>2019-09-14T01:39:31Z</time>
    <children/>
  </puzzle>
  <puzzle alive="false">
    <issue href="https://github.com/EnigmaDragons/ProjectNeon/issues/78" closed="2019-09-17T07:37:32+00:00">78</issue>
    <ticket>30</ticket>
    <estimate>15</estimate>
    <role>DEV</role>
    <id>30-a4f0a200</id>
    <lines>25-25</lines>
    <body>...</body>
    <file>...</file>
    <author>...</author>
    <email>...</email>
    <time>2019-09-15T05:58:46Z</time>
    <children/>
  </puzzle>
  <puzzle alive="false">
    <issue href="https://github.com/EnigmaDragons/ProjectNeon/issues/79" closed="2020-07-26T01:25:19+00:00">79</issue>
    <ticket>30</ticket>
    <estimate>30</estimate>
    <role>DEV</role>
    <id>30-89f0f0f5</id>
    <lines>27-27</lines>
    <body>...</body>
    <file>...</file>
    <author>...</author>
    <email>...</email>
    <time>2019-09-15T05:58:46Z</time>
    <children/>
  </puzzle>
  <puzzle alive="false">
    <issue href="https://github.com/EnigmaDragons/ProjectNeon/issues/80" closed="2019-10-01T05:44:38+00:00">80</issue>
    <ticket>30</ticket>
    <estimate>15</estimate>
    <role>DEV</role>
    <id>30-acf40236</id>
    <lines>29-29</lines>
    <body>...</body>
    <file>...</file>
    <author>...</author>
    <email>...</email>
    <time>2019-09-15T05:58:46Z</time>
    <children/>
  </puzzle>
  <puzzle alive="false">
    <issue href="https://github.com/EnigmaDragons/ProjectNeon/issues/81" closed="2019-09-18T05:22:04+00:00">81</issue>
    <ticket>30</ticket>
    <estimate>10</estimate>
    <role>DEV</role>
    <id>30-912c1aaf</id>
    <lines>7-7</lines>
    <body>...</body>
    <file>...</file>
    <author>...</author>
    <email>...</email>
    <time>2019-09-15T05:56:08Z</time>
    <children/>
  </puzzle>
  <puzzle alive="false">
    <issue href="https://github.com/EnigmaDragons/ProjectNeon/issues/84" closed="2019-10-10T01:18:45+00:00">84</issue>
    <ticket>31</ticket>
    <estimate>30</estimate>
    <role>DEV</role>
    <id>31-3fc792ea</id>
    <lines>6-6</lines>
    <body>...</body>
    <file>...</file>
    <author>...</author>
    <email>...</email>
    <time>2019-09-15T06:50:24Z</time>
    <children/>
  </puzzle>
  <puzzle alive="false">
    <issue href="https://github.com/EnigmaDragons/ProjectNeon/issues/85" closed="2019-10-10T01:18:46+00:00">85</issue>
    <ticket>31</ticket>
    <estimate>30</estimate>
    <role>DEV</role>
    <id>31-dbeafccb</id>
    <lines>7-7</lines>
    <body>...</body>
    <file>...</file>
    <author>...</author>
    <email>...</email>
    <time>2019-09-15T06:50:24Z</time>
    <children/>
  </puzzle>
  <puzzle alive="false">
    <issue href="https://github.com/EnigmaDragons/ProjectNeon/issues/86" closed="2019-09-15T07:36:38+00:00">86</issue>
    <ticket>31</ticket>
    <estimate>15</estimate>
    <role>DEV</role>
    <id>31-f5691d5e</id>
    <lines>8-8</lines>
    <body>...</body>
    <file>...</file>
    <author>...</author>
    <email>...</email>
    <time>2019-09-15T06:53:37Z</time>
    <children/>
  </puzzle>
  <puzzle alive="false">
    <issue href="https://github.com/EnigmaDragons/ProjectNeon/issues/102" closed="2019-10-10T01:18:47+00:00">102</issue>
    <ticket>1</ticket>
    <estimate>15</estimate>
    <role>DEV</role>
    <id>1-5dd07971</id>
    <lines>8-8</lines>
    <body>...</body>
    <file>...</file>
    <author>...</author>
    <email>...</email>
    <time>2019-09-17T01:02:40Z</time>
    <children/>
  </puzzle>
  <puzzle alive="false">
    <issue href="https://github.com/EnigmaDragons/ProjectNeon/issues/103" closed="2019-09-21T21:20:11+00:00">103</issue>
    <ticket>1</ticket>
    <estimate>30</estimate>
    <role>DEV</role>
    <id>1-1504dc6a</id>
    <lines>9-9</lines>
    <body>...</body>
    <file>...</file>
    <author>...</author>
    <email>...</email>
    <time>2019-09-17T01:02:40Z</time>
    <children/>
  </puzzle>
  <puzzle alive="false">
    <issue href="https://github.com/EnigmaDragons/ProjectNeon/issues/109" closed="2019-09-19T00:56:41+00:00">109</issue>
    <ticket>28</ticket>
    <estimate>15</estimate>
    <role>DEV</role>
    <id>28-57f60114</id>
    <lines>14-14</lines>
    <body>...</body>
    <file>...</file>
    <author>...</author>
    <email>...</email>
    <time>2019-09-17T03:09:53Z</time>
    <children/>
  </puzzle>
  <puzzle alive="false">
    <issue href="https://github.com/EnigmaDragons/ProjectNeon/issues/112" closed="2019-09-19T02:01:18+00:00">112</issue>
    <ticket>90</ticket>
    <estimate>30</estimate>
    <role>DEV</role>
    <id>90-70ccf5b2</id>
    <lines>5-5</lines>
    <body>...</body>
    <file>...</file>
    <author>...</author>
    <email>...</email>
    <time>2019-09-17T07:37:20Z</time>
    <children/>
  </puzzle>
  <puzzle alive="false">
    <issue href="https://github.com/EnigmaDragons/ProjectNeon/issues/115" closed="2019-09-19T00:56:43+00:00">115</issue>
    <ticket>29</ticket>
    <estimate>5</estimate>
    <role>DEV</role>
    <id>29-0112573d</id>
    <lines>26-28</lines>
    <body>...</body>
    <file>...</file>
    <author>...</author>
    <email>...</email>
    <time>2019-09-17T18:49:45Z</time>
    <children/>
  </puzzle>
  <puzzle alive="true">
    <issue href="https://github.com/EnigmaDragons/ProjectNeon/issues/119">119</issue>
    <ticket>52</ticket>
    <estimate>30</estimate>
    <role>DEV</role>
    <id>52-6065c661</id>
    <lines>22-22</lines>
    <body>...</body>
    <file>...</file>
    <author>...</author>
    <email>...</email>
    <time>2019-09-18T00:55:02Z</time>
    <children/>
  </puzzle>
  <puzzle alive="false">
    <issue href="https://github.com/EnigmaDragons/ProjectNeon/issues/120" closed="2019-09-19T00:56:44+00:00">120</issue>
    <ticket>52</ticket>
    <estimate>15</estimate>
    <role>DEV</role>
    <id>52-9b90bd88</id>
    <lines>25-27</lines>
    <body>...</body>
    <file>...</file>
    <author>...</author>
    <email>...</email>
    <time>2019-09-18T00:55:02Z</time>
    <children/>
  </puzzle>
  <puzzle alive="false">
    <issue href="https://github.com/EnigmaDragons/ProjectNeon/issues/130" closed="2019-09-30T19:13:08+00:00">130</issue>
    <ticket>125</ticket>
    <estimate>15</estimate>
    <role>DEV</role>
    <id>125-3109d1f9</id>
    <lines>11-11</lines>
    <body>...</body>
    <file>...</file>
    <author>...</author>
    <email>...</email>
    <time>2019-09-19T00:56:29Z</time>
    <children/>
  </puzzle>
  <puzzle alive="false">
    <issue href="https://github.com/EnigmaDragons/ProjectNeon/issues/141" closed="2019-09-20T05:52:59+00:00">141</issue>
    <ticket>1</ticket>
    <estimate>10</estimate>
    <role>DEV</role>
    <id>1-a7548459</id>
    <lines>7-7</lines>
    <body>...</body>
    <file>...</file>
    <author>...</author>
    <email>...</email>
    <time>2019-09-20T03:55:51Z</time>
    <children>
      <puzzle alive="false">
        <issue href="https://github.com/EnigmaDragons/ProjectNeon/issues/272" closed="2019-10-04T02:12:36+00:00">272</issue>
        <ticket>141</ticket>
        <estimate>0</estimate>
        <role>DEV</role>
        <id>141-9f2174f9</id>
        <lines>7-7</lines>
        <body>...</body>
        <file>...</file>
        <author>...</author>
        <email>...</email>
        <time>2019-10-02T17:15:31Z</time>
        <children/>
      </puzzle>
      <puzzle alive="false">
        <issue href="https://github.com/EnigmaDragons/ProjectNeon/issues/273" closed="2019-10-04T02:12:38+00:00">273</issue>
        <ticket>141</ticket>
        <estimate>0</estimate>
        <role>DEV</role>
        <id>141-d78edd60</id>
        <lines>8-8</lines>
        <body>...</body>
        <file>...</file>
        <author>...</author>
        <email>...</email>
        <time>2019-10-02T17:15:31Z</time>
        <children/>
      </puzzle>
      <puzzle alive="false">
        <issue href="https://github.com/EnigmaDragons/ProjectNeon/issues/286" closed="2019-10-25T16:50:58+00:00">286</issue>
        <ticket>141</ticket>
        <estimate>0</estimate>
        <role>DEV</role>
        <id>141-bc72627f</id>
        <lines>34-34</lines>
        <body>...</body>
        <file>...</file>
        <author>...</author>
        <email>...</email>
        <time>2019-10-04T02:12:27Z</time>
        <children/>
      </puzzle>
    </children>
  </puzzle>
  <puzzle alive="false">
    <issue href="https://github.com/EnigmaDragons/ProjectNeon/issues/142" closed="2019-09-30T02:43:08+00:00">142</issue>
    <ticket>1</ticket>
    <estimate>10</estimate>
    <role>DEV</role>
    <id>1-d60e1d36</id>
    <lines>10-10</lines>
    <body>...</body>
    <file>...</file>
    <author>...</author>
    <email>...</email>
    <time>2019-09-20T03:55:51Z</time>
    <children/>
  </puzzle>
  <puzzle alive="false">
    <issue href="https://github.com/EnigmaDragons/ProjectNeon/issues/143" closed="2019-09-20T05:45:43+00:00">143</issue>
    <ticket>1</ticket>
    <estimate>10</estimate>
    <role>DEV</role>
    <id>1-6bb15ff3</id>
    <lines>6-6</lines>
    <body>...</body>
    <file>...</file>
    <author>...</author>
    <email>...</email>
    <time>2019-09-20T03:55:51Z</time>
    <children/>
  </puzzle>
  <puzzle alive="false">
    <issue href="https://github.com/EnigmaDragons/ProjectNeon/issues/144" closed="2019-09-20T05:45:44+00:00">144</issue>
    <ticket>1</ticket>
    <estimate>10</estimate>
    <role>DEV</role>
    <id>1-46be98b3</id>
    <lines>5-5</lines>
    <body>...</body>
    <file>...</file>
    <author>...</author>
    <email>...</email>
    <time>2019-09-20T03:55:51Z</time>
    <children/>
  </puzzle>
  <puzzle alive="false">
    <issue href="https://github.com/EnigmaDragons/ProjectNeon/issues/145" closed="2019-10-11T03:03:10+00:00">145</issue>
    <ticket>1</ticket>
    <estimate>10</estimate>
    <role>DEV</role>
    <id>1-59281c3f</id>
    <lines>5-5</lines>
    <body>...</body>
    <file>...</file>
    <author>...</author>
    <email>...</email>
    <time>2019-09-20T03:55:51Z</time>
    <children/>
  </puzzle>
  <puzzle alive="false">
    <issue href="https://github.com/EnigmaDragons/ProjectNeon/issues/147" closed="2019-10-10T23:24:23+00:00">147</issue>
    <ticket>1</ticket>
    <estimate>30</estimate>
    <role>DEV</role>
    <id>1-291ad423</id>
    <lines>36-36</lines>
    <body>...</body>
    <file>...</file>
    <author>...</author>
    <email>...</email>
    <time>2019-09-20T05:32:23Z</time>
    <children/>
  </puzzle>
  <puzzle alive="false">
    <issue href="https://github.com/EnigmaDragons/ProjectNeon/issues/148" closed="2019-09-26T19:39:21+00:00">148</issue>
    <ticket>1</ticket>
    <estimate>30</estimate>
    <role>DEV</role>
    <id>1-063bd082</id>
    <lines>48-48</lines>
    <body>...</body>
    <file>...</file>
    <author>...</author>
    <email>...</email>
    <time>2019-09-20T05:32:23Z</time>
    <children/>
  </puzzle>
  <puzzle alive="false">
    <issue href="https://github.com/EnigmaDragons/ProjectNeon/issues/149" closed="2019-09-30T02:43:09+00:00">149</issue>
    <ticket>1</ticket>
    <estimate>30</estimate>
    <role>DEV</role>
    <id>1-e3c83eb8</id>
    <lines>49-49</lines>
    <body>...</body>
    <file>...</file>
    <author>...</author>
    <email>...</email>
    <time>2019-09-20T05:32:23Z</time>
    <children/>
  </puzzle>
  <puzzle alive="false">
    <issue href="https://github.com/EnigmaDragons/ProjectNeon/issues/159" closed="2020-07-26T23:28:49+00:00">159</issue>
    <ticket>1</ticket>
    <estimate>30</estimate>
    <role>DEV</role>
    <id>1-dc32693b</id>
    <lines>13-13</lines>
    <body>...</body>
    <file>...</file>
    <author>...</author>
    <email>...</email>
    <time>2019-09-20T07:01:48Z</time>
    <children/>
  </puzzle>
  <puzzle alive="false">
    <issue href="https://github.com/EnigmaDragons/ProjectNeon/issues/166" closed="2019-10-10T01:18:49+00:00">166</issue>
    <ticket>1</ticket>
    <estimate>30</estimate>
    <role>DEV</role>
    <id>1-a2e62cb4</id>
    <lines>9-9</lines>
    <body>...</body>
    <file>...</file>
    <author>...</author>
    <email>...</email>
    <time>2019-09-21T21:20:00Z</time>
    <children/>
  </puzzle>
  <puzzle alive="true">
    <issue href="https://github.com/EnigmaDragons/ProjectNeon/issues/167">167</issue>
    <ticket>1</ticket>
    <estimate>20</estimate>
    <role>DEV</role>
    <id>1-4d1459e0</id>
    <lines>10-10</lines>
    <body>...</body>
    <file>...</file>
    <author>...</author>
    <email>...</email>
    <time>2019-09-21T21:20:00Z</time>
    <children/>
  </puzzle>
  <puzzle alive="true">
    <issue href="https://github.com/EnigmaDragons/ProjectNeon/issues/170">170</issue>
    <ticket>1</ticket>
    <estimate>15</estimate>
    <role>DEV</role>
    <id>1-1643e10c</id>
    <lines>8-8</lines>
    <body>...</body>
    <file>...</file>
    <author>...</author>
    <email>...</email>
    <time>2019-09-21T23:58:05Z</time>
    <children/>
  </puzzle>
  <puzzle alive="false">
    <issue href="https://github.com/EnigmaDragons/ProjectNeon/issues/185" closed="2019-09-26T19:39:23+00:00">185</issue>
    <ticket>1</ticket>
    <estimate>30</estimate>
    <role>DEV</role>
    <id>1-5a608957</id>
    <lines>5-5</lines>
    <body>...</body>
    <file>...</file>
    <author>...</author>
    <email>...</email>
    <time>2019-09-24T06:25:41Z</time>
    <children/>
  </puzzle>
  <puzzle alive="false">
    <issue href="https://github.com/EnigmaDragons/ProjectNeon/issues/186" closed="2019-10-04T03:08:12+00:00">186</issue>
    <ticket>54</ticket>
    <estimate>30</estimate>
    <role>DEV</role>
    <id>54-68849699</id>
    <lines>11-11</lines>
    <body>...</body>
    <file>...</file>
    <author>...</author>
    <email>...</email>
    <time>2019-09-24T06:25:41Z</time>
    <children/>
  </puzzle>
  <puzzle alive="false">
    <issue href="https://github.com/EnigmaDragons/ProjectNeon/issues/187" closed="2019-09-26T19:39:25+00:00">187</issue>
    <ticket>54</ticket>
    <estimate>30</estimate>
    <role>DEV</role>
    <id>54-5139edfc</id>
    <lines>9-9</lines>
    <body>...</body>
    <file>...</file>
    <author>...</author>
    <email>...</email>
    <time>2019-09-24T06:31:56Z</time>
    <children/>
  </puzzle>
  <puzzle alive="false">
    <issue href="https://github.com/EnigmaDragons/ProjectNeon/issues/191" closed="2019-09-26T19:39:27+00:00">191</issue>
    <ticket>55</ticket>
    <estimate>30</estimate>
    <role>DEV</role>
    <id>55-ec5d4d31</id>
    <lines>12-13</lines>
    <body>...</body>
    <file>...</file>
    <author>...</author>
    <email>...</email>
    <time>2019-09-24T17:17:21Z</time>
    <children/>
  </puzzle>
  <puzzle alive="false">
    <issue href="https://github.com/EnigmaDragons/ProjectNeon/issues/192" closed="2019-09-26T19:39:30+00:00">192</issue>
    <ticket>55</ticket>
    <estimate>30</estimate>
    <role>DEV</role>
    <id>55-ed498e59</id>
    <lines>4-8</lines>
    <body>...</body>
    <file>...</file>
    <author>...</author>
    <email>...</email>
    <time>2019-09-24T17:17:21Z</time>
    <children/>
  </puzzle>
  <puzzle alive="false">
    <issue href="https://github.com/EnigmaDragons/ProjectNeon/issues/193" closed="2019-09-26T19:39:31+00:00">193</issue>
    <ticket>55</ticket>
    <estimate>30</estimate>
    <role>DEV</role>
    <id>55-0d6ba60f</id>
    <lines>15-17</lines>
    <body>...</body>
    <file>...</file>
    <author>...</author>
    <email>...</email>
    <time>2019-09-24T17:17:21Z</time>
    <children/>
  </puzzle>
  <puzzle alive="false">
    <issue href="https://github.com/EnigmaDragons/ProjectNeon/issues/195" closed="2019-09-26T19:39:34+00:00">195</issue>
    <ticket>190</ticket>
    <estimate>30</estimate>
    <role>DEV</role>
    <id>190-6706b496</id>
    <lines>14-15</lines>
    <body>...</body>
    <file>...</file>
    <author>...</author>
    <email>...</email>
    <time>2019-09-24T23:49:15Z</time>
    <children/>
  </puzzle>
  <puzzle alive="false">
    <issue href="https://github.com/EnigmaDragons/ProjectNeon/issues/204" closed="2019-10-02T22:01:25+00:00">204</issue>
    <ticket>1</ticket>
    <estimate>30</estimate>
    <role>DEV</role>
    <id>1-bb43c585</id>
    <lines>5-5</lines>
    <body>...</body>
    <file>...</file>
    <author>...</author>
    <email>...</email>
    <time>2019-09-26T19:39:10Z</time>
    <children/>
  </puzzle>
  <puzzle alive="false">
    <issue href="https://github.com/EnigmaDragons/ProjectNeon/issues/205" closed="2019-09-28T05:19:36+00:00">205</issue>
    <ticket>1</ticket>
    <estimate>15</estimate>
    <role>DEV</role>
    <id>1-5091fbb9</id>
    <lines>50-50</lines>
    <body>...</body>
    <file>...</file>
    <author>...</author>
    <email>...</email>
    <time>2019-09-26T19:39:10Z</time>
    <children/>
  </puzzle>
  <puzzle alive="false">
    <issue href="https://github.com/EnigmaDragons/ProjectNeon/issues/206" closed="2019-09-28T03:19:05+00:00">206</issue>
    <ticket>1</ticket>
    <estimate>30</estimate>
    <role>DEV</role>
    <id>1-561318d4</id>
    <lines>17-17</lines>
    <body>...</body>
    <file>...</file>
    <author>...</author>
    <email>...</email>
    <time>2019-09-26T19:39:10Z</time>
    <children/>
  </puzzle>
  <puzzle alive="false">
    <issue href="https://github.com/EnigmaDragons/ProjectNeon/issues/207" closed="2019-09-26T21:49:42+00:00">207</issue>
    <ticket>1</ticket>
    <estimate>15</estimate>
    <role>DEV</role>
    <id>1-fbf7b564</id>
    <lines>18-18</lines>
    <body>...</body>
    <file>...</file>
    <author>...</author>
    <email>...</email>
    <time>2019-09-26T19:39:10Z</time>
    <children>
      <puzzle alive="false">
        <issue href="https://github.com/EnigmaDragons/ProjectNeon/issues/211" closed="2020-01-07T06:11:31+00:00">211</issue>
        <ticket>207</ticket>
        <estimate>30</estimate>
        <role>DEV</role>
        <id>207-39280bde</id>
        <lines>50-51</lines>
        <body>...</body>
        <file>...</file>
        <author>...</author>
        <email>...</email>
        <time>2019-09-26T21:49:32Z</time>
        <children/>
      </puzzle>
      <puzzle alive="false">
        <issue href="https://github.com/EnigmaDragons/ProjectNeon/issues/212" closed="2019-10-24T00:13:02+00:00">212</issue>
        <ticket>207</ticket>
        <estimate>30</estimate>
        <role>DEV</role>
        <id>207-45902ab0</id>
        <lines>22-25</lines>
        <body>...</body>
        <file>...</file>
        <author>...</author>
        <email>...</email>
        <time>2019-09-26T21:49:32Z</time>
        <children/>
      </puzzle>
    </children>
  </puzzle>
  <puzzle alive="false">
    <issue href="https://github.com/EnigmaDragons/ProjectNeon/issues/232" closed="2019-09-30T03:04:44+00:00">232</issue>
    <ticket>1</ticket>
    <estimate>10</estimate>
    <role>DEV</role>
    <id>1-05aa0c81</id>
    <lines>24-24</lines>
    <body>...</body>
    <file>...</file>
    <author>...</author>
    <email>...</email>
    <time>2019-09-30T02:42:57Z</time>
    <children/>
  </puzzle>
  <puzzle alive="false">
    <issue href="https://github.com/EnigmaDragons/ProjectNeon/issues/233" closed="2019-10-01T04:53:32+00:00">233</issue>
    <ticket>1</ticket>
    <estimate>15</estimate>
    <role>DEV</role>
    <id>1-ecd0ab92</id>
    <lines>9-9</lines>
    <body>...</body>
    <file>...</file>
    <author>...</author>
    <email>...</email>
    <time>2019-09-30T02:42:57Z</time>
    <children/>
  </puzzle>
  <puzzle alive="false">
    <issue href="https://github.com/EnigmaDragons/ProjectNeon/issues/239" closed="2019-10-03T18:28:17+00:00">239</issue>
    <ticket>1</ticket>
    <estimate>30</estimate>
    <role>DEV</role>
    <id>1-7bd7af14</id>
    <lines>32-32</lines>
    <body>...</body>
    <file>...</file>
    <author>...</author>
    <email>...</email>
    <time>2019-09-30T05:22:40Z</time>
    <children/>
  </puzzle>
  <puzzle alive="false">
    <issue href="https://github.com/EnigmaDragons/ProjectNeon/issues/241" closed="2020-01-08T04:05:45+00:00">241</issue>
    <ticket>125</ticket>
    <estimate>15</estimate>
    <role>DEV</role>
    <id>125-15724e08</id>
    <lines>11-11</lines>
    <body>...</body>
    <file>...</file>
    <author>...</author>
    <email>...</email>
    <time>2019-09-30T19:12:52Z</time>
    <children/>
  </puzzle>
  <puzzle alive="false">
    <issue href="https://github.com/EnigmaDragons/ProjectNeon/issues/250" closed="2019-10-02T00:57:20+00:00">250</issue>
    <ticket>1</ticket>
    <estimate>15</estimate>
    <role>DEV</role>
    <id>1-356df253</id>
    <lines>40-40</lines>
    <body>...</body>
    <file>...</file>
    <author>...</author>
    <email>...</email>
    <time>2019-10-01T07:45:04Z</time>
    <children/>
  </puzzle>
  <puzzle alive="true">
    <issue href="https://github.com/EnigmaDragons/ProjectNeon/issues/251">251</issue>
    <ticket>1</ticket>
    <estimate>15</estimate>
    <role>DEV</role>
    <id>1-8e2c9b54</id>
    <lines>28-28</lines>
    <body>...</body>
    <file>...</file>
    <author>...</author>
    <email>...</email>
    <time>2019-10-01T07:45:04Z</time>
    <children/>
  </puzzle>
  <puzzle alive="false">
    <issue href="https://github.com/EnigmaDragons/ProjectNeon/issues/254" closed="2019-10-02T01:16:15+00:00">254</issue>
    <ticket>1</ticket>
    <estimate>15</estimate>
    <role>DEV</role>
    <id>1-5ed98b25</id>
    <lines>24-24</lines>
    <body>...</body>
    <file>...</file>
    <author>...</author>
    <email>...</email>
    <time>2019-10-02T00:57:06Z</time>
    <children/>
  </puzzle>
  <puzzle alive="false">
    <issue href="https://github.com/EnigmaDragons/ProjectNeon/issues/261" closed="2019-10-02T07:07:06+00:00">261</issue>
    <ticket>1</ticket>
    <estimate>15</estimate>
    <role>DEV</role>
    <id>1-06202fe5</id>
    <lines>7-7</lines>
    <body>...</body>
    <file>...</file>
    <author>...</author>
    <email>...</email>
    <time>2019-10-02T02:28:06Z</time>
    <children/>
  </puzzle>
  <puzzle alive="false">
    <issue href="https://github.com/EnigmaDragons/ProjectNeon/issues/263" closed="2019-10-25T16:51:03+00:00">263</issue>
    <ticket>216</ticket>
    <estimate>30</estimate>
    <role>DEV</role>
    <id>216-2b2509e5</id>
    <lines>23-24</lines>
    <body>...</body>
    <file>...</file>
    <author>...</author>
    <email>...</email>
    <time>2019-10-02T03:28:49Z</time>
    <children/>
  </puzzle>
  <puzzle alive="false">
    <issue href="https://github.com/EnigmaDragons/ProjectNeon/issues/264" closed="2019-10-25T16:51:12+00:00">264</issue>
    <ticket>216</ticket>
    <estimate>30</estimate>
    <role>DEV</role>
    <id>216-e8577822</id>
    <lines>59-60</lines>
    <body>...</body>
    <file>...</file>
    <author>...</author>
    <email>...</email>
    <time>2019-10-02T03:28:49Z</time>
    <children/>
  </puzzle>
  <puzzle alive="true">
    <issue href="https://github.com/EnigmaDragons/ProjectNeon/issues/267">267</issue>
    <ticket>133</ticket>
    <estimate>0</estimate>
    <role>DEV</role>
    <id>133-2f756a25</id>
    <lines>22-22</lines>
    <body>...</body>
    <file>...</file>
    <author>...</author>
    <email>...</email>
    <time>2019-10-02T07:37:24Z</time>
    <children/>
  </puzzle>
  <puzzle alive="true">
    <issue href="https://github.com/EnigmaDragons/ProjectNeon/issues/268">268</issue>
    <ticket>133</ticket>
    <estimate>0</estimate>
    <role>DEV</role>
    <id>133-5ea87400</id>
    <lines>23-23</lines>
    <body>...</body>
    <file>...</file>
    <author>...</author>
    <email>...</email>
    <time>2019-10-02T07:37:24Z</time>
    <children/>
  </puzzle>
  <puzzle alive="false">
    <issue href="https://github.com/EnigmaDragons/ProjectNeon/issues/287" closed="2019-10-10T01:18:50+00:00">287</issue>
    <ticket>1</ticket>
    <estimate>30</estimate>
    <role>DEV</role>
    <id>1-93fa97b6</id>
    <lines>24-24</lines>
    <body>...</body>
    <file>...</file>
    <author>...</author>
    <email>...</email>
    <time>2019-10-04T02:12:27Z</time>
    <children/>
  </puzzle>
  <puzzle alive="false">
    <issue href="https://github.com/EnigmaDragons/ProjectNeon/issues/289" closed="2019-10-17T02:29:21+00:00">289</issue>
    <ticket>1</ticket>
    <estimate>30</estimate>
    <role>DEV</role>
    <id>1-432c3132</id>
    <lines>38-38</lines>
    <body>...</body>
    <file>...</file>
    <author>...</author>
    <email>...</email>
    <time>2019-10-04T03:08:02Z</time>
    <children/>
  </puzzle>
  <puzzle alive="false">
    <issue href="https://github.com/EnigmaDragons/ProjectNeon/issues/290" closed="2019-10-16T05:54:35+00:00">290</issue>
    <ticket>1</ticket>
    <estimate>30</estimate>
    <role>DEV</role>
    <id>1-6c47ceab</id>
    <lines>43-43</lines>
    <body>...</body>
    <file>...</file>
    <author>...</author>
    <email>...</email>
    <time>2019-10-04T03:08:02Z</time>
    <children/>
  </puzzle>
  <puzzle alive="true">
    <issue href="https://github.com/EnigmaDragons/ProjectNeon/issues/299">299</issue>
    <ticket>281</ticket>
    <estimate>0</estimate>
    <role>DEV</role>
    <id>281-d306e82e</id>
    <lines>5-5</lines>
    <body>...</body>
    <file>...</file>
    <author>...</author>
    <email>...</email>
    <time>2019-10-08T16:19:09Z</time>
    <children/>
  </puzzle>
  <puzzle alive="false">
    <issue href="https://github.com/EnigmaDragons/ProjectNeon/issues/308" closed="2019-10-25T16:51:18+00:00">308</issue>
    <ticket>1</ticket>
    <estimate>30</estimate>
    <role>DEV</role>
    <id>1-151ad2f0</id>
    <lines>12-12</lines>
    <body>...</body>
    <file>...</file>
    <author>...</author>
    <email>...</email>
    <time>2019-10-10T01:18:33Z</time>
    <children/>
  </puzzle>
  <puzzle alive="false">
    <issue href="https://github.com/EnigmaDragons/ProjectNeon/issues/319" closed="2019-10-17T01:09:19+00:00">319</issue>
    <ticket>284</ticket>
    <estimate>30</estimate>
    <role>DEV</role>
    <id>284-a381b1af</id>
    <lines>27-29</lines>
    <body>...</body>
    <file>...</file>
    <author>...</author>
    <email>...</email>
    <time>2019-10-10T17:52:24Z</time>
    <children/>
  </puzzle>
  <puzzle alive="false">
    <issue href="https://github.com/EnigmaDragons/ProjectNeon/issues/333" closed="2019-10-30T06:57:51+00:00">333</issue>
    <ticket>311</ticket>
    <estimate>0</estimate>
    <role>DEV</role>
    <id>311-5f3ce647</id>
    <lines>25-25</lines>
    <body>...</body>
    <file>...</file>
    <author>...</author>
    <email>...</email>
    <time>2019-10-15T19:24:14Z</time>
    <children/>
  </puzzle>
  <puzzle alive="false">
    <issue href="https://github.com/EnigmaDragons/ProjectNeon/issues/340" closed="2019-10-16T21:15:17+00:00">340</issue>
    <ticket>1</ticket>
    <estimate>15</estimate>
    <role>DEV</role>
    <id>1-580c2e57</id>
    <lines>14-14</lines>
    <body>...</body>
    <file>...</file>
    <author>...</author>
    <email>...</email>
    <time>2019-10-16T02:07:36Z</time>
    <children/>
  </puzzle>
  <puzzle alive="false">
    <issue href="https://github.com/EnigmaDragons/ProjectNeon/issues/349" closed="2019-10-30T06:10:42+00:00">349</issue>
    <ticket>1</ticket>
    <estimate>15</estimate>
    <role>DEV</role>
    <id>1-8f1c5648</id>
    <lines>62-62</lines>
    <body>...</body>
    <file>...</file>
    <author>...</author>
    <email>...</email>
    <time>2019-10-17T02:29:08Z</time>
    <children/>
  </puzzle>
  <puzzle alive="false">
    <issue href="https://github.com/EnigmaDragons/ProjectNeon/issues/350" closed="2019-10-24T00:13:07+00:00">350</issue>
    <ticket>1</ticket>
    <estimate>15</estimate>
    <role>DEV</role>
    <id>1-29dde8eb</id>
    <lines>18-18</lines>
    <body>...</body>
    <file>...</file>
    <author>...</author>
    <email>...</email>
    <time>2019-10-17T02:29:08Z</time>
    <children/>
  </puzzle>
  <puzzle alive="false">
    <issue href="https://github.com/EnigmaDragons/ProjectNeon/issues/351" closed="2019-10-30T02:12:39+00:00">351</issue>
    <ticket>1</ticket>
    <estimate>15</estimate>
    <role>DEV</role>
    <id>1-bc54b5a3</id>
    <lines>13-13</lines>
    <body>...</body>
    <file>...</file>
    <author>...</author>
    <email>...</email>
    <time>2019-10-17T02:29:08Z</time>
    <children/>
  </puzzle>
  <puzzle alive="false">
    <issue href="https://github.com/EnigmaDragons/ProjectNeon/issues/387" closed="2019-10-30T02:12:43+00:00">387</issue>
    <ticket>1</ticket>
    <estimate>15</estimate>
    <role>DEV</role>
    <id>1-78ef9329</id>
    <lines>11-11</lines>
    <body>...</body>
    <file>...</file>
    <author>...</author>
    <email>...</email>
    <time>2019-10-23T00:50:27Z</time>
    <children/>
  </puzzle>
  <puzzle alive="false">
    <issue href="https://github.com/EnigmaDragons/ProjectNeon/issues/388" closed="2020-07-26T01:32:08+00:00">388</issue>
    <ticket>1</ticket>
    <estimate>15</estimate>
    <role>DEV</role>
    <id>1-3f8ab827</id>
    <lines>11-11</lines>
    <body>...</body>
    <file>...</file>
    <author>...</author>
    <email>...</email>
    <time>2019-10-23T00:50:27Z</time>
    <children/>
  </puzzle>
  <puzzle alive="false">
    <issue href="https://github.com/EnigmaDragons/ProjectNeon/issues/389" closed="2019-10-24T01:53:14+00:00">389</issue>
    <ticket>1</ticket>
    <estimate>15</estimate>
    <role>DEV</role>
    <id>1-0dd45463</id>
    <lines>65-65</lines>
    <body>...</body>
    <file>...</file>
    <author>...</author>
    <email>...</email>
    <time>2019-10-24T00:12:38Z</time>
    <children/>
  </puzzle>
  <puzzle alive="false">
    <issue href="https://github.com/EnigmaDragons/ProjectNeon/issues/390" closed="2019-10-30T05:58:13+00:00">390</issue>
    <ticket>1</ticket>
    <estimate>15</estimate>
    <role>DEV</role>
    <id>1-f9f52d06</id>
    <lines>93-93</lines>
    <body>...</body>
    <file>...</file>
    <author>...</author>
    <email>...</email>
    <time>2019-10-23T00:50:27Z</time>
    <children/>
  </puzzle>
  <puzzle alive="true">
    <issue href="https://github.com/EnigmaDragons/ProjectNeon/issues/391">391</issue>
    <ticket>361</ticket>
    <estimate>30</estimate>
    <role>DEV</role>
    <id>361-056160f5</id>
    <lines>28-28</lines>
    <body>...</body>
    <file>...</file>
    <author>...</author>
    <email>...</email>
    <time>2019-10-23T13:59:42Z</time>
    <children/>
  </puzzle>
  <puzzle alive="false">
    <issue href="https://github.com/EnigmaDragons/ProjectNeon/issues/435" closed="2019-10-30T06:57:55+00:00">435</issue>
    <ticket>1</ticket>
    <estimate>15</estimate>
    <role>DEV</role>
    <id>1-d894fbb7</id>
    <lines>3-3</lines>
    <body>...</body>
    <file>...</file>
    <author>...</author>
    <email>...</email>
    <time>2019-10-30T02:12:15Z</time>
    <children/>
  </puzzle>
  <puzzle alive="true">
    <issue href="https://github.com/EnigmaDragons/ProjectNeon/issues/436">436</issue>
    <ticket>380</ticket>
    <estimate>30</estimate>
    <role>DEV</role>
    <id>380-a7852436</id>
    <lines>59-60</lines>
    <body>...</body>
    <file>...</file>
    <author>...</author>
    <email>...</email>
    <time>2019-10-30T02:12:15Z</time>
    <children/>
  </puzzle>
  <puzzle alive="true">
    <issue href="https://github.com/EnigmaDragons/ProjectNeon/issues/449">449</issue>
    <ticket>378</ticket>
    <estimate>30</estimate>
    <role>DEV</role>
    <id>378-92e09833</id>
    <lines>23-26</lines>
    <body>...</body>
    <file>...</file>
    <author>...</author>
    <email>...</email>
    <time>2019-11-01T20:48:32Z</time>
    <children/>
  </puzzle>
  <puzzle alive="false">
    <issue href="https://github.com/EnigmaDragons/ProjectNeon/issues/460" closed="2019-11-07T16:29:48+00:00">460</issue>
    <ticket>454</ticket>
    <estimate>15</estimate>
    <role>DEV</role>
    <id>454-803f1244</id>
    <lines>31-31</lines>
    <body>...</body>
    <file>...</file>
    <author>...</author>
    <email>...</email>
    <time>2019-11-05T19:30:44Z</time>
    <children/>
  </puzzle>
  <puzzle alive="false">
    <issue href="https://github.com/EnigmaDragons/ProjectNeon/issues/582" closed="2020-01-07T05:44:31+00:00">582</issue>
    <ticket>558</ticket>
    <estimate>0</estimate>
    <role>DEV</role>
    <id>558-bb8f0498</id>
    <lines>4-4</lines>
    <body>...</body>
    <file>...</file>
    <author>...</author>
    <email>...</email>
    <time>2020-01-06T02:10:10Z</time>
    <children/>
  </puzzle>
</puzzles>
