<?xml version="1.0"?>
<puzzles xmlns:xsi="http://www.w3.org/2001/XMLSchema-instance" xsi:noNamespaceSchemaLocation="http://www.0pdd.com/puzzles.xsd" date="2020-02-07T07:20:06+00:00" version="0.30.21">
  <puzzle alive="false">
    <issue>unknown</issue>
    <ticket>2</ticket>
    <estimate>0</estimate>
    <role>DEV</role>
    <id>2-a1448f1d</id>
    <lines>3-3</lines>
    <body>...</body>
    <file>...</file>
    <author>...</author>
    <email>...</email>
    <time>2020-02-07T06:40:09Z</time>
    <children/>
  </puzzle>
  <puzzle alive="false">
    <issue href="https://github.com/nopparat-mkw/console-app/issues/5" closed="2020-02-07T07:20:02+00:00">5</issue>
    <ticket>1</ticket>
    <estimate>30</estimate>
    <role>DEV</role>
    <id>1-7162bee4</id>
    <lines>9-9</lines>
    <body>...</body>
    <file>...</file>
    <author>...</author>
    <email>...</email>
    <time>2020-02-07T07:16:26Z</time>
    <children/>
  </puzzle>
  <puzzle alive="false">
    <issue href="https://github.com/nopparat-mkw/console-app/issues/6" closed="2020-02-07T07:20:06+00:00">6</issue>
    <ticket>2</ticket>
    <estimate>30</estimate>
    <role>DEV</role>
    <id>2-22b8b8f7</id>
    <lines>3-3</lines>
    <body>...</body>
    <file>...</file>
    <author>...</author>
    <email>...</email>
    <time>2020-02-07T07:16:26Z</time>
    <children/>
  </puzzle>
</puzzles>
