<?xml version="1.0"?>
<puzzles xmlns:xsi="http://www.w3.org/2001/XMLSchema-instance" xsi:noNamespaceSchemaLocation="http://www.0pdd.com/puzzles.xsd" date="2018-05-04T05:15:13+00:00" version="0.30.1">
  <puzzle alive="true">
    <issue>unknown</issue>
    <ticket>5</ticket>
    <estimate>0</estimate>
    <role>DEV</role>
    <id>5-ac2dec0d</id>
    <lines>6-6</lines>
    <body>...</body>
    <file>...</file>
    <author>...</author>
    <email>...</email>
    <time>2018-05-04T04:39:07Z</time>
    <children/>
  </puzzle>
  <puzzle alive="true">
    <issue>unknown</issue>
    <ticket>2</ticket>
    <estimate>0</estimate>
    <role>DEV</role>
    <id>2-95d5857a</id>
    <lines>5-5</lines>
    <body>...</body>
    <file>...</file>
    <author>...</author>
    <email>...</email>
    <time>2018-05-04T04:39:07Z</time>
    <children/>
  </puzzle>
  <puzzle alive="true">
    <issue>unknown</issue>
    <ticket>4</ticket>
    <estimate>0</estimate>
    <role>DEV</role>
    <id>4-1d928738</id>
    <lines>6-6</lines>
    <body>...</body>
    <file>...</file>
    <author>...</author>
    <email>...</email>
    <time>2018-05-04T04:39:07Z</time>
    <children/>
  </puzzle>
  <puzzle alive="false">
    <issue href="https://github.com/nopparat-mkw/profile/issues/6" closed="2018-05-04T05:15:10+00:00">6</issue>
    <ticket>3</ticket>
    <estimate>0</estimate>
    <role>DEV</role>
    <id>3-10798d17</id>
    <lines>16-16</lines>
    <body>...</body>
    <file>...</file>
    <author>...</author>
    <email>...</email>
    <time>2018-05-04T04:39:07Z</time>
    <children>
      <puzzle alive="false">
        <issue href="https://github.com/nopparat-mkw/profile/issues/7" closed="2018-05-04T05:15:12+00:00">7</issue>
        <ticket>6</ticket>
        <estimate>0</estimate>
        <role>DEV</role>
        <id>6-631ed18a</id>
        <lines>18-18</lines>
        <body>...</body>
        <file>...</file>
        <author>...</author>
        <email>...</email>
        <time>2018-05-04T04:58:12Z</time>
        <children/>
      </puzzle>
    </children>
  </puzzle>
  <puzzle alive="true">
    <ticket>8</ticket>
    <estimate>0</estimate>
    <role>DEV</role>
    <id>8-596f8b37</id>
    <lines>16-16</lines>
    <body>...</body>
    <file>...</file>
    <author>...</author>
    <email>...</email>
    <time>2018-05-04T05:14:57Z</time>
    <children/>
    <issue href="https://github.com/nopparat-mkw/profile/issues/8">8</issue>
  </puzzle>
</puzzles>
