<?xml version="1.0"?>
<puzzles xmlns:xsi="http://www.w3.org/2001/XMLSchema-instance" xsi:noNamespaceSchemaLocation="http://www.0pdd.com/puzzles.xsd" date="2020-06-05T10:06:46+00:00" version="0.30.21">
  <puzzle alive="false">
    <issue href="https://github.com/dgtpolis/kang/issues/3" closed="2020-06-01T11:43:13+00:00">3</issue>
    <ticket>1</ticket>
    <estimate>0</estimate>
    <role>DEV</role>
    <id>1-d81963ef</id>
    <lines>37-37</lines>
    <body>...</body>
    <file>...</file>
    <author>...</author>
    <email>...</email>
    <time>2020-06-01T07:35:05Z</time>
    <children/>
  </puzzle>
  <puzzle alive="true">
    <issue>unknown</issue>
    <ticket>4</ticket>
    <estimate>0</estimate>
    <role>DEV</role>
    <id>4-2a41ebb5</id>
    <lines>30-30</lines>
    <body>...</body>
    <file>...</file>
    <author>...</author>
    <email>...</email>
    <time>2020-06-04T10:35:32Z</time>
    <children/>
  </puzzle>
</puzzles>
