<?xml version="1.0"?>
<puzzles xmlns:xsi="http://www.w3.org/2001/XMLSchema-instance" xsi:noNamespaceSchemaLocation="http://www.0pdd.com/puzzles.xsd" date="2019-08-19T13:44:09+00:00" version="0.30.18">
  <puzzle alive="false">
    <issue href="https://github.com/stryvers/life-lens-app/issues/76" closed="2019-04-06T20:54:41+00:00">76</issue>
    <ticket>30</ticket>
    <estimate>30</estimate>
    <role>DEV</role>
    <id>30-be958f51</id>
    <lines>30-31</lines>
    <body>...</body>
    <file>...</file>
    <author>...</author>
    <email>...</email>
    <time>2019-03-09T17:01:29Z</time>
    <children/>
  </puzzle>
  <puzzle alive="false">
    <issue href="https://github.com/stryvers/life-lens-app/issues/77" closed="2019-04-16T02:32:36+00:00">77</issue>
    <ticket>30</ticket>
    <estimate>30</estimate>
    <role>DEV</role>
    <id>30-38707c0e</id>
    <lines>27-28</lines>
    <body>...</body>
    <file>...</file>
    <author>...</author>
    <email>...</email>
    <time>2019-03-09T17:01:29Z</time>
    <children/>
  </puzzle>
  <puzzle alive="false">
    <issue href="https://github.com/stryvers/life-lens-app/issues/78" closed="2019-04-09T02:17:16+00:00">78</issue>
    <ticket>30</ticket>
    <estimate>30</estimate>
    <role>DEV</role>
    <id>30-4672d596</id>
    <lines>27-29</lines>
    <body>...</body>
    <file>...</file>
    <author>...</author>
    <email>...</email>
    <time>2019-03-09T17:01:29Z</time>
    <children/>
  </puzzle>
  <puzzle alive="false">
    <issue href="https://github.com/stryvers/life-lens-app/issues/79" closed="2019-05-11T19:12:16+00:00">79</issue>
    <ticket>70</ticket>
    <estimate>30</estimate>
    <role>DEV</role>
    <id>70-08049b63</id>
    <lines>242-243</lines>
    <body>...</body>
    <file>...</file>
    <author>...</author>
    <email>...</email>
    <time>2019-03-09T17:01:29Z</time>
    <children/>
  </puzzle>
  <puzzle alive="false">
    <issue href="https://github.com/stryvers/life-lens-app/issues/80" closed="2019-05-04T00:09:48+00:00">80</issue>
    <ticket>70</ticket>
    <estimate>30</estimate>
    <role>DEV</role>
    <id>70-f536b6b2</id>
    <lines>269-275</lines>
    <body>...</body>
    <file>...</file>
    <author>...</author>
    <email>...</email>
    <time>2019-03-09T17:01:29Z</time>
    <children/>
  </puzzle>
  <puzzle alive="false">
    <issue href="https://github.com/stryvers/life-lens-app/issues/81" closed="2019-03-13T18:38:54+00:00">81</issue>
    <ticket>30</ticket>
    <estimate>30</estimate>
    <role>DEV</role>
    <id>30-634214b5</id>
    <lines>12-14</lines>
    <body>...</body>
    <file>...</file>
    <author>...</author>
    <email>...</email>
    <time>2019-03-09T17:01:29Z</time>
    <children/>
  </puzzle>
  <puzzle alive="false">
    <issue href="https://github.com/stryvers/life-lens-app/issues/93" closed="2019-03-20T13:19:51+00:00">93</issue>
    <ticket>52</ticket>
    <estimate>30</estimate>
    <role>DEV</role>
    <id>52-c0c9245b</id>
    <lines>105-108</lines>
    <body>...</body>
    <file>...</file>
    <author>...</author>
    <email>...</email>
    <time>2019-03-11T16:53:53Z</time>
    <children>
      <puzzle alive="false">
        <issue href="https://github.com/stryvers/life-lens-app/issues/139" closed="2019-06-07T12:59:25+00:00">139</issue>
        <ticket>93</ticket>
        <estimate>30</estimate>
        <role>DEV</role>
        <id>93-17c0dfe9</id>
        <lines>105-115</lines>
        <body>...</body>
        <file>...</file>
        <author>...</author>
        <email>...</email>
        <time>2019-03-20T13:18:12Z</time>
        <children/>
      </puzzle>
    </children>
  </puzzle>
  <puzzle alive="true">
    <issue href="https://github.com/stryvers/life-lens-app/issues/95" closed="2019-03-15T04:21:30+00:00">95</issue>
    <ticket>21</ticket>
    <estimate>30</estimate>
    <role>DEV</role>
    <id>21-5751533a</id>
    <lines>20-28</lines>
    <body>...</body>
    <file>...</file>
    <author>...</author>
    <email>...</email>
    <time>2019-03-12T17:37:41Z</time>
    <children/>
  </puzzle>
  <puzzle alive="false">
    <issue href="https://github.com/stryvers/life-lens-app/issues/97" closed="2019-03-15T04:21:31+00:00">97</issue>
    <ticket>25</ticket>
    <estimate>30</estimate>
    <role>DEV</role>
    <id>25-9d3127b8</id>
    <lines>24-24</lines>
    <body>...</body>
    <file>...</file>
    <author>...</author>
    <email>...</email>
    <time>2019-03-10T06:46:24Z</time>
    <children>
      <puzzle alive="false">
        <issue href="https://github.com/stryvers/life-lens-app/issues/133" closed="2019-04-01T00:48:52+00:00">133</issue>
        <ticket>97</ticket>
        <estimate>30</estimate>
        <role>DEV</role>
        <id>97-5bf8a0ad</id>
        <lines>3-4</lines>
        <body>...</body>
        <file>...</file>
        <author>...</author>
        <email>...</email>
        <time>2019-03-15T20:22:16Z</time>
        <children/>
      </puzzle>
    </children>
  </puzzle>
  <puzzle alive="false">
    <issue href="https://github.com/stryvers/life-lens-app/issues/98" closed="2019-03-15T04:21:34+00:00">98</issue>
    <ticket>25</ticket>
    <estimate>30</estimate>
    <role>DEV</role>
    <id>25-71774213</id>
    <lines>30-30</lines>
    <body>...</body>
    <file>...</file>
    <author>...</author>
    <email>...</email>
    <time>2019-03-12T16:04:29Z</time>
    <children>
      <puzzle alive="false">
        <issue href="https://github.com/stryvers/life-lens-app/issues/189" closed="2019-08-01T14:29:48+00:00">189</issue>
        <ticket>98</ticket>
        <estimate>30</estimate>
        <role>DEV</role>
        <id>98-4149b7fd</id>
        <lines>89-93</lines>
        <body>...</body>
        <file>...</file>
        <author>...</author>
        <email>...</email>
        <time>2019-03-28T16:15:05Z</time>
        <children>
          <puzzle alive="true">
            <issue href="https://github.com/stryvers/life-lens-app/issues/781">781</issue>
            <ticket>189</ticket>
            <estimate>30</estimate>
            <role>DEV</role>
            <id>189-e4bca5e1</id>
            <lines>96-101</lines>
            <body>...</body>
            <file>...</file>
            <author>...</author>
            <email>...</email>
            <time>2019-08-01T07:46:28Z</time>
            <children/>
          </puzzle>
        </children>
      </puzzle>
    </children>
  </puzzle>
  <puzzle alive="false">
    <issue href="https://github.com/stryvers/life-lens-app/issues/99" closed="2019-03-15T04:21:35+00:00">99</issue>
    <ticket>25</ticket>
    <estimate>30</estimate>
    <role>DEV</role>
    <id>25-352b317c</id>
    <lines>36-37</lines>
    <body>...</body>
    <file>...</file>
    <author>...</author>
    <email>...</email>
    <time>2019-03-11T12:47:53Z</time>
    <children/>
  </puzzle>
  <puzzle alive="false">
    <issue href="https://github.com/stryvers/life-lens-app/issues/100" closed="2019-03-15T04:21:37+00:00">100</issue>
    <ticket>49</ticket>
    <estimate>30</estimate>
    <role>DEV</role>
    <id>49-a5bd7aea</id>
    <lines>56-62</lines>
    <body>...</body>
    <file>...</file>
    <author>...</author>
    <email>...</email>
    <time>2019-03-13T12:44:58Z</time>
    <children>
      <puzzle alive="false">
        <issue href="https://github.com/stryvers/life-lens-app/issues/208" closed="2019-05-09T18:42:12+00:00">208</issue>
        <ticket>100</ticket>
        <estimate>30</estimate>
        <role>DEV</role>
        <id>100-a5121257</id>
        <lines>19-20</lines>
        <body>...</body>
        <file>...</file>
        <author>...</author>
        <email>...</email>
        <time>2019-04-04T13:51:28Z</time>
        <children/>
      </puzzle>
      <puzzle alive="true">
        <issue href="https://github.com/stryvers/life-lens-app/issues/209">209</issue>
        <ticket>100</ticket>
        <estimate>30</estimate>
        <role>DEV</role>
        <id>100-99b8cf79</id>
        <lines>61-66</lines>
        <body>...</body>
        <file>...</file>
        <author>...</author>
        <email>...</email>
        <time>2019-04-04T13:51:28Z</time>
        <children/>
      </puzzle>
    </children>
  </puzzle>
  <puzzle alive="false">
    <issue href="https://github.com/stryvers/life-lens-app/issues/113" closed="2019-04-06T18:48:54+00:00">113</issue>
    <ticket>37</ticket>
    <estimate>30</estimate>
    <role>DEV</role>
    <id>37-200298d8</id>
    <lines>14-16</lines>
    <body>...</body>
    <file>...</file>
    <author>...</author>
    <email>...</email>
    <time>2019-03-16T08:11:43Z</time>
    <children>
      <puzzle alive="false">
        <issue href="https://github.com/stryvers/life-lens-app/issues/213" closed="2019-04-18T02:12:46+00:00">213</issue>
        <ticket>113</ticket>
        <estimate>30</estimate>
        <role>DEV</role>
        <id>113-0f4a86be</id>
        <lines>122-123</lines>
        <body>...</body>
        <file>...</file>
        <author>...</author>
        <email>...</email>
        <time>2019-04-06T18:47:04Z</time>
        <children/>
      </puzzle>
    </children>
  </puzzle>
  <puzzle alive="false">
    <issue href="https://github.com/stryvers/life-lens-app/issues/117" closed="2019-03-24T22:26:26+00:00">117</issue>
    <ticket>32</ticket>
    <estimate>30</estimate>
    <role>DEV</role>
    <id>32-75a00b85</id>
    <lines>106-108</lines>
    <body>...</body>
    <file>...</file>
    <author>...</author>
    <email>...</email>
    <time>2019-03-18T01:37:44Z</time>
    <children/>
  </puzzle>
  <puzzle alive="false">
    <issue href="https://github.com/stryvers/life-lens-app/issues/118" closed="2019-06-11T12:39:19+00:00">118</issue>
    <ticket>32</ticket>
    <estimate>30</estimate>
    <role>DEV</role>
    <id>32-d94d4ed3</id>
    <lines>9-12</lines>
    <body>...</body>
    <file>...</file>
    <author>...</author>
    <email>...</email>
    <time>2019-03-18T01:37:44Z</time>
    <children>
      <puzzle alive="false">
        <issue href="https://github.com/stryvers/life-lens-app/issues/509" closed="2019-07-31T13:59:19+00:00">509</issue>
        <ticket>118</ticket>
        <estimate>30</estimate>
        <role>DEV</role>
        <id>118-16c635ac</id>
        <lines>14-18</lines>
        <body>...</body>
        <file>...</file>
        <author>...</author>
        <email>...</email>
        <time>2019-06-11T12:25:16Z</time>
        <children>
          <puzzle alive="true">
            <issue href="https://github.com/stryvers/life-lens-app/issues/773">773</issue>
            <ticket>509</ticket>
            <estimate>30</estimate>
            <role>DEV</role>
            <id>509-30fe25be</id>
            <lines>22-25</lines>
            <body>...</body>
            <file>...</file>
            <author>...</author>
            <email>...</email>
            <time>2019-07-31T13:17:56Z</time>
            <children/>
          </puzzle>
          <puzzle alive="true">
            <issue href="https://github.com/stryvers/life-lens-app/issues/774">774</issue>
            <ticket>509</ticket>
            <estimate>30</estimate>
            <role>DEV</role>
            <id>509-0a4abf9d</id>
            <lines>98-100</lines>
            <body>...</body>
            <file>...</file>
            <author>...</author>
            <email>...</email>
            <time>2019-07-31T13:17:56Z</time>
            <children/>
          </puzzle>
        </children>
      </puzzle>
    </children>
  </puzzle>
  <puzzle alive="false">
    <issue href="https://github.com/stryvers/life-lens-app/issues/131" closed="2019-04-02T14:57:11+00:00">131</issue>
    <ticket>36</ticket>
    <estimate>30</estimate>
    <role>DEV</role>
    <id>36-462a5087</id>
    <lines>89-91</lines>
    <body>...</body>
    <file>...</file>
    <author>...</author>
    <email>...</email>
    <time>2019-03-19T18:57:48Z</time>
    <children/>
  </puzzle>
  <puzzle alive="false">
    <issue href="https://github.com/stryvers/life-lens-app/issues/145" closed="2019-06-25T14:57:30+00:00">145</issue>
    <ticket>46</ticket>
    <estimate>30</estimate>
    <role>DEV</role>
    <id>46-f947dc20</id>
    <lines>150-151</lines>
    <body>...</body>
    <file>...</file>
    <author>...</author>
    <email>...</email>
    <time>2019-03-21T19:15:20Z</time>
    <children/>
  </puzzle>
  <puzzle alive="false">
    <issue href="https://github.com/stryvers/life-lens-app/issues/146" closed="2019-06-07T13:15:44+00:00">146</issue>
    <ticket>46</ticket>
    <estimate>30</estimate>
    <role>DEV</role>
    <id>46-d8139ab5</id>
    <lines>154-155</lines>
    <body>...</body>
    <file>...</file>
    <author>...</author>
    <email>...</email>
    <time>2019-03-21T19:15:20Z</time>
    <children/>
  </puzzle>
  <puzzle alive="false">
    <issue href="https://github.com/stryvers/life-lens-app/issues/147" closed="2019-06-25T14:57:33+00:00">147</issue>
    <ticket>46</ticket>
    <estimate>30</estimate>
    <role>DEV</role>
    <id>46-882e3df3</id>
    <lines>158-159</lines>
    <body>...</body>
    <file>...</file>
    <author>...</author>
    <email>...</email>
    <time>2019-03-21T19:15:20Z</time>
    <children/>
  </puzzle>
  <puzzle alive="false">
    <issue href="https://github.com/stryvers/life-lens-app/issues/153" closed="2019-04-05T13:25:20+00:00">153</issue>
    <ticket>60</ticket>
    <estimate>30</estimate>
    <role>DEV</role>
    <id>60-12fccd91</id>
    <lines>14-14</lines>
    <body>...</body>
    <file>...</file>
    <author>...</author>
    <email>...</email>
    <time>2019-03-20T22:09:25Z</time>
    <children>
      <puzzle alive="false">
        <issue href="https://github.com/stryvers/life-lens-app/issues/210" closed="2019-05-25T02:27:02+00:00">210</issue>
        <ticket>153</ticket>
        <estimate>30</estimate>
        <role>DEV</role>
        <id>153-12fccd91</id>
        <lines>14-14</lines>
        <body>...</body>
        <file>...</file>
        <author>...</author>
        <email>...</email>
        <time>2019-04-05T13:23:23Z</time>
        <children/>
      </puzzle>
    </children>
  </puzzle>
  <puzzle alive="true">
    <issue href="https://github.com/stryvers/life-lens-app/issues/154">154</issue>
    <ticket>44</ticket>
    <estimate>30</estimate>
    <role>DEV</role>
    <id>44-d6007edf</id>
    <lines>26-27</lines>
    <body>...</body>
    <file>...</file>
    <author>...</author>
    <email>...</email>
    <time>2019-03-23T07:02:14Z</time>
    <children/>
  </puzzle>
  <puzzle alive="false">
    <issue href="https://github.com/stryvers/life-lens-app/issues/155" closed="2019-06-04T03:15:24+00:00">155</issue>
    <ticket>44</ticket>
    <estimate>30</estimate>
    <role>DEV</role>
    <id>44-79f9743f</id>
    <lines>30-31</lines>
    <body>...</body>
    <file>...</file>
    <author>...</author>
    <email>...</email>
    <time>2019-03-23T07:02:14Z</time>
    <children/>
  </puzzle>
  <puzzle alive="false">
    <issue href="https://github.com/stryvers/life-lens-app/issues/184" closed="2019-04-06T19:53:36+00:00">184</issue>
    <ticket>105</ticket>
    <estimate>30</estimate>
    <role>DEV</role>
    <id>105-42aad28c</id>
    <lines>35-36</lines>
    <body>...</body>
    <file>...</file>
    <author>...</author>
    <email>...</email>
    <time>2019-03-27T19:11:16Z</time>
    <children>
      <puzzle alive="false">
        <issue href="https://github.com/stryvers/life-lens-app/issues/214" closed="2019-08-07T21:24:02+00:00">214</issue>
        <ticket>184</ticket>
        <estimate>30</estimate>
        <role>DEV</role>
        <id>184-e1e1f45f</id>
        <lines>35-35</lines>
        <body>...</body>
        <file>...</file>
        <author>...</author>
        <email>...</email>
        <time>2019-04-05T18:00:19Z</time>
        <children>
          <puzzle alive="true">
            <issue href="https://github.com/stryvers/life-lens-app/issues/804">804</issue>
            <ticket>214</ticket>
            <estimate>30</estimate>
            <role>DEV</role>
            <id>214-9385261e</id>
            <lines>5-10</lines>
            <body>...</body>
            <file>...</file>
            <author>...</author>
            <email>...</email>
            <time>2019-08-05T22:04:48Z</time>
            <children/>
          </puzzle>
          <puzzle alive="true">
            <issue href="https://github.com/stryvers/life-lens-app/issues/805">805</issue>
            <ticket>214</ticket>
            <estimate>30</estimate>
            <role>DEV</role>
            <id>214-7f5d2bf9</id>
            <lines>24-27</lines>
            <body>...</body>
            <file>...</file>
            <author>...</author>
            <email>...</email>
            <time>2019-08-07T14:44:41Z</time>
            <children/>
          </puzzle>
          <puzzle alive="true">
            <issue href="https://github.com/stryvers/life-lens-app/issues/806">806</issue>
            <ticket>214</ticket>
            <estimate>30</estimate>
            <role>DEV</role>
            <id>214-1de203c5</id>
            <lines>49-49</lines>
            <body>...</body>
            <file>...</file>
            <author>...</author>
            <email>...</email>
            <time>2019-08-07T14:44:41Z</time>
            <children/>
          </puzzle>
        </children>
      </puzzle>
    </children>
  </puzzle>
  <puzzle alive="false">
    <issue href="https://github.com/stryvers/life-lens-app/issues/185" closed="2019-05-07T03:05:27+00:00">185</issue>
    <ticket>105</ticket>
    <estimate>30</estimate>
    <role>DEV</role>
    <id>105-6c955812</id>
    <lines>88-93</lines>
    <body>...</body>
    <file>...</file>
    <author>...</author>
    <email>...</email>
    <time>2019-03-27T19:11:16Z</time>
    <children>
      <puzzle alive="false">
        <issue href="https://github.com/stryvers/life-lens-app/issues/336" closed="2019-06-26T12:35:24+00:00">336</issue>
        <ticket>185</ticket>
        <estimate>30</estimate>
        <role>DEV</role>
        <id>185-e3557996</id>
        <lines>67-70</lines>
        <body>...</body>
        <file>...</file>
        <author>...</author>
        <email>...</email>
        <time>2019-05-02T04:04:20Z</time>
        <children/>
      </puzzle>
      <puzzle alive="false">
        <issue href="https://github.com/stryvers/life-lens-app/issues/337" closed="2019-07-02T03:11:12+00:00">337</issue>
        <ticket>185</ticket>
        <estimate>30</estimate>
        <role>DEV</role>
        <id>185-faa7eec1</id>
        <lines>71-75</lines>
        <body>...</body>
        <file>...</file>
        <author>...</author>
        <email>...</email>
        <time>2019-05-02T04:04:20Z</time>
        <children/>
      </puzzle>
      <puzzle alive="false">
        <issue href="https://github.com/stryvers/life-lens-app/issues/338" closed="2019-08-12T17:42:46+00:00">338</issue>
        <ticket>185</ticket>
        <estimate>30</estimate>
        <role>DEV</role>
        <id>185-f78bbdc5</id>
        <lines>76-78</lines>
        <body>...</body>
        <file>...</file>
        <author>...</author>
        <email>...</email>
        <time>2019-05-02T04:04:20Z</time>
        <children>
          <puzzle alive="true">
            <issue href="https://github.com/stryvers/life-lens-app/issues/649">649</issue>
            <ticket>338</ticket>
            <estimate>30</estimate>
            <role>DEV</role>
            <id>338-7b51a6f2</id>
            <lines>177-177</lines>
            <body>...</body>
            <file>...</file>
            <author>...</author>
            <email>...</email>
            <time>2019-07-03T18:26:11Z</time>
            <children/>
          </puzzle>
          <puzzle alive="true">
            <issue href="https://github.com/stryvers/life-lens-app/issues/650">650</issue>
            <ticket>338</ticket>
            <estimate>30</estimate>
            <role>DEV</role>
            <id>338-e621de72</id>
            <lines>185-185</lines>
            <body>...</body>
            <file>...</file>
            <author>...</author>
            <email>...</email>
            <time>2019-07-03T18:26:11Z</time>
            <children/>
          </puzzle>
          <puzzle alive="true">
            <issue href="https://github.com/stryvers/life-lens-app/issues/651">651</issue>
            <ticket>338</ticket>
            <estimate>30</estimate>
            <role>DEV</role>
            <id>338-e20a0ae4</id>
            <lines>188-193</lines>
            <body>...</body>
            <file>...</file>
            <author>...</author>
            <email>...</email>
            <time>2019-07-03T18:26:11Z</time>
            <children/>
          </puzzle>
        </children>
      </puzzle>
      <puzzle alive="true">
        <issue href="https://github.com/stryvers/life-lens-app/issues/339">339</issue>
        <ticket>185</ticket>
        <estimate>30</estimate>
        <role>DEV</role>
        <id>185-63285786</id>
        <lines>79-80</lines>
        <body>...</body>
        <file>...</file>
        <author>...</author>
        <email>...</email>
        <time>2019-05-02T04:04:20Z</time>
        <children/>
      </puzzle>
      <puzzle alive="false">
        <issue href="https://github.com/stryvers/life-lens-app/issues/608" closed="2019-07-02T03:11:14+00:00">608</issue>
        <ticket>185</ticket>
        <estimate>30</estimate>
        <role>DEV</role>
        <id>185-68763804</id>
        <lines>73-76</lines>
        <body>...</body>
        <file>...</file>
        <author>...</author>
        <email>...</email>
        <time>2019-06-26T11:52:35Z</time>
        <children/>
      </puzzle>
    </children>
  </puzzle>
  <puzzle alive="false">
    <issue href="https://github.com/stryvers/life-lens-app/issues/186" closed="2019-04-10T16:55:41+00:00">186</issue>
    <ticket>58</ticket>
    <estimate>30</estimate>
    <role>DEV</role>
    <id>58-5d1be63a</id>
    <lines>1-1</lines>
    <body>...</body>
    <file>...</file>
    <author>...</author>
    <email>...</email>
    <time>2019-03-27T17:44:00Z</time>
    <children>
      <puzzle alive="false">
        <issue href="https://github.com/stryvers/life-lens-app/issues/230" closed="2019-05-15T12:13:51+00:00">230</issue>
        <ticket>186</ticket>
        <estimate>30</estimate>
        <role>DEV</role>
        <id>186-5d1be63a</id>
        <lines>1-1</lines>
        <body>...</body>
        <file>...</file>
        <author>...</author>
        <email>...</email>
        <time>2019-04-09T06:00:43Z</time>
        <children/>
      </puzzle>
    </children>
  </puzzle>
  <puzzle alive="false">
    <issue href="https://github.com/stryvers/life-lens-app/issues/187" closed="2019-04-07T14:48:50+00:00">187</issue>
    <ticket>177</ticket>
    <estimate>30</estimate>
    <role>DEV</role>
    <id>177-971507cf</id>
    <lines>74-74</lines>
    <body>...</body>
    <file>...</file>
    <author>...</author>
    <email>...</email>
    <time>2019-03-27T03:40:18Z</time>
    <children>
      <puzzle alive="false">
        <issue href="https://github.com/stryvers/life-lens-app/issues/219" closed="2019-06-08T05:11:19+00:00">219</issue>
        <ticket>187</ticket>
        <estimate>30</estimate>
        <role>DEV</role>
        <id>187-542e398c</id>
        <lines>86-86</lines>
        <body>...</body>
        <file>...</file>
        <author>...</author>
        <email>...</email>
        <time>2019-04-07T14:46:50Z</time>
        <children>
          <puzzle alive="false">
            <issue href="https://github.com/stryvers/life-lens-app/issues/490" closed="2019-06-30T22:11:20+00:00">490</issue>
            <ticket>219</ticket>
            <estimate>30</estimate>
            <role>DEV</role>
            <id>219-3e411c15</id>
            <lines>37-40</lines>
            <body>...</body>
            <file>...</file>
            <author>...</author>
            <email>...</email>
            <time>2019-06-07T04:45:56Z</time>
            <children>
              <puzzle alive="true">
                <issue href="https://github.com/stryvers/life-lens-app/issues/636">636</issue>
                <ticket>490</ticket>
                <estimate>30</estimate>
                <role>DEV</role>
                <id>490-3e411c15</id>
                <lines>37-40</lines>
                <body>...</body>
                <file>...</file>
                <author>...</author>
                <email>...</email>
                <time>2019-06-30T21:45:04Z</time>
                <children/>
              </puzzle>
            </children>
          </puzzle>
        </children>
      </puzzle>
    </children>
  </puzzle>
  <puzzle alive="false">
    <issue href="https://github.com/stryvers/life-lens-app/issues/195" closed="2019-04-01T18:14:40+00:00">195</issue>
    <ticket>115</ticket>
    <estimate>30</estimate>
    <role>DEV</role>
    <id>115-997549ce</id>
    <lines>30-30</lines>
    <body>...</body>
    <file>...</file>
    <author>...</author>
    <email>...</email>
    <time>2019-03-26T15:44:12Z</time>
    <children/>
  </puzzle>
  <puzzle alive="false">
    <issue href="https://github.com/stryvers/life-lens-app/issues/202" closed="2019-05-20T18:08:48+00:00">202</issue>
    <ticket>160</ticket>
    <estimate>30</estimate>
    <role>DEV</role>
    <id>160-264bffc1</id>
    <lines>14-14</lines>
    <body>...</body>
    <file>...</file>
    <author>...</author>
    <email>...</email>
    <time>2019-04-01T16:28:39Z</time>
    <children/>
  </puzzle>
  <puzzle alive="false">
    <issue href="https://github.com/stryvers/life-lens-app/issues/245" closed="2019-07-23T00:39:22+00:00">245</issue>
    <ticket>66</ticket>
    <estimate>30</estimate>
    <role>DEV</role>
    <id>66-a33a0066</id>
    <lines>39-39</lines>
    <body>...</body>
    <file>...</file>
    <author>...</author>
    <email>...</email>
    <time>2019-04-16T02:26:00Z</time>
    <children/>
  </puzzle>
  <puzzle alive="false">
    <issue href="https://github.com/stryvers/life-lens-app/issues/247" closed="2019-07-17T03:09:41+00:00">247</issue>
    <ticket>101</ticket>
    <estimate>30</estimate>
    <role>DEV</role>
    <id>101-be00be3f</id>
    <lines>56-61</lines>
    <body>...</body>
    <file>...</file>
    <author>...</author>
    <email>...</email>
    <time>2019-04-16T15:51:21Z</time>
    <children/>
  </puzzle>
  <puzzle alive="false">
    <issue href="https://github.com/stryvers/life-lens-app/issues/248" closed="2019-04-23T19:09:23+00:00">248</issue>
    <ticket>236</ticket>
    <estimate>30</estimate>
    <role>DEV</role>
    <id>236-faed0c58</id>
    <lines>2-3</lines>
    <body>...</body>
    <file>...</file>
    <author>...</author>
    <email>...</email>
    <time>2019-04-14T02:21:50Z</time>
    <children>
      <puzzle alive="false">
        <issue href="https://github.com/stryvers/life-lens-app/issues/268" closed="2019-04-27T21:13:28+00:00">268</issue>
        <ticket>248</ticket>
        <estimate>30</estimate>
        <role>DEV</role>
        <id>248-a77f4715</id>
        <lines>2-3</lines>
        <body>...</body>
        <file>...</file>
        <author>...</author>
        <email>...</email>
        <time>2019-04-22T20:10:44Z</time>
        <children>
          <puzzle alive="false">
            <issue href="https://github.com/stryvers/life-lens-app/issues/293" closed="2019-06-10T17:43:33+00:00">293</issue>
            <ticket>268</ticket>
            <estimate>30</estimate>
            <role>DEV</role>
            <id>268-a7ca5983</id>
            <lines>7-11</lines>
            <body>...</body>
            <file>...</file>
            <author>...</author>
            <email>...</email>
            <time>2019-04-26T17:43:10Z</time>
            <children>
              <puzzle alive="false">
                <issue href="https://github.com/stryvers/life-lens-app/issues/506" closed="2019-07-08T00:34:26+00:00">506</issue>
                <ticket>293</ticket>
                <estimate>30</estimate>
                <role>DEV</role>
                <id>293-830ae93b</id>
                <lines>7-13</lines>
                <body>...</body>
                <file>...</file>
                <author>...</author>
                <email>...</email>
                <time>2019-06-04T21:55:58Z</time>
                <children>
                  <puzzle alive="true">
                    <issue href="https://github.com/stryvers/life-lens-app/issues/671">671</issue>
                    <ticket>506</ticket>
                    <estimate>30</estimate>
                    <role>DEV</role>
                    <id>506-1e113a93</id>
                    <lines>7-12</lines>
                    <body>...</body>
                    <file>...</file>
                    <author>...</author>
                    <email>...</email>
                    <time>2019-07-05T06:07:11Z</time>
                    <children/>
                  </puzzle>
                </children>
              </puzzle>
            </children>
          </puzzle>
        </children>
      </puzzle>
      <puzzle alive="false">
        <issue href="https://github.com/stryvers/life-lens-app/issues/269" closed="2019-04-27T21:13:30+00:00">269</issue>
        <ticket>248</ticket>
        <estimate>30</estimate>
        <role>DEV</role>
        <id>248-a722539e</id>
        <lines>5-7</lines>
        <body>...</body>
        <file>...</file>
        <author>...</author>
        <email>...</email>
        <time>2019-04-22T20:10:44Z</time>
        <children/>
      </puzzle>
    </children>
  </puzzle>
  <puzzle alive="false">
    <issue href="https://github.com/stryvers/life-lens-app/issues/255" closed="2019-04-23T19:09:26+00:00">255</issue>
    <ticket>238</ticket>
    <estimate>30</estimate>
    <role>DEV</role>
    <id>238-54d8cf60</id>
    <lines>22-27</lines>
    <body>...</body>
    <file>...</file>
    <author>...</author>
    <email>...</email>
    <time>2019-04-19T20:15:31Z</time>
    <children>
      <puzzle alive="false">
        <issue href="https://github.com/stryvers/life-lens-app/issues/270" closed="2019-06-06T13:15:59+00:00">270</issue>
        <ticket>255</ticket>
        <estimate>30</estimate>
        <role>DEV</role>
        <id>255-e8b6c2d9</id>
        <lines>23-24</lines>
        <body>...</body>
        <file>...</file>
        <author>...</author>
        <email>...</email>
        <time>2019-04-21T20:41:28Z</time>
        <children/>
      </puzzle>
    </children>
  </puzzle>
  <puzzle alive="false">
    <issue href="https://github.com/stryvers/life-lens-app/issues/258" closed="2019-04-21T22:01:27+00:00">258</issue>
    <ticket>256</ticket>
    <estimate>30</estimate>
    <role>DEV</role>
    <id>256-ecad7a47</id>
    <lines>25-26</lines>
    <body>...</body>
    <file>...</file>
    <author>...</author>
    <email>...</email>
    <time>2019-04-21T03:47:51Z</time>
    <children>
      <puzzle alive="false">
        <issue href="https://github.com/stryvers/life-lens-app/issues/261" closed="2019-08-08T02:11:23+00:00">261</issue>
        <ticket>258</ticket>
        <estimate>30</estimate>
        <role>DEV</role>
        <id>258-4d616184</id>
        <lines>28-28</lines>
        <body>...</body>
        <file>...</file>
        <author>...</author>
        <email>...</email>
        <time>2019-04-21T21:43:44Z</time>
        <children/>
      </puzzle>
    </children>
  </puzzle>
  <puzzle alive="false">
    <issue href="https://github.com/stryvers/life-lens-app/issues/271" closed="2019-06-07T13:27:44+00:00">271</issue>
    <ticket>243</ticket>
    <estimate>30</estimate>
    <role>DEV</role>
    <id>243-ba35f17e</id>
    <lines>96-96</lines>
    <body>...</body>
    <file>...</file>
    <author>...</author>
    <email>...</email>
    <time>2019-04-23T16:16:30Z</time>
    <children/>
  </puzzle>
  <puzzle alive="false">
    <issue href="https://github.com/stryvers/life-lens-app/issues/272" closed="2019-06-07T13:22:54+00:00">272</issue>
    <ticket>244</ticket>
    <estimate>30</estimate>
    <role>DEV</role>
    <id>244-949f559f</id>
    <lines>24-26</lines>
    <body>...</body>
    <file>...</file>
    <author>...</author>
    <email>...</email>
    <time>2019-04-22T01:45:42Z</time>
    <children/>
  </puzzle>
  <puzzle alive="false">
    <issue href="https://github.com/stryvers/life-lens-app/issues/274" closed="2019-06-07T13:22:55+00:00">274</issue>
    <ticket>250</ticket>
    <estimate>30</estimate>
    <role>DEV</role>
    <id>250-f894558b</id>
    <lines>29-30</lines>
    <body>...</body>
    <file>...</file>
    <author>...</author>
    <email>...</email>
    <time>2019-04-23T20:02:06Z</time>
    <children>
      <puzzle alive="false">
        <issue href="https://github.com/stryvers/life-lens-app/issues/334" closed="2019-05-08T17:48:08+00:00">334</issue>
        <ticket>274</ticket>
        <estimate>30</estimate>
        <role>DEV</role>
        <id>274-f2c15848</id>
        <lines>12-13</lines>
        <body>...</body>
        <file>...</file>
        <author>...</author>
        <email>...</email>
        <time>2019-05-05T14:08:41Z</time>
        <children/>
      </puzzle>
    </children>
  </puzzle>
  <puzzle alive="false">
    <issue href="https://github.com/stryvers/life-lens-app/issues/275" closed="2019-06-07T13:22:56+00:00">275</issue>
    <ticket>250</ticket>
    <estimate>30</estimate>
    <role>DEV</role>
    <id>250-ab2e8a01</id>
    <lines>31-32</lines>
    <body>...</body>
    <file>...</file>
    <author>...</author>
    <email>...</email>
    <time>2019-04-23T20:02:06Z</time>
    <children/>
  </puzzle>
  <puzzle alive="false">
    <issue href="https://github.com/stryvers/life-lens-app/issues/277" closed="2019-04-29T19:22:28+00:00">277</issue>
    <ticket>237</ticket>
    <estimate>30</estimate>
    <role>DEV</role>
    <id>237-2b8109ec</id>
    <lines>20-24</lines>
    <body>...</body>
    <file>...</file>
    <author>...</author>
    <email>...</email>
    <time>2019-04-24T01:30:18Z</time>
    <children/>
  </puzzle>
  <puzzle alive="false">
    <issue href="https://github.com/stryvers/life-lens-app/issues/278" closed="2019-04-24T04:05:21+00:00">278</issue>
    <ticket>237</ticket>
    <estimate>30</estimate>
    <role>DEV</role>
    <id>237-97abd87a</id>
    <lines>25-26</lines>
    <body>...</body>
    <file>...</file>
    <author>...</author>
    <email>...</email>
    <time>2019-04-24T01:30:18Z</time>
    <children/>
  </puzzle>
  <puzzle alive="false">
    <issue href="https://github.com/stryvers/life-lens-app/issues/279" closed="2019-04-24T04:05:23+00:00">279</issue>
    <ticket>237</ticket>
    <estimate>30</estimate>
    <role>DEV</role>
    <id>237-12d040d8</id>
    <lines>27-31</lines>
    <body>...</body>
    <file>...</file>
    <author>...</author>
    <email>...</email>
    <time>2019-04-24T01:30:18Z</time>
    <children>
      <puzzle alive="false">
        <issue href="https://github.com/stryvers/life-lens-app/issues/282" closed="2019-04-28T02:34:14+00:00">282</issue>
        <ticket>279</ticket>
        <estimate>30</estimate>
        <role>DEV</role>
        <id>279-ca959dc6</id>
        <lines>25-28</lines>
        <body>...</body>
        <file>...</file>
        <author>...</author>
        <email>...</email>
        <time>2019-04-24T03:46:18Z</time>
        <children/>
      </puzzle>
    </children>
  </puzzle>
  <puzzle alive="false">
    <issue href="https://github.com/stryvers/life-lens-app/issues/290" closed="2019-07-23T00:39:23+00:00">290</issue>
    <ticket>285</ticket>
    <estimate>30</estimate>
    <role>DEV</role>
    <id>285-316542b6</id>
    <lines>112-114</lines>
    <body>...</body>
    <file>...</file>
    <author>...</author>
    <email>...</email>
    <time>2019-04-26T04:56:31Z</time>
    <children/>
  </puzzle>
  <puzzle alive="false">
    <issue href="https://github.com/stryvers/life-lens-app/issues/301" closed="2019-05-08T17:48:11+00:00">301</issue>
    <ticket>298</ticket>
    <estimate>30</estimate>
    <role>DEV</role>
    <id>298-88cddf52</id>
    <lines>30-34</lines>
    <body>...</body>
    <file>...</file>
    <author>...</author>
    <email>...</email>
    <time>2019-04-29T16:57:06Z</time>
    <children>
      <puzzle alive="false">
        <issue href="https://github.com/stryvers/life-lens-app/issues/345" closed="2019-06-23T19:08:14+00:00">345</issue>
        <ticket>301</ticket>
        <estimate>30</estimate>
        <role>DEV</role>
        <id>301-531a73bf</id>
        <lines>27-29</lines>
        <body>...</body>
        <file>...</file>
        <author>...</author>
        <email>...</email>
        <time>2019-05-07T13:03:01Z</time>
        <children/>
      </puzzle>
      <puzzle alive="false">
        <issue href="https://github.com/stryvers/life-lens-app/issues/346" closed="2019-05-15T02:32:35+00:00">346</issue>
        <ticket>301</ticket>
        <estimate>30</estimate>
        <role>DEV</role>
        <id>301-3410fb38</id>
        <lines>32-36</lines>
        <body>...</body>
        <file>...</file>
        <author>...</author>
        <email>...</email>
        <time>2019-05-07T05:01:46Z</time>
        <children>
          <puzzle alive="false">
            <issue href="https://github.com/stryvers/life-lens-app/issues/363" closed="2019-05-20T17:27:29+00:00">363</issue>
            <ticket>346</ticket>
            <estimate>30</estimate>
            <role>DEV</role>
            <id>346-3c9fd920</id>
            <lines>40-45</lines>
            <body>...</body>
            <file>...</file>
            <author>...</author>
            <email>...</email>
            <time>2019-05-15T02:25:56Z</time>
            <children/>
          </puzzle>
        </children>
      </puzzle>
      <puzzle alive="false">
        <issue href="https://github.com/stryvers/life-lens-app/issues/347" closed="2019-05-15T02:32:37+00:00">347</issue>
        <ticket>301</ticket>
        <estimate>30</estimate>
        <role>DEV</role>
        <id>301-7521340a</id>
        <lines>37-39</lines>
        <body>...</body>
        <file>...</file>
        <author>...</author>
        <email>...</email>
        <time>2019-05-07T13:03:01Z</time>
        <children/>
      </puzzle>
    </children>
  </puzzle>
  <puzzle alive="false">
    <issue href="https://github.com/stryvers/life-lens-app/issues/304" closed="2019-05-09T11:38:14+00:00">304</issue>
    <ticket>240</ticket>
    <estimate>30</estimate>
    <role>DEV</role>
    <id>240-9abf4616</id>
    <lines>13-19</lines>
    <body>...</body>
    <file>...</file>
    <author>...</author>
    <email>...</email>
    <time>2019-04-29T19:47:20Z</time>
    <children/>
  </puzzle>
  <puzzle alive="true">
    <issue href="https://github.com/stryvers/life-lens-app/issues/327">327</issue>
    <ticket>322</ticket>
    <estimate>30</estimate>
    <role>DEV</role>
    <id>322-8f3090c6</id>
    <lines>12-18</lines>
    <body>...</body>
    <file>...</file>
    <author>...</author>
    <email>...</email>
    <time>2019-05-04T19:52:43Z</time>
    <children/>
  </puzzle>
  <puzzle alive="true">
    <issue href="https://github.com/stryvers/life-lens-app/issues/328">328</issue>
    <ticket>322</ticket>
    <estimate>30</estimate>
    <role>DEV</role>
    <id>322-71b17e49</id>
    <lines>21-24</lines>
    <body>...</body>
    <file>...</file>
    <author>...</author>
    <email>...</email>
    <time>2019-05-04T19:52:43Z</time>
    <children/>
  </puzzle>
  <puzzle alive="false">
    <issue href="https://github.com/stryvers/life-lens-app/issues/329" closed="2019-06-22T20:24:09+00:00">329</issue>
    <ticket>322</ticket>
    <estimate>30</estimate>
    <role>DEV</role>
    <id>322-2cb7df3b</id>
    <lines>27-29</lines>
    <body>...</body>
    <file>...</file>
    <author>...</author>
    <email>...</email>
    <time>2019-05-04T19:52:43Z</time>
    <children/>
  </puzzle>
  <puzzle alive="false">
    <issue href="https://github.com/stryvers/life-lens-app/issues/343" closed="2019-05-21T04:14:46+00:00">343</issue>
    <ticket>324</ticket>
    <estimate>30</estimate>
    <role>DEV</role>
    <id>324-9e9f4b4c</id>
    <lines>2-3</lines>
    <body>...</body>
    <file>...</file>
    <author>...</author>
    <email>...</email>
    <time>2019-05-07T03:47:29Z</time>
    <children>
      <puzzle alive="true">
        <issue href="https://github.com/stryvers/life-lens-app/issues/394" closed="2019-05-24T03:36:52+00:00">394</issue>
        <ticket>343</ticket>
        <estimate>30</estimate>
        <role>DEV</role>
        <id>343-b12f6163</id>
        <lines>2-4</lines>
        <body>...</body>
        <file>...</file>
        <author>...</author>
        <email>...</email>
        <time>2019-05-21T03:12:36Z</time>
        <children/>
      </puzzle>
    </children>
  </puzzle>
  <puzzle alive="false">
    <issue href="https://github.com/stryvers/life-lens-app/issues/364" closed="2019-06-06T03:37:29+00:00">364</issue>
    <ticket>355</ticket>
    <estimate>30</estimate>
    <role>DEV</role>
    <id>355-4fb792be</id>
    <lines>18-23</lines>
    <body>...</body>
    <file>...</file>
    <author>...</author>
    <email>...</email>
    <time>2019-05-14T14:28:48Z</time>
    <children/>
  </puzzle>
  <puzzle alive="false">
    <issue href="https://github.com/stryvers/life-lens-app/issues/365" closed="2019-06-25T03:08:42+00:00">365</issue>
    <ticket>361</ticket>
    <estimate>30</estimate>
    <role>DEV</role>
    <id>361-99da512f</id>
    <lines>185-186</lines>
    <body>...</body>
    <file>...</file>
    <author>...</author>
    <email>...</email>
    <time>2019-05-15T02:31:41Z</time>
    <children>
      <puzzle alive="false">
        <issue href="https://github.com/stryvers/life-lens-app/issues/598" closed="2019-07-24T00:06:19+00:00">598</issue>
        <ticket>365</ticket>
        <estimate>30</estimate>
        <role>DEV</role>
        <id>365-2d8df6b9</id>
        <lines>220-221</lines>
        <body>...</body>
        <file>...</file>
        <author>...</author>
        <email>...</email>
        <time>2019-06-24T20:14:51Z</time>
        <children>
          <puzzle alive="true">
            <issue href="https://github.com/stryvers/life-lens-app/issues/739">739</issue>
            <ticket>598</ticket>
            <estimate>30</estimate>
            <role>DEV</role>
            <id>598-841ac216</id>
            <lines>113-116</lines>
            <body>...</body>
            <file>...</file>
            <author>...</author>
            <email>...</email>
            <time>2019-07-21T04:08:46Z</time>
            <children/>
          </puzzle>
        </children>
      </puzzle>
    </children>
  </puzzle>
  <puzzle alive="false">
    <issue href="https://github.com/stryvers/life-lens-app/issues/366" closed="2019-06-09T18:10:41+00:00">366</issue>
    <ticket>355</ticket>
    <estimate>30</estimate>
    <role>DEV</role>
    <id>355-cb1def9f</id>
    <lines>4-8</lines>
    <body>...</body>
    <file>...</file>
    <author>...</author>
    <email>...</email>
    <time>2019-05-14T14:28:48Z</time>
    <children/>
  </puzzle>
  <puzzle alive="false">
    <issue href="https://github.com/stryvers/life-lens-app/issues/367" closed="2019-06-09T18:08:07+00:00">367</issue>
    <ticket>355</ticket>
    <estimate>30</estimate>
    <role>DEV</role>
    <id>355-cce1d8b1</id>
    <lines>46-50</lines>
    <body>...</body>
    <file>...</file>
    <author>...</author>
    <email>...</email>
    <time>2019-05-14T20:28:25Z</time>
    <children/>
  </puzzle>
  <puzzle alive="false">
    <issue href="https://github.com/stryvers/life-lens-app/issues/368" closed="2019-06-09T18:05:36+00:00">368</issue>
    <ticket>359</ticket>
    <estimate>30</estimate>
    <role>DEV</role>
    <id>359-5d1be63a</id>
    <lines>1-1</lines>
    <body>...</body>
    <file>...</file>
    <author>...</author>
    <email>...</email>
    <time>2019-05-14T20:15:48Z</time>
    <children/>
  </puzzle>
  <puzzle alive="false">
    <issue href="https://github.com/stryvers/life-lens-app/issues/369" closed="2019-06-07T13:54:39+00:00">369</issue>
    <ticket>123</ticket>
    <estimate>30</estimate>
    <role>DEV</role>
    <id>123-aa79a93f</id>
    <lines>133-133</lines>
    <body>...</body>
    <file>...</file>
    <author>...</author>
    <email>...</email>
    <time>2019-05-15T19:21:45Z</time>
    <children/>
  </puzzle>
  <puzzle alive="false">
    <issue href="https://github.com/stryvers/life-lens-app/issues/405" closed="2019-07-08T04:39:39+00:00">405</issue>
    <ticket>377</ticket>
    <estimate>30</estimate>
    <role>DEV</role>
    <id>377-d3dea19f</id>
    <lines>80-83</lines>
    <body>...</body>
    <file>...</file>
    <author>...</author>
    <email>...</email>
    <time>2019-05-21T12:03:29Z</time>
    <children/>
  </puzzle>
  <puzzle alive="true">
    <issue href="https://github.com/stryvers/life-lens-app/issues/406">406</issue>
    <ticket>384</ticket>
    <estimate>30</estimate>
    <role>DEV</role>
    <id>384-2c4b4ae0</id>
    <lines>32-36</lines>
    <body>...</body>
    <file>...</file>
    <author>...</author>
    <email>...</email>
    <time>2019-05-21T23:06:59Z</time>
    <children/>
  </puzzle>
  <puzzle alive="false">
    <issue href="https://github.com/stryvers/life-lens-app/issues/414" closed="2019-07-08T03:29:33+00:00">414</issue>
    <ticket>311</ticket>
    <estimate>30</estimate>
    <role>DEV</role>
    <id>311-2ccb2f50</id>
    <lines>8-13</lines>
    <body>...</body>
    <file>...</file>
    <author>...</author>
    <email>...</email>
    <time>2019-05-25T05:39:21Z</time>
    <children/>
  </puzzle>
  <puzzle alive="true">
    <issue href="https://github.com/stryvers/life-lens-app/issues/415">415</issue>
    <ticket>311</ticket>
    <estimate>30</estimate>
    <role>DEV</role>
    <id>311-3ce5dad0</id>
    <lines>26-29</lines>
    <body>...</body>
    <file>...</file>
    <author>...</author>
    <email>...</email>
    <time>2019-05-25T05:39:21Z</time>
    <children/>
  </puzzle>
  <puzzle alive="false">
    <issue href="https://github.com/stryvers/life-lens-app/issues/418" closed="2019-05-28T19:45:44+00:00">418</issue>
    <ticket>325</ticket>
    <estimate>30</estimate>
    <role>DEV</role>
    <id>325-5a5de0b7</id>
    <lines>8-13</lines>
    <body>...</body>
    <file>...</file>
    <author>...</author>
    <email>...</email>
    <time>2019-05-26T18:48:30Z</time>
    <children/>
  </puzzle>
  <puzzle alive="false">
    <issue href="https://github.com/stryvers/life-lens-app/issues/419" closed="2019-05-28T19:03:20+00:00">419</issue>
    <ticket>325</ticket>
    <estimate>30</estimate>
    <role>DEV</role>
    <id>325-dd4dd534</id>
    <lines>16-18</lines>
    <body>...</body>
    <file>...</file>
    <author>...</author>
    <email>...</email>
    <time>2019-05-26T18:48:30Z</time>
    <children/>
  </puzzle>
  <puzzle alive="false">
    <issue href="https://github.com/stryvers/life-lens-app/issues/432" closed="2019-07-02T20:04:10+00:00">432</issue>
    <ticket>23</ticket>
    <estimate>30</estimate>
    <role>DEV</role>
    <id>23-ad740fc4</id>
    <lines>4-4</lines>
    <body>...</body>
    <file>...</file>
    <author>...</author>
    <email>...</email>
    <time>2019-05-28T14:40:24Z</time>
    <children>
      <puzzle alive="true">
        <issue href="https://github.com/stryvers/life-lens-app/issues/643">643</issue>
        <ticket>432</ticket>
        <estimate>30</estimate>
        <role>DEV</role>
        <id>432-4aec0884</id>
        <lines>6-6</lines>
        <body>...</body>
        <file>...</file>
        <author>...</author>
        <email>...</email>
        <time>2019-06-27T07:34:04Z</time>
        <children/>
      </puzzle>
    </children>
  </puzzle>
  <puzzle alive="false">
    <issue href="https://github.com/stryvers/life-lens-app/issues/433" closed="2019-07-03T00:21:47+00:00">433</issue>
    <ticket>23</ticket>
    <estimate>30</estimate>
    <role>DEV</role>
    <id>23-2a2c6285</id>
    <lines>11-12</lines>
    <body>...</body>
    <file>...</file>
    <author>...</author>
    <email>...</email>
    <time>2019-05-28T14:40:24Z</time>
    <children/>
  </puzzle>
  <puzzle alive="true">
    <issue href="https://github.com/stryvers/life-lens-app/issues/440" closed="2019-06-12T13:52:52+00:00">440</issue>
    <ticket>437</ticket>
    <estimate>30</estimate>
    <role>DEV</role>
    <id>437-80ea6c8f</id>
    <lines>5-8</lines>
    <body>...</body>
    <file>...</file>
    <author>...</author>
    <email>...</email>
    <time>2019-05-29T19:29:16Z</time>
    <children/>
  </puzzle>
  <puzzle alive="false">
    <issue href="https://github.com/stryvers/life-lens-app/issues/481" closed="2019-06-21T01:49:02+00:00">481</issue>
    <ticket>31</ticket>
    <estimate>30</estimate>
    <role>DEV</role>
    <id>31-2d9ea92a</id>
    <lines>52-52</lines>
    <body>...</body>
    <file>...</file>
    <author>...</author>
    <email>...</email>
    <time>2019-06-06T13:53:29Z</time>
    <children/>
  </puzzle>
  <puzzle alive="false">
    <issue href="https://github.com/stryvers/life-lens-app/issues/482" closed="2019-06-22T18:13:34+00:00">482</issue>
    <ticket>31</ticket>
    <estimate>30</estimate>
    <role>DEV</role>
    <id>31-769a6635</id>
    <lines>55-55</lines>
    <body>...</body>
    <file>...</file>
    <author>...</author>
    <email>...</email>
    <time>2019-06-06T13:53:29Z</time>
    <children>
      <puzzle alive="false">
        <issue href="https://github.com/stryvers/life-lens-app/issues/579" closed="2019-08-07T13:55:55+00:00">579</issue>
        <ticket>482</ticket>
        <estimate>30</estimate>
        <role>DEV</role>
        <id>482-e5175558</id>
        <lines>55-55</lines>
        <body>...</body>
        <file>...</file>
        <author>...</author>
        <email>...</email>
        <time>2019-06-22T13:37:34Z</time>
        <children>
          <puzzle alive="true">
            <issue href="https://github.com/stryvers/life-lens-app/issues/803">803</issue>
            <ticket>579</ticket>
            <estimate>30</estimate>
            <role>DEV</role>
            <id>579-bb238ed8</id>
            <lines>187-188</lines>
            <body>...</body>
            <file>...</file>
            <author>...</author>
            <email>...</email>
            <time>2019-08-03T02:16:03Z</time>
            <children/>
          </puzzle>
        </children>
      </puzzle>
    </children>
  </puzzle>
  <puzzle alive="false">
    <issue href="https://github.com/stryvers/life-lens-app/issues/486" closed="2019-08-12T18:40:08+00:00">486</issue>
    <ticket>463</ticket>
    <estimate>30</estimate>
    <role>DEV</role>
    <id>463-27974f56</id>
    <lines>18-20</lines>
    <body>...</body>
    <file>...</file>
    <author>...</author>
    <email>...</email>
    <time>2019-06-05T20:48:55Z</time>
    <children/>
  </puzzle>
  <puzzle alive="false">
    <issue href="https://github.com/stryvers/life-lens-app/issues/488" closed="2019-06-29T03:16:52+00:00">488</issue>
    <ticket>429</ticket>
    <estimate>30</estimate>
    <role>DEV</role>
    <id>429-c73ad69a</id>
    <lines>1-1</lines>
    <body>...</body>
    <file>...</file>
    <author>...</author>
    <email>...</email>
    <time>2019-06-08T03:55:10Z</time>
    <children/>
  </puzzle>
  <puzzle alive="false">
    <issue href="https://github.com/stryvers/life-lens-app/issues/489" closed="2019-07-17T14:28:42+00:00">489</issue>
    <ticket>429</ticket>
    <estimate>30</estimate>
    <role>DEV</role>
    <id>429-78c4875e</id>
    <lines>2-3</lines>
    <body>...</body>
    <file>...</file>
    <author>...</author>
    <email>...</email>
    <time>2019-06-06T03:44:07Z</time>
    <children>
      <puzzle alive="true">
        <issue href="https://github.com/stryvers/life-lens-app/issues/703">703</issue>
        <ticket>489</ticket>
        <estimate>30</estimate>
        <role>DEV</role>
        <id>489-78c4875e</id>
        <lines>1-2</lines>
        <body>...</body>
        <file>...</file>
        <author>...</author>
        <email>...</email>
        <time>2019-07-17T13:44:46Z</time>
        <children/>
      </puzzle>
    </children>
  </puzzle>
  <puzzle alive="false">
    <issue href="https://github.com/stryvers/life-lens-app/issues/532" closed="2019-06-17T23:52:42+00:00">532</issue>
    <ticket>431</ticket>
    <estimate>30</estimate>
    <role>DEV</role>
    <id>431-41375937</id>
    <lines>5-6</lines>
    <body>...</body>
    <file>...</file>
    <author>...</author>
    <email>...</email>
    <time>2019-06-14T02:43:28Z</time>
    <children/>
  </puzzle>
  <puzzle alive="true">
    <issue href="https://github.com/stryvers/life-lens-app/issues/543">543</issue>
    <ticket>430</ticket>
    <estimate>30</estimate>
    <role>DEV</role>
    <id>430-e3256b5d</id>
    <lines>48-49</lines>
    <body>...</body>
    <file>...</file>
    <author>...</author>
    <email>...</email>
    <time>2019-06-16T01:56:30Z</time>
    <children/>
  </puzzle>
  <puzzle alive="false">
    <issue href="https://github.com/stryvers/life-lens-app/issues/549" closed="2019-06-28T04:50:50+00:00">549</issue>
    <ticket>533</ticket>
    <estimate>30</estimate>
    <role>DEV</role>
    <id>533-88d10909</id>
    <lines>4-10</lines>
    <body>...</body>
    <file>...</file>
    <author>...</author>
    <email>...</email>
    <time>2019-06-17T17:52:14Z</time>
    <children>
      <puzzle alive="false">
        <issue href="https://github.com/stryvers/life-lens-app/issues/622" closed="2019-07-08T02:16:30+00:00">622</issue>
        <ticket>549</ticket>
        <estimate>30</estimate>
        <role>DEV</role>
        <id>549-c63d418d</id>
        <lines>11-14</lines>
        <body>...</body>
        <file>...</file>
        <author>...</author>
        <email>...</email>
        <time>2019-06-28T04:14:28Z</time>
        <children/>
      </puzzle>
      <puzzle alive="false">
        <issue href="https://github.com/stryvers/life-lens-app/issues/623" closed="2019-07-23T00:39:25+00:00">623</issue>
        <ticket>549</ticket>
        <estimate>30</estimate>
        <role>DEV</role>
        <id>549-6ce1baab</id>
        <lines>16-19</lines>
        <body>...</body>
        <file>...</file>
        <author>...</author>
        <email>...</email>
        <time>2019-06-28T04:14:28Z</time>
        <children>
          <puzzle alive="false">
            <issue href="https://github.com/stryvers/life-lens-app/issues/731" closed="2019-07-25T17:12:44+00:00">731</issue>
            <ticket>623</ticket>
            <estimate>30</estimate>
            <role>DEV</role>
            <id>623-83188b6a</id>
            <lines>9-10</lines>
            <body>...</body>
            <file>...</file>
            <author>...</author>
            <email>...</email>
            <time>2019-07-22T23:57:49Z</time>
            <children/>
          </puzzle>
          <puzzle alive="false">
            <issue href="https://github.com/stryvers/life-lens-app/issues/732" closed="2019-07-28T03:38:33+00:00">732</issue>
            <ticket>623</ticket>
            <estimate>30</estimate>
            <role>DEV</role>
            <id>623-e61b2533</id>
            <lines>9-13</lines>
            <body>...</body>
            <file>...</file>
            <author>...</author>
            <email>...</email>
            <time>2019-07-22T23:57:49Z</time>
            <children/>
          </puzzle>
          <puzzle alive="true">
            <issue>unknown</issue>
            <ticket>623</ticket>
            <estimate>30</estimate>
            <role>DEV</role>
            <id>623-822930f1</id>
            <lines>4-7</lines>
            <body>...</body>
            <file>...</file>
            <author>...</author>
            <email>...</email>
            <time>2019-07-25T17:47:06Z</time>
            <children/>
          </puzzle>
        </children>
      </puzzle>
    </children>
  </puzzle>
  <puzzle alive="false">
    <issue href="https://github.com/stryvers/life-lens-app/issues/552" closed="2019-07-07T15:36:00+00:00">552</issue>
    <ticket>223</ticket>
    <estimate>30</estimate>
    <role>DEV</role>
    <id>223-52a47b07</id>
    <lines>130-132</lines>
    <body>...</body>
    <file>...</file>
    <author>...</author>
    <email>...</email>
    <time>2019-06-18T13:33:05Z</time>
    <children>
      <puzzle alive="true">
        <issue href="https://github.com/stryvers/life-lens-app/issues/668">668</issue>
        <ticket>552</ticket>
        <estimate>30</estimate>
        <role>DEV</role>
        <id>552-41d51c6c</id>
        <lines>131-134</lines>
        <body>...</body>
        <file>...</file>
        <author>...</author>
        <email>...</email>
        <time>2019-07-07T15:08:48Z</time>
        <children/>
      </puzzle>
    </children>
  </puzzle>
  <puzzle alive="false">
    <issue href="https://github.com/stryvers/life-lens-app/issues/553" closed="2019-07-26T22:57:23+00:00">553</issue>
    <ticket>223</ticket>
    <estimate>30</estimate>
    <role>DEV</role>
    <id>223-3fb7a8c4</id>
    <lines>133-136</lines>
    <body>...</body>
    <file>...</file>
    <author>...</author>
    <email>...</email>
    <time>2019-06-18T13:33:05Z</time>
    <children/>
  </puzzle>
  <puzzle alive="false">
    <issue href="https://github.com/stryvers/life-lens-app/issues/558" closed="2019-07-23T18:49:50+00:00">558</issue>
    <ticket>183</ticket>
    <estimate>30</estimate>
    <role>DEV</role>
    <id>183-d0ed5018</id>
    <lines>79-81</lines>
    <body>...</body>
    <file>...</file>
    <author>...</author>
    <email>...</email>
    <time>2019-06-19T13:31:25Z</time>
    <children>
      <puzzle alive="true">
        <issue href="https://github.com/stryvers/life-lens-app/issues/769">769</issue>
        <ticket>558</ticket>
        <estimate>30</estimate>
        <role>DEV</role>
        <id>558-db1b0947</id>
        <lines>105-106</lines>
        <body>...</body>
        <file>...</file>
        <author>...</author>
        <email>...</email>
        <time>2019-07-28T18:46:55Z</time>
        <children/>
      </puzzle>
      <puzzle alive="true">
        <issue href="https://github.com/stryvers/life-lens-app/issues/770">770</issue>
        <ticket>558</ticket>
        <estimate>30</estimate>
        <role>DEV</role>
        <id>558-b24c85c5</id>
        <lines>109-110</lines>
        <body>...</body>
        <file>...</file>
        <author>...</author>
        <email>...</email>
        <time>2019-07-28T18:46:55Z</time>
        <children/>
      </puzzle>
      <puzzle alive="true">
        <issue href="https://github.com/stryvers/life-lens-app/issues/771">771</issue>
        <ticket>558</ticket>
        <estimate>30</estimate>
        <role>DEV</role>
        <id>558-c04f1453</id>
        <lines>16-17</lines>
        <body>...</body>
        <file>...</file>
        <author>...</author>
        <email>...</email>
        <time>2019-07-14T18:01:30Z</time>
        <children/>
      </puzzle>
    </children>
  </puzzle>
  <puzzle alive="false">
    <issue href="https://github.com/stryvers/life-lens-app/issues/559" closed="2019-07-25T20:05:52+00:00">559</issue>
    <ticket>183</ticket>
    <estimate>30</estimate>
    <role>DEV</role>
    <id>183-6e8bbfff</id>
    <lines>12-15</lines>
    <body>...</body>
    <file>...</file>
    <author>...</author>
    <email>...</email>
    <time>2019-06-19T13:31:25Z</time>
    <children/>
  </puzzle>
  <puzzle alive="false">
    <issue href="https://github.com/stryvers/life-lens-app/issues/560" closed="2019-07-17T15:28:27+00:00">560</issue>
    <ticket>183</ticket>
    <estimate>30</estimate>
    <role>DEV</role>
    <id>183-00bcbad9</id>
    <lines>18-21</lines>
    <body>...</body>
    <file>...</file>
    <author>...</author>
    <email>...</email>
    <time>2019-06-19T13:31:25Z</time>
    <children/>
  </puzzle>
  <puzzle alive="false">
    <issue href="https://github.com/stryvers/life-lens-app/issues/563" closed="2019-07-19T18:39:59+00:00">563</issue>
    <ticket>479</ticket>
    <estimate>30</estimate>
    <role>DEV</role>
    <id>479-ecb19ee9</id>
    <lines>11-18</lines>
    <body>...</body>
    <file>...</file>
    <author>...</author>
    <email>...</email>
    <time>2019-06-19T21:38:08Z</time>
    <children/>
  </puzzle>
  <puzzle alive="false">
    <issue href="https://github.com/stryvers/life-lens-app/issues/565" closed="2019-07-17T05:01:26+00:00">565</issue>
    <ticket>22</ticket>
    <estimate>30</estimate>
    <role>DEV</role>
    <id>22-4ee513b5</id>
    <lines>246-246</lines>
    <body>...</body>
    <file>...</file>
    <author>...</author>
    <email>...</email>
    <time>2019-06-20T01:42:53Z</time>
    <children>
      <puzzle alive="true">
        <issue href="https://github.com/stryvers/life-lens-app/issues/702">702</issue>
        <ticket>565</ticket>
        <estimate>30</estimate>
        <role>DEV</role>
        <id>565-d17c1a31</id>
        <lines>347-349</lines>
        <body>...</body>
        <file>...</file>
        <author>...</author>
        <email>...</email>
        <time>2019-07-08T16:33:12Z</time>
        <children/>
      </puzzle>
    </children>
  </puzzle>
  <puzzle alive="true">
    <issue href="https://github.com/stryvers/life-lens-app/issues/566">566</issue>
    <ticket>22</ticket>
    <estimate>30</estimate>
    <role>DEV</role>
    <id>22-3ebe0528</id>
    <lines>247-247</lines>
    <body>...</body>
    <file>...</file>
    <author>...</author>
    <email>...</email>
    <time>2019-06-20T01:42:53Z</time>
    <children/>
  </puzzle>
  <puzzle alive="false">
    <issue href="https://github.com/stryvers/life-lens-app/issues/575" closed="2019-07-23T19:59:14+00:00">575</issue>
    <ticket>545</ticket>
    <estimate>30</estimate>
    <role>DEV</role>
    <id>545-61ae9e8b</id>
    <lines>98-101</lines>
    <body>...</body>
    <file>...</file>
    <author>...</author>
    <email>...</email>
    <time>2019-06-18T23:30:41Z</time>
    <children>
      <puzzle alive="true">
        <issue href="https://github.com/stryvers/life-lens-app/issues/738">738</issue>
        <ticket>575</ticket>
        <estimate>30</estimate>
        <role>DEV</role>
        <id>575-d650a254</id>
        <lines>26-28</lines>
        <body>...</body>
        <file>...</file>
        <author>...</author>
        <email>...</email>
        <time>2019-07-23T15:58:01Z</time>
        <children/>
      </puzzle>
    </children>
  </puzzle>
  <puzzle alive="false">
    <issue href="https://github.com/stryvers/life-lens-app/issues/584" closed="2019-06-28T04:50:52+00:00">584</issue>
    <ticket>492</ticket>
    <estimate>30</estimate>
    <role>DEV</role>
    <id>492-78eae1b0</id>
    <lines>7-7</lines>
    <body>...</body>
    <file>...</file>
    <author>...</author>
    <email>...</email>
    <time>2019-06-23T16:32:42Z</time>
    <children/>
  </puzzle>
  <puzzle alive="false">
    <issue href="https://github.com/stryvers/life-lens-app/issues/588" closed="2019-07-17T01:51:36+00:00">588</issue>
    <ticket>354</ticket>
    <estimate>30</estimate>
    <role>DEV</role>
    <id>354-6fa8f983</id>
    <lines>30-33</lines>
    <body>...</body>
    <file>...</file>
    <author>...</author>
    <email>...</email>
    <time>2019-06-24T12:42:25Z</time>
    <children>
      <puzzle alive="false">
        <issue href="https://github.com/stryvers/life-lens-app/issues/701" closed="2019-08-05T18:48:08+00:00">701</issue>
        <ticket>588</ticket>
        <estimate>30</estimate>
        <role>DEV</role>
        <id>588-490e7939</id>
        <lines>97-101</lines>
        <body>...</body>
        <file>...</file>
        <author>...</author>
        <email>...</email>
        <time>2019-07-14T05:38:26Z</time>
        <children>
          <puzzle alive="false">
            <issue href="https://github.com/stryvers/life-lens-app/issues/798" closed="2019-08-17T03:56:35+00:00">798</issue>
            <ticket>701</ticket>
            <estimate>30</estimate>
            <role>DEV</role>
            <id>701-077b3d21</id>
            <lines>92-93</lines>
            <body>...</body>
            <file>...</file>
            <author>...</author>
            <email>...</email>
            <time>2019-08-02T14:41:17Z</time>
            <children/>
          </puzzle>
        </children>
      </puzzle>
    </children>
  </puzzle>
  <puzzle alive="true">
    <issue href="https://github.com/stryvers/life-lens-app/issues/589">589</issue>
    <ticket>354</ticket>
    <estimate>30</estimate>
    <role>DEV</role>
    <id>354-3883c057</id>
    <lines>13-16</lines>
    <body>...</body>
    <file>...</file>
    <author>...</author>
    <email>...</email>
    <time>2019-06-24T12:42:25Z</time>
    <children/>
  </puzzle>
  <puzzle alive="false">
    <issue href="https://github.com/stryvers/life-lens-app/issues/590" closed="2019-07-28T22:02:02+00:00">590</issue>
    <ticket>354</ticket>
    <estimate>30</estimate>
    <role>DEV</role>
    <id>354-c32062b1</id>
    <lines>99-102</lines>
    <body>...</body>
    <file>...</file>
    <author>...</author>
    <email>...</email>
    <time>2019-06-24T12:42:25Z</time>
    <children/>
  </puzzle>
  <puzzle alive="false">
    <issue href="https://github.com/stryvers/life-lens-app/issues/591" closed="2019-07-02T23:43:45+00:00">591</issue>
    <ticket>354</ticket>
    <estimate>30</estimate>
    <role>DEV</role>
    <id>354-28c13cbb</id>
    <lines>120-123</lines>
    <body>...</body>
    <file>...</file>
    <author>...</author>
    <email>...</email>
    <time>2019-06-24T12:42:25Z</time>
    <children/>
  </puzzle>
  <puzzle alive="false">
    <issue href="https://github.com/stryvers/life-lens-app/issues/592" closed="2019-08-12T19:19:32+00:00">592</issue>
    <ticket>354</ticket>
    <estimate>30</estimate>
    <role>DEV</role>
    <id>354-b3fc0876</id>
    <lines>15-17</lines>
    <body>...</body>
    <file>...</file>
    <author>...</author>
    <email>...</email>
    <time>2019-06-24T12:42:25Z</time>
    <children>
      <puzzle alive="true">
        <issue href="https://github.com/stryvers/life-lens-app/issues/816">816</issue>
        <ticket>592</ticket>
        <estimate>30</estimate>
        <role>DEV</role>
        <id>592-4db23ff8</id>
        <lines>20-23</lines>
        <body>...</body>
        <file>...</file>
        <author>...</author>
        <email>...</email>
        <time>2019-08-07T09:49:57Z</time>
        <children/>
      </puzzle>
    </children>
  </puzzle>
  <puzzle alive="false">
    <issue href="https://github.com/stryvers/life-lens-app/issues/606" closed="2019-07-31T16:57:10+00:00">606</issue>
    <ticket>550</ticket>
    <estimate>30</estimate>
    <role>DEV</role>
    <id>550-14b30eeb</id>
    <lines>16-16</lines>
    <body>...</body>
    <file>...</file>
    <author>...</author>
    <email>...</email>
    <time>2019-06-25T06:20:25Z</time>
    <children>
      <puzzle alive="false">
        <issue href="https://github.com/stryvers/life-lens-app/issues/779" closed="2019-08-05T17:38:49+00:00">779</issue>
        <ticket>606</ticket>
        <estimate>30</estimate>
        <role>DEV</role>
        <id>606-c964f367</id>
        <lines>23-26</lines>
        <body>...</body>
        <file>...</file>
        <author>...</author>
        <email>...</email>
        <time>2019-07-31T07:28:21Z</time>
        <children/>
      </puzzle>
    </children>
  </puzzle>
  <puzzle alive="true">
    <issue href="https://github.com/stryvers/life-lens-app/issues/639">639</issue>
    <ticket>297</ticket>
    <estimate>30</estimate>
    <role>DEV</role>
    <id>297-0d26fcf5</id>
    <lines>40-42</lines>
    <body>...</body>
    <file>...</file>
    <author>...</author>
    <email>...</email>
    <time>2019-06-30T05:10:59Z</time>
    <children/>
  </puzzle>
  <puzzle alive="true">
    <issue href="https://github.com/stryvers/life-lens-app/issues/640">640</issue>
    <ticket>297</ticket>
    <estimate>30</estimate>
    <role>DEV</role>
    <id>297-f258800f</id>
    <lines>4-6</lines>
    <body>...</body>
    <file>...</file>
    <author>...</author>
    <email>...</email>
    <time>2019-06-25T19:47:41Z</time>
    <children/>
  </puzzle>
  <puzzle alive="false">
    <issue href="https://github.com/stryvers/life-lens-app/issues/669" closed="2019-07-19T14:48:33+00:00">669</issue>
    <ticket>633</ticket>
    <estimate>30</estimate>
    <role>DEV</role>
    <id>633-4e2c1ed4</id>
    <lines>164-166</lines>
    <body>...</body>
    <file>...</file>
    <author>...</author>
    <email>...</email>
    <time>2019-07-03T22:02:22Z</time>
    <children/>
  </puzzle>
  <puzzle alive="false">
    <issue href="https://github.com/stryvers/life-lens-app/issues/670" closed="2019-07-30T12:17:25+00:00">670</issue>
    <ticket>633</ticket>
    <estimate>30</estimate>
    <role>DEV</role>
    <id>633-a9fe0002</id>
    <lines>169-180</lines>
    <body>...</body>
    <file>...</file>
    <author>...</author>
    <email>...</email>
    <time>2019-07-03T22:02:22Z</time>
    <children/>
  </puzzle>
  <puzzle alive="false">
    <issue href="https://github.com/stryvers/life-lens-app/issues/672" closed="2019-07-26T12:00:20+00:00">672</issue>
    <ticket>466</ticket>
    <estimate>30</estimate>
    <role>DEV</role>
    <id>466-a2e7a784</id>
    <lines>99-101</lines>
    <body>...</body>
    <file>...</file>
    <author>...</author>
    <email>...</email>
    <time>2019-07-07T04:35:22Z</time>
    <children>
      <puzzle alive="true">
        <issue>unknown</issue>
        <ticket>672</ticket>
        <estimate>30</estimate>
        <role>DEV</role>
        <id>672-a2e7a784</id>
        <lines>99-101</lines>
        <body>...</body>
        <file>...</file>
        <author>...</author>
        <email>...</email>
        <time>2019-07-25T19:31:11Z</time>
        <children/>
      </puzzle>
      <puzzle alive="true">
        <issue>unknown</issue>
        <ticket>672</ticket>
        <estimate>30</estimate>
        <role>DEV</role>
        <id>672-709b6b3f</id>
        <lines>104-104</lines>
        <body>...</body>
        <file>...</file>
        <author>...</author>
        <email>...</email>
        <time>2019-07-25T19:31:11Z</time>
        <children/>
      </puzzle>
    </children>
  </puzzle>
  <puzzle alive="false">
    <issue href="https://github.com/stryvers/life-lens-app/issues/673" closed="2019-07-13T14:42:19+00:00">673</issue>
    <ticket>656</ticket>
    <estimate>30</estimate>
    <role>DEV</role>
    <id>656-4720f7d2</id>
    <lines>241-244</lines>
    <body>...</body>
    <file>...</file>
    <author>...</author>
    <email>...</email>
    <time>2019-07-05T05:31:55Z</time>
    <children/>
  </puzzle>
  <puzzle alive="false">
    <issue href="https://github.com/stryvers/life-lens-app/issues/674" closed="2019-07-19T13:37:51+00:00">674</issue>
    <ticket>656</ticket>
    <estimate>30</estimate>
    <role>DEV</role>
    <id>656-507ab53e</id>
    <lines>20-29</lines>
    <body>...</body>
    <file>...</file>
    <author>...</author>
    <email>...</email>
    <time>2019-07-05T05:31:55Z</time>
    <children>
      <puzzle alive="true">
        <issue href="https://github.com/stryvers/life-lens-app/issues/716">716</issue>
        <ticket>674</ticket>
        <estimate>30</estimate>
        <role>DEV</role>
        <id>674-18d9a311</id>
        <lines>20-24</lines>
        <body>...</body>
        <file>...</file>
        <author>...</author>
        <email>...</email>
        <time>2019-07-17T22:42:07Z</time>
        <children/>
      </puzzle>
    </children>
  </puzzle>
  <puzzle alive="false">
    <issue href="https://github.com/stryvers/life-lens-app/issues/675" closed="2019-07-23T17:34:52+00:00">675</issue>
    <ticket>656</ticket>
    <estimate>30</estimate>
    <role>DEV</role>
    <id>656-e4a7851d</id>
    <lines>13-20</lines>
    <body>...</body>
    <file>...</file>
    <author>...</author>
    <email>...</email>
    <time>2019-07-05T05:31:55Z</time>
    <children/>
  </puzzle>
  <puzzle alive="false">
    <issue href="https://github.com/stryvers/life-lens-app/issues/676" closed="2019-07-13T13:31:33+00:00">676</issue>
    <ticket>624</ticket>
    <estimate>30</estimate>
    <role>DEV</role>
    <id>624-d0c8e521</id>
    <lines>42-42</lines>
    <body>...</body>
    <file>...</file>
    <author>...</author>
    <email>...</email>
    <time>2019-07-03T21:40:04Z</time>
    <children>
      <puzzle alive="false">
        <issue href="https://github.com/stryvers/life-lens-app/issues/687" closed="2019-07-17T18:28:04+00:00">687</issue>
        <ticket>676</ticket>
        <estimate>30</estimate>
        <role>DEV</role>
        <id>676-bd148a7b</id>
        <lines>43-45</lines>
        <body>...</body>
        <file>...</file>
        <author>...</author>
        <email>...</email>
        <time>2019-07-09T15:58:30Z</time>
        <children>
          <puzzle alive="false">
            <issue href="https://github.com/stryvers/life-lens-app/issues/704" closed="2019-07-19T22:13:41+00:00">704</issue>
            <ticket>687</ticket>
            <estimate>30</estimate>
            <role>DEV</role>
            <id>687-471406d0</id>
            <lines>43-46</lines>
            <body>...</body>
            <file>...</file>
            <author>...</author>
            <email>...</email>
            <time>2019-07-15T08:53:27Z</time>
            <children>
              <puzzle alive="false">
                <issue href="https://github.com/stryvers/life-lens-app/issues/724" closed="2019-07-30T21:33:12+00:00">724</issue>
                <ticket>704</ticket>
                <estimate>30</estimate>
                <role>DEV</role>
                <id>704-24e9044e</id>
                <lines>44-46</lines>
                <body>...</body>
                <file>...</file>
                <author>...</author>
                <email>...</email>
                <time>2019-07-18T15:16:43Z</time>
                <children>
                  <puzzle alive="false">
                    <issue href="https://github.com/stryvers/life-lens-app/issues/768" closed="2019-08-06T17:33:52+00:00">768</issue>
                    <ticket>724</ticket>
                    <estimate>30</estimate>
                    <role>DEV</role>
                    <id>724-3c5a7393</id>
                    <lines>40-44</lines>
                    <body>...</body>
                    <file>...</file>
                    <author>...</author>
                    <email>...</email>
                    <time>2019-07-28T06:50:56Z</time>
                    <children>
                      <puzzle alive="false">
                        <issue href="https://github.com/stryvers/life-lens-app/issues/800" closed="2019-08-12T14:35:18+00:00">800</issue>
                        <ticket>768</ticket>
                        <estimate>30</estimate>
                        <role>DEV</role>
                        <id>768-df1b1822</id>
                        <lines>41-45</lines>
                        <body>...</body>
                        <file>...</file>
                        <author>...</author>
                        <email>...</email>
                        <time>2019-07-31T14:12:32Z</time>
                        <children>
                          <puzzle alive="false">
                            <issue href="https://github.com/stryvers/life-lens-app/issues/813" closed="2019-08-13T03:03:38+00:00">813</issue>
                            <ticket>800</ticket>
                            <estimate>30</estimate>
                            <role>DEV</role>
                            <id>800-2cc8ecb9</id>
                            <lines>18-22</lines>
                            <body>...</body>
                            <file>...</file>
                            <author>...</author>
                            <email>...</email>
                            <time>2019-08-12T05:18:49Z</time>
                            <children/>
                          </puzzle>
                          <puzzle alive="false">
                            <issue href="https://github.com/stryvers/life-lens-app/issues/814" closed="2019-08-13T18:19:46+00:00">814</issue>
                            <ticket>800</ticket>
                            <estimate>30</estimate>
                            <role>DEV</role>
                            <id>800-98a3a2d9</id>
                            <lines>25-27</lines>
                            <body>...</body>
                            <file>...</file>
                            <author>...</author>
                            <email>...</email>
                            <time>2019-08-12T05:18:49Z</time>
                            <children>
                              <puzzle alive="true">
                                <issue href="https://github.com/stryvers/life-lens-app/issues/819">819</issue>
                                <ticket>814</ticket>
                                <estimate>30</estimate>
                                <role>DEV</role>
                                <id>814-b6267f23</id>
                                <lines>147-152</lines>
                                <body>...</body>
                                <file>...</file>
                                <author>...</author>
                                <email>...</email>
                                <time>2019-08-13T17:43:10Z</time>
                                <children/>
                              </puzzle>
                            </children>
                          </puzzle>
                          <puzzle alive="false">
                            <issue href="https://github.com/stryvers/life-lens-app/issues/815" closed="2019-08-15T20:45:05+00:00">815</issue>
                            <ticket>800</ticket>
                            <estimate>30</estimate>
                            <role>DEV</role>
                            <id>800-9b01e3c6</id>
                            <lines>30-34</lines>
                            <body>...</body>
                            <file>...</file>
                            <author>...</author>
                            <email>...</email>
                            <time>2019-08-12T05:18:49Z</time>
                            <children/>
                          </puzzle>
                        </children>
                      </puzzle>
                    </children>
                  </puzzle>
                </children>
              </puzzle>
            </children>
          </puzzle>
        </children>
      </puzzle>
    </children>
  </puzzle>
  <puzzle alive="false">
    <issue href="https://github.com/stryvers/life-lens-app/issues/737" closed="2019-07-30T23:13:19+00:00">737</issue>
    <ticket>183</ticket>
    <estimate>30</estimate>
    <role>DEV</role>
    <id>183-a16bf108</id>
    <lines>114-116</lines>
    <body>...</body>
    <file>...</file>
    <author>...</author>
    <email>...</email>
    <time>2019-07-23T13:31:31Z</time>
    <children/>
  </puzzle>
  <puzzle alive="true">
    <issue>unknown</issue>
    <ticket>631</ticket>
    <estimate>30</estimate>
    <role>DEV</role>
    <id>631-d53ecf6c</id>
    <lines>178-178</lines>
    <body>...</body>
    <file>...</file>
    <author>...</author>
    <email>...</email>
    <time>2019-07-26T22:14:13Z</time>
    <children/>
  </puzzle>
  <puzzle alive="true">
    <issue href="https://github.com/stryvers/life-lens-app/issues/767">767</issue>
    <ticket>119</ticket>
    <estimate>30</estimate>
    <role>DEV</role>
    <id>119-fa5befad</id>
    <lines>30-34</lines>
    <body>...</body>
    <file>...</file>
    <author>...</author>
    <email>...</email>
    <time>2019-07-28T21:26:19Z</time>
    <children/>
  </puzzle>
  <puzzle alive="false">
    <issue href="https://github.com/stryvers/life-lens-app/issues/776" closed="2019-08-06T18:13:25+00:00">776</issue>
    <ticket>753</ticket>
    <estimate>30</estimate>
    <role>DEV</role>
    <id>753-133e5912</id>
    <lines>31-35</lines>
    <body>...</body>
    <file>...</file>
    <author>...</author>
    <email>...</email>
    <time>2019-07-28T16:10:05Z</time>
    <children>
      <puzzle alive="true">
        <issue href="https://github.com/stryvers/life-lens-app/issues/801">801</issue>
        <ticket>776</ticket>
        <estimate>30</estimate>
        <role>DEV</role>
        <id>776-2b7bc7d8</id>
        <lines>31-35</lines>
        <body>...</body>
        <file>...</file>
        <author>...</author>
        <email>...</email>
        <time>2019-07-31T23:30:11Z</time>
        <children/>
      </puzzle>
    </children>
  </puzzle>
  <puzzle alive="true">
    <issue href="https://github.com/stryvers/life-lens-app/issues/778">778</issue>
    <ticket>696</ticket>
    <estimate>30</estimate>
    <role>DEV</role>
    <id>696-f9daa10c</id>
    <lines>9-12</lines>
    <body>...</body>
    <file>...</file>
    <author>...</author>
    <email>...</email>
    <time>2019-07-28T17:14:19Z</time>
    <children/>
  </puzzle>
  <puzzle alive="true">
    <issue href="https://github.com/stryvers/life-lens-app/issues/796">796</issue>
    <ticket>715</ticket>
    <estimate>30</estimate>
    <role>DEV</role>
    <id>715-35a9a3fa</id>
    <lines>124-127</lines>
    <body>...</body>
    <file>...</file>
    <author>...</author>
    <email>...</email>
    <time>2019-08-05T02:06:15Z</time>
    <children/>
  </puzzle>
  <puzzle alive="true">
    <issue href="https://github.com/stryvers/life-lens-app/issues/797">797</issue>
    <ticket>715</ticket>
    <estimate>30</estimate>
    <role>DEV</role>
    <id>715-aa51bcf2</id>
    <lines>7-7</lines>
    <body>...</body>
    <file>...</file>
    <author>...</author>
    <email>...</email>
    <time>2019-08-02T14:25:20Z</time>
    <children/>
  </puzzle>
  <puzzle alive="true">
    <issue href="https://github.com/stryvers/life-lens-app/issues/809">809</issue>
    <ticket>299</ticket>
    <estimate>30</estimate>
    <role>DEV</role>
    <id>299-ba01a175</id>
    <lines>10-12</lines>
    <body>...</body>
    <file>...</file>
    <author>...</author>
    <email>...</email>
    <time>2019-08-09T13:05:55Z</time>
    <children/>
  </puzzle>
  <puzzle alive="true">
    <issue href="https://github.com/stryvers/life-lens-app/issues/810">810</issue>
    <ticket>299</ticket>
    <estimate>30</estimate>
    <role>DEV</role>
    <id>299-b72c504b</id>
    <lines>15-20</lines>
    <body>...</body>
    <file>...</file>
    <author>...</author>
    <email>...</email>
    <time>2019-08-09T13:05:55Z</time>
    <children/>
  </puzzle>
  <puzzle alive="true">
    <issue href="https://github.com/stryvers/life-lens-app/issues/811">811</issue>
    <ticket>299</ticket>
    <estimate>30</estimate>
    <role>DEV</role>
    <id>299-2118a8ec</id>
    <lines>23-26</lines>
    <body>...</body>
    <file>...</file>
    <author>...</author>
    <email>...</email>
    <time>2019-08-09T13:05:55Z</time>
    <children/>
  </puzzle>
  <puzzle alive="true">
    <issue href="https://github.com/stryvers/life-lens-app/issues/828">828</issue>
    <ticket>826</ticket>
    <estimate>30</estimate>
    <role>DEV</role>
    <id>826-dbf9ab79</id>
    <lines>181-182</lines>
    <body>...</body>
    <file>...</file>
    <author>...</author>
    <email>...</email>
    <time>2019-08-17T22:52:57Z</time>
    <children/>
  </puzzle>
</puzzles>
