<?xml version="1.0"?>
<puzzles xmlns:xsi="http://www.w3.org/2001/XMLSchema-instance" xsi:noNamespaceSchemaLocation="http://www.0pdd.com/puzzles.xsd" date="2019-12-08T12:20:57+00:00" version="BUILD">
  <puzzle alive="false">
    <issue href="https://github.com/aivinog1/omdb-api/issues/3" closed="2019-11-10T04:29:11+00:00">3</issue>
    <ticket>1</ticket>
    <estimate>30</estimate>
    <role>DEV</role>
    <id>1-f5a0ef9f</id>
    <lines>1-1</lines>
    <body>...</body>
    <file>...</file>
    <author>...</author>
    <email>...</email>
    <time>2019-11-02T14:48:17Z</time>
    <children>
      <puzzle alive="true">
        <issue href="https://github.com/aivinog1/omdb-api/issues/24">24</issue>
        <ticket>3</ticket>
        <estimate>30</estimate>
        <role>DEV</role>
        <id>3-baa049cb</id>
        <lines>12-12</lines>
        <body>...</body>
        <file>...</file>
        <author>...</author>
        <email>...</email>
        <time>2019-11-10T04:25:53Z</time>
        <children/>
      </puzzle>
    </children>
  </puzzle>
  <puzzle alive="true">
    <issue href="https://github.com/aivinog1/omdb-api/issues/4">4</issue>
    <ticket>1</ticket>
    <estimate>30</estimate>
    <role>DEV</role>
    <id>1-afea31da</id>
    <lines>2-2</lines>
    <body>...</body>
    <file>...</file>
    <author>...</author>
    <email>...</email>
    <time>2019-11-02T14:48:17Z</time>
    <children/>
  </puzzle>
  <puzzle alive="false">
    <issue href="https://github.com/aivinog1/omdb-api/issues/5" closed="2019-11-10T04:04:54+00:00">5</issue>
    <ticket>1</ticket>
    <estimate>60</estimate>
    <role>DEV</role>
    <id>1-eae95664</id>
    <lines>1-1</lines>
    <body>...</body>
    <file>...</file>
    <author>...</author>
    <email>...</email>
    <time>2019-11-02T14:48:17Z</time>
    <children>
      <puzzle alive="true">
        <issue href="https://github.com/aivinog1/omdb-api/issues/9">9</issue>
        <ticket>5</ticket>
        <estimate>30</estimate>
        <role>DEV</role>
        <id>5-476fa2cc</id>
        <lines>31-32</lines>
        <body>...</body>
        <file>...</file>
        <author>...</author>
        <email>...</email>
        <time>2019-11-10T03:56:48Z</time>
        <children/>
      </puzzle>
      <puzzle alive="false">
        <issue href="https://github.com/aivinog1/omdb-api/issues/10" closed="2019-12-08T12:20:10+00:00">10</issue>
        <ticket>5</ticket>
        <estimate>30</estimate>
        <role>DEV</role>
        <id>5-ceeba3cd</id>
        <lines>34-36</lines>
        <body>...</body>
        <file>...</file>
        <author>...</author>
        <email>...</email>
        <time>2019-11-10T03:56:48Z</time>
        <children/>
      </puzzle>
      <puzzle alive="true">
        <issue href="https://github.com/aivinog1/omdb-api/issues/11">11</issue>
        <ticket>5</ticket>
        <estimate>30</estimate>
        <role>DEV</role>
        <id>5-56cc6d49</id>
        <lines>33-34</lines>
        <body>...</body>
        <file>...</file>
        <author>...</author>
        <email>...</email>
        <time>2019-11-10T03:56:48Z</time>
        <children/>
      </puzzle>
      <puzzle alive="true">
        <issue href="https://github.com/aivinog1/omdb-api/issues/12">12</issue>
        <ticket>5</ticket>
        <estimate>30</estimate>
        <role>DEV</role>
        <id>5-cda8a018</id>
        <lines>32-33</lines>
        <body>...</body>
        <file>...</file>
        <author>...</author>
        <email>...</email>
        <time>2019-11-10T03:56:48Z</time>
        <children/>
      </puzzle>
      <puzzle alive="false">
        <issue href="https://github.com/aivinog1/omdb-api/issues/13" closed="2019-12-08T12:20:15+00:00">13</issue>
        <ticket>5</ticket>
        <estimate>30</estimate>
        <role>DEV</role>
        <id>5-13608e5c</id>
        <lines>34-36</lines>
        <body>...</body>
        <file>...</file>
        <author>...</author>
        <email>...</email>
        <time>2019-11-10T03:56:48Z</time>
        <children/>
      </puzzle>
      <puzzle alive="true">
        <issue href="https://github.com/aivinog1/omdb-api/issues/14">14</issue>
        <ticket>5</ticket>
        <estimate>30</estimate>
        <role>DEV</role>
        <id>5-9a29612b</id>
        <lines>32-34</lines>
        <body>...</body>
        <file>...</file>
        <author>...</author>
        <email>...</email>
        <time>2019-11-10T03:56:48Z</time>
        <children/>
      </puzzle>
      <puzzle alive="true">
        <issue href="https://github.com/aivinog1/omdb-api/issues/15">15</issue>
        <ticket>5</ticket>
        <estimate>30</estimate>
        <role>DEV</role>
        <id>5-f290ff19</id>
        <lines>33-34</lines>
        <body>...</body>
        <file>...</file>
        <author>...</author>
        <email>...</email>
        <time>2019-11-10T03:56:48Z</time>
        <children/>
      </puzzle>
      <puzzle alive="true">
        <issue href="https://github.com/aivinog1/omdb-api/issues/16">16</issue>
        <ticket>5</ticket>
        <estimate>30</estimate>
        <role>DEV</role>
        <id>5-66ff6dc3</id>
        <lines>34-35</lines>
        <body>...</body>
        <file>...</file>
        <author>...</author>
        <email>...</email>
        <time>2019-11-10T03:56:48Z</time>
        <children/>
      </puzzle>
      <puzzle alive="true">
        <issue href="https://github.com/aivinog1/omdb-api/issues/17">17</issue>
        <ticket>5</ticket>
        <estimate>30</estimate>
        <role>DEV</role>
        <id>5-7958f5c1</id>
        <lines>32-33</lines>
        <body>...</body>
        <file>...</file>
        <author>...</author>
        <email>...</email>
        <time>2019-11-10T03:56:48Z</time>
        <children/>
      </puzzle>
      <puzzle alive="true">
        <issue href="https://github.com/aivinog1/omdb-api/issues/18">18</issue>
        <ticket>5</ticket>
        <estimate>30</estimate>
        <role>DEV</role>
        <id>5-5d47bdff</id>
        <lines>33-34</lines>
        <body>...</body>
        <file>...</file>
        <author>...</author>
        <email>...</email>
        <time>2019-11-10T03:56:48Z</time>
        <children/>
      </puzzle>
      <puzzle alive="true">
        <issue href="https://github.com/aivinog1/omdb-api/issues/19">19</issue>
        <ticket>5</ticket>
        <estimate>30</estimate>
        <role>DEV</role>
        <id>5-e5a21740</id>
        <lines>40-41</lines>
        <body>...</body>
        <file>...</file>
        <author>...</author>
        <email>...</email>
        <time>2019-11-10T03:56:48Z</time>
        <children/>
      </puzzle>
      <puzzle alive="true">
        <issue href="https://github.com/aivinog1/omdb-api/issues/20">20</issue>
        <ticket>5</ticket>
        <estimate>30</estimate>
        <role>DEV</role>
        <id>5-192574f3</id>
        <lines>35-36</lines>
        <body>...</body>
        <file>...</file>
        <author>...</author>
        <email>...</email>
        <time>2019-11-10T03:56:48Z</time>
        <children/>
      </puzzle>
      <puzzle alive="true">
        <ticket>5</ticket>
        <estimate>30</estimate>
        <role>DEV</role>
        <id>5-244ac8f1</id>
        <lines>33-34</lines>
        <body>...</body>
        <file>...</file>
        <author>...</author>
        <email>...</email>
        <time>2019-12-08T12:10:07Z</time>
        <children/>
        <issue href="https://github.com/aivinog1/omdb-api/issues/26">26</issue>
      </puzzle>
      <puzzle alive="true">
        <ticket>5</ticket>
        <estimate>30</estimate>
        <role>DEV</role>
        <id>5-fab4cb61</id>
        <lines>34-35</lines>
        <body>...</body>
        <file>...</file>
        <author>...</author>
        <email>...</email>
        <time>2019-12-08T12:10:07Z</time>
        <children/>
        <issue href="https://github.com/aivinog1/omdb-api/issues/27">27</issue>
      </puzzle>
      <puzzle alive="true">
        <ticket>5</ticket>
        <estimate>30</estimate>
        <role>DEV</role>
        <id>5-8f0d5d8d</id>
        <lines>34-36</lines>
        <body>...</body>
        <file>...</file>
        <author>...</author>
        <email>...</email>
        <time>2019-12-08T12:10:07Z</time>
        <children/>
        <issue href="https://github.com/aivinog1/omdb-api/issues/28">28</issue>
      </puzzle>
      <puzzle alive="true">
        <ticket>5</ticket>
        <estimate>30</estimate>
        <role>DEV</role>
        <id>5-4bf01f8c</id>
        <lines>34-37</lines>
        <body>...</body>
        <file>...</file>
        <author>...</author>
        <email>...</email>
        <time>2019-12-08T12:10:07Z</time>
        <children/>
        <issue href="https://github.com/aivinog1/omdb-api/issues/29">29</issue>
      </puzzle>
      <puzzle alive="true">
        <ticket>5</ticket>
        <estimate>30</estimate>
        <role>DEV</role>
        <id>5-3d02171c</id>
        <lines>34-35</lines>
        <body>...</body>
        <file>...</file>
        <author>...</author>
        <email>...</email>
        <time>2019-12-08T12:10:07Z</time>
        <children/>
        <issue href="https://github.com/aivinog1/omdb-api/issues/30">30</issue>
      </puzzle>
    </children>
  </puzzle>
  <puzzle alive="false">
    <issue href="https://github.com/aivinog1/omdb-api/issues/22" closed="2019-12-08T12:20:21+00:00">22</issue>
    <ticket>6</ticket>
    <estimate>30</estimate>
    <role>DEV</role>
    <id>6-40cff603</id>
    <lines>42-43</lines>
    <body>...</body>
    <file>...</file>
    <author>...</author>
    <email>...</email>
    <time>2019-11-10T04:13:46Z</time>
    <children>
      <puzzle alive="true">
        <ticket>22</ticket>
        <estimate>30</estimate>
        <role>DEV</role>
        <id>22-6955223a</id>
        <lines>40-42</lines>
        <body>...</body>
        <file>...</file>
        <author>...</author>
        <email>...</email>
        <time>2019-12-08T12:10:07Z</time>
        <children/>
        <issue href="https://github.com/aivinog1/omdb-api/issues/31">31</issue>
      </puzzle>
    </children>
  </puzzle>
</puzzles>
