<?xml version="1.0"?>
<puzzles xmlns:xsi="http://www.w3.org/2001/XMLSchema-instance" xsi:noNamespaceSchemaLocation="http://www.0pdd.com/puzzles.xsd" date="2019-09-19T17:12:21+00:00" version="0.30.18">
  <puzzle alive="true">
    <issue href="https://github.com/agorlov/lipid/issues/82">82</issue>
    <ticket>80</ticket>
    <estimate>0</estimate>
    <role>DEV</role>
    <id>80-42ecc0d9</id>
    <lines>8-8</lines>
    <body>...</body>
    <file>...</file>
    <author>...</author>
    <email>...</email>
    <time>2019-08-30T09:32:03Z</time>
    <children/>
  </puzzle>
  <puzzle alive="true">
    <issue href="https://github.com/agorlov/lipid/issues/85">85</issue>
    <ticket>75</ticket>
    <estimate>0</estimate>
    <role>DEV</role>
    <id>75-69436f83</id>
    <lines>157-157</lines>
    <body>...</body>
    <file>...</file>
    <author>...</author>
    <email>...</email>
    <time>2019-09-13T21:17:23Z</time>
    <children/>
  </puzzle>
</puzzles>
