<?xml version="1.0"?>
<puzzles xmlns:xsi="http://www.w3.org/2001/XMLSchema-instance" xsi:noNamespaceSchemaLocation="http://www.0pdd.com/puzzles.xsd" date="2019-06-07T23:57:42+00:00" version="0.30.18">
  <puzzle alive="true">
    <issue href="https://github.com/oridan/matrix/issues/2">2</issue>
    <ticket>1</ticket>
    <estimate>0</estimate>
    <role>DEV</role>
    <id>1-32073b33</id>
    <lines>1-1</lines>
    <body>...</body>
    <file>...</file>
    <author>...</author>
    <email>...</email>
    <time>2019-06-06T15:41:16Z</time>
    <children/>
  </puzzle>
</puzzles>
