<?xml version="1.0"?>
<puzzles xmlns:xsi="http://www.w3.org/2001/XMLSchema-instance" xsi:noNamespaceSchemaLocation="http://www.0pdd.com/puzzles.xsd" date="2019-10-25T14:50:13+00:00" version="0.30.19">
  <puzzle alive="false">
    <issue href="https://github.com/siriwatknp/mui-treasury/issues/166" closed="2019-10-25T14:50:13+00:00">166</issue>
    <ticket>165</ticket>
    <estimate>0</estimate>
    <role>DEV</role>
    <id>165-f7a467f7</id>
    <lines>3-3</lines>
    <body>...</body>
    <file>...</file>
    <author>...</author>
    <email>...</email>
    <time>2019-10-21T16:34:09Z</time>
    <children/>
  </puzzle>
</puzzles>
