<?xml version="1.0"?>
<puzzles xmlns:xsi="http://www.w3.org/2001/XMLSchema-instance" xsi:noNamespaceSchemaLocation="http://www.0pdd.com/puzzles.xsd" date="2019-10-19T08:12:26+00:00" version="0.30.18">
  <puzzle alive="true">
    <issue href="https://github.com/narze/hacktoberfest_ez/issues/13">13</issue>
    <ticket>1</ticket>
    <estimate>0</estimate>
    <role>DEV</role>
    <id>1-b1c27b3d</id>
    <lines>30-30</lines>
    <body>...</body>
    <file>...</file>
    <author>...</author>
    <email>...</email>
    <time>2019-10-19T08:10:20Z</time>
    <children/>
  </puzzle>
</puzzles>
