<?xml version="1.0"?>
<puzzles xmlns:xsi="http://www.w3.org/2001/XMLSchema-instance" xsi:noNamespaceSchemaLocation="http://www.0pdd.com/puzzles.xsd" date="2021-01-19T14:01:52+00:00" version="0.30.22">
  <puzzle alive="true">
    <issue href="https://github.com/aaronmyatt/sorewhere/issues/2">2</issue>
    <ticket>1</ticket>
    <estimate>0</estimate>
    <role>DEV</role>
    <id>1-967bfe3d</id>
    <lines>16-16</lines>
    <body>...</body>
    <file>...</file>
    <author>...</author>
    <email>...</email>
    <time>2021-01-19T13:47:02Z</time>
    <children/>
  </puzzle>
</puzzles>
