<?xml version="1.0"?>
<puzzles xmlns:xsi="http://www.w3.org/2001/XMLSchema-instance" xsi:noNamespaceSchemaLocation="http://www.0pdd.com/puzzles.xsd" date="2019-03-30T03:18:17+00:00" version="0.30.16">
  <puzzle alive="false">
    <issue href="https://github.com/aaronmyatt/tech-weights/issues/2" closed="2019-02-22T15:19:23+00:00">2</issue>
    <ticket>1</ticket>
    <estimate>0</estimate>
    <role>DEV</role>
    <id>1-89195f72</id>
    <lines>1-2</lines>
    <body>...</body>
    <file>...</file>
    <author>...</author>
    <email>...</email>
    <time>2019-02-22T07:06:36Z</time>
    <children>
      <puzzle alive="false">
        <issue href="https://github.com/aaronmyatt/tech-weights/issues/3" closed="2019-02-22T18:04:02+00:00">3</issue>
        <ticket>2</ticket>
        <estimate>30</estimate>
        <role>DEV</role>
        <id>2-4ed37bb4</id>
        <lines>1-3</lines>
        <body>...</body>
        <file>...</file>
        <author>...</author>
        <email>...</email>
        <time>2019-02-22T15:18:23Z</time>
        <children>
          <puzzle alive="false">
            <issue href="https://github.com/aaronmyatt/tech-weights/issues/4" closed="2019-02-22T18:28:54+00:00">4</issue>
            <ticket>3</ticket>
            <estimate>30</estimate>
            <role>DEV</role>
            <id>3-eb4dd0fd</id>
            <lines>1-3</lines>
            <body>...</body>
            <file>...</file>
            <author>...</author>
            <email>...</email>
            <time>2019-02-22T18:03:51Z</time>
            <children>
              <puzzle alive="false">
                <issue href="https://github.com/aaronmyatt/tech-weights/issues/5" closed="2019-02-28T16:45:02+00:00">5</issue>
                <ticket>4</ticket>
                <estimate>30</estimate>
                <role>DEV</role>
                <id>4-b8f1744c</id>
                <lines>6-9</lines>
                <body>...</body>
                <file>...</file>
                <author>...</author>
                <email>...</email>
                <time>2019-02-22T18:28:38Z</time>
                <children>
                  <puzzle alive="false">
                    <issue href="https://github.com/aaronmyatt/tech-weights/issues/14" closed="2019-03-05T17:16:39+00:00">14</issue>
                    <ticket>5</ticket>
                    <estimate>30</estimate>
                    <role>DEV</role>
                    <id>5-5a75ae5c</id>
                    <lines>30-31</lines>
                    <body>...</body>
                    <file>...</file>
                    <author>...</author>
                    <email>...</email>
                    <time>2019-02-28T16:33:39Z</time>
                    <children>
                      <puzzle alive="false">
                        <issue href="https://github.com/aaronmyatt/tech-weights/issues/28" closed="2019-03-08T17:15:54+00:00">28</issue>
                        <ticket>14</ticket>
                        <estimate>30</estimate>
                        <role>DEV</role>
                        <id>14-7bef3f0c</id>
                        <lines>22-23</lines>
                        <body>...</body>
                        <file>...</file>
                        <author>...</author>
                        <email>...</email>
                        <time>2019-03-05T17:16:27Z</time>
                        <children/>
                      </puzzle>
                    </children>
                  </puzzle>
                  <puzzle alive="false">
                    <issue href="https://github.com/aaronmyatt/tech-weights/issues/15" closed="2019-03-08T17:21:19+00:00">15</issue>
                    <ticket>5</ticket>
                    <estimate>30</estimate>
                    <role>DEV</role>
                    <id>5-34ec4fdc</id>
                    <lines>33-35</lines>
                    <body>...</body>
                    <file>...</file>
                    <author>...</author>
                    <email>...</email>
                    <time>2019-02-28T16:33:39Z</time>
                    <children/>
                  </puzzle>
                  <puzzle alive="false">
                    <issue href="https://github.com/aaronmyatt/tech-weights/issues/16" closed="2019-03-01T17:13:09+00:00">16</issue>
                    <ticket>5</ticket>
                    <estimate>30</estimate>
                    <role>DEV</role>
                    <id>5-db0d769c</id>
                    <lines>37-38</lines>
                    <body>...</body>
                    <file>...</file>
                    <author>...</author>
                    <email>...</email>
                    <time>2019-02-28T16:33:39Z</time>
                    <children/>
                  </puzzle>
                  <puzzle alive="false">
                    <issue href="https://github.com/aaronmyatt/tech-weights/issues/19" closed="2019-03-01T17:22:36+00:00">19</issue>
                    <ticket>5</ticket>
                    <estimate>30</estimate>
                    <role>DEV</role>
                    <id>5-ac66e358</id>
                    <lines>27-27</lines>
                    <body>...</body>
                    <file>...</file>
                    <author>...</author>
                    <email>...</email>
                    <time>2019-03-01T17:12:57Z</time>
                    <children>
                      <puzzle alive="false">
                        <issue href="https://github.com/aaronmyatt/tech-weights/issues/20" closed="2019-03-03T10:17:11+00:00">20</issue>
                        <ticket>19</ticket>
                        <estimate>30</estimate>
                        <role>DEV</role>
                        <id>19-84a0cb1a</id>
                        <lines>15-16</lines>
                        <body>...</body>
                        <file>...</file>
                        <author>...</author>
                        <email>...</email>
                        <time>2019-03-01T17:22:23Z</time>
                        <children/>
                      </puzzle>
                      <puzzle alive="true">
                        <issue href="https://github.com/aaronmyatt/tech-weights/issues/21">21</issue>
                        <ticket>19</ticket>
                        <estimate>30</estimate>
                        <role>DEV</role>
                        <id>19-566a2f2f</id>
                        <lines>10-11</lines>
                        <body>...</body>
                        <file>...</file>
                        <author>...</author>
                        <email>...</email>
                        <time>2019-03-01T17:22:23Z</time>
                        <children/>
                      </puzzle>
                      <puzzle alive="false">
                        <issue href="https://github.com/aaronmyatt/tech-weights/issues/22" closed="2019-03-03T10:17:12+00:00">22</issue>
                        <ticket>19</ticket>
                        <estimate>30</estimate>
                        <role>DEV</role>
                        <id>19-46d1764a</id>
                        <lines>27-28</lines>
                        <body>...</body>
                        <file>...</file>
                        <author>...</author>
                        <email>...</email>
                        <time>2019-03-01T17:22:23Z</time>
                        <children>
                          <puzzle alive="false">
                            <issue href="https://github.com/aaronmyatt/tech-weights/issues/26" closed="2019-03-04T19:20:30+00:00">26</issue>
                            <ticket>22</ticket>
                            <estimate>30</estimate>
                            <role>DEV</role>
                            <id>22-c6eaf22a</id>
                            <lines>27-27</lines>
                            <body>...</body>
                            <file>...</file>
                            <author>...</author>
                            <email>...</email>
                            <time>2019-03-03T10:16:58Z</time>
                            <children>
                              <puzzle alive="false">
                                <issue href="https://github.com/aaronmyatt/tech-weights/issues/27" closed="2019-03-08T17:24:59+00:00">27</issue>
                                <ticket>26</ticket>
                                <estimate>30</estimate>
                                <role>DEV</role>
                                <id>26-4e03b918</id>
                                <lines>13-13</lines>
                                <body>...</body>
                                <file>...</file>
                                <author>...</author>
                                <email>...</email>
                                <time>2019-03-04T19:20:09Z</time>
                                <children/>
                              </puzzle>
                            </children>
                          </puzzle>
                        </children>
                      </puzzle>
                    </children>
                  </puzzle>
                </children>
              </puzzle>
              <puzzle alive="false">
                <issue href="https://github.com/aaronmyatt/tech-weights/issues/6" closed="2019-02-28T16:45:05+00:00">6</issue>
                <ticket>4</ticket>
                <estimate>30</estimate>
                <role>DEV</role>
                <id>4-054731d3</id>
                <lines>11-11</lines>
                <body>...</body>
                <file>...</file>
                <author>...</author>
                <email>...</email>
                <time>2019-02-22T18:28:38Z</time>
                <children/>
              </puzzle>
              <puzzle alive="false">
                <issue href="https://github.com/aaronmyatt/tech-weights/issues/7" closed="2019-02-23T05:12:35+00:00">7</issue>
                <ticket>4</ticket>
                <estimate>30</estimate>
                <role>DEV</role>
                <id>4-3d1d6b86</id>
                <lines>1-3</lines>
                <body>...</body>
                <file>...</file>
                <author>...</author>
                <email>...</email>
                <time>2019-02-22T18:28:38Z</time>
                <children>
                  <puzzle alive="false">
                    <issue href="https://github.com/aaronmyatt/tech-weights/issues/9" closed="2019-02-28T16:45:08+00:00">9</issue>
                    <ticket>7</ticket>
                    <estimate>30</estimate>
                    <role>DEV</role>
                    <id>7-17beb4f8</id>
                    <lines>13-16</lines>
                    <body>...</body>
                    <file>...</file>
                    <author>...</author>
                    <email>...</email>
                    <time>2019-02-23T05:10:18Z</time>
                    <children/>
                  </puzzle>
                  <puzzle alive="false">
                    <issue href="https://github.com/aaronmyatt/tech-weights/issues/10" closed="2019-03-01T17:11:11+00:00">10</issue>
                    <ticket>7</ticket>
                    <estimate>30</estimate>
                    <role>LEARN</role>
                    <id>7-6427619d</id>
                    <lines>18-20</lines>
                    <body>...</body>
                    <file>...</file>
                    <author>...</author>
                    <email>...</email>
                    <time>2019-02-23T05:23:18Z</time>
                    <children/>
                  </puzzle>
                  <puzzle alive="false">
                    <issue href="https://github.com/aaronmyatt/tech-weights/issues/17" closed="2019-03-01T17:11:13+00:00">17</issue>
                    <ticket>7</ticket>
                    <estimate>30</estimate>
                    <role>DEV</role>
                    <id>7-1868dc9c</id>
                    <lines>21-24</lines>
                    <body>...</body>
                    <file>...</file>
                    <author>...</author>
                    <email>...</email>
                    <time>2019-02-28T16:33:39Z</time>
                    <children/>
                  </puzzle>
                </children>
              </puzzle>
              <puzzle alive="false">
                <issue href="https://github.com/aaronmyatt/tech-weights/issues/8" closed="2019-02-28T16:01:17+00:00">8</issue>
                <ticket>4</ticket>
                <estimate>30</estimate>
                <role>DEV</role>
                <id>4-af6d7e56</id>
                <lines>5-7</lines>
                <body>...</body>
                <file>...</file>
                <author>...</author>
                <email>...</email>
                <time>2019-02-22T18:28:38Z</time>
                <children/>
              </puzzle>
              <puzzle alive="false">
                <issue href="https://github.com/aaronmyatt/tech-weights/issues/11" closed="2019-02-28T16:45:13+00:00">11</issue>
                <ticket>4</ticket>
                <estimate>30</estimate>
                <role>DEV</role>
                <id>4-ea441adc</id>
                <lines>6-6</lines>
                <body>...</body>
                <file>...</file>
                <author>...</author>
                <email>...</email>
                <time>2019-02-28T16:08:11Z</time>
                <children/>
              </puzzle>
              <puzzle alive="false">
                <issue href="https://github.com/aaronmyatt/tech-weights/issues/12" closed="2019-03-16T04:43:31+00:00">12</issue>
                <ticket>4</ticket>
                <estimate>30</estimate>
                <role>DEV</role>
                <id>4-e3d7290d</id>
                <lines>8-8</lines>
                <body>...</body>
                <file>...</file>
                <author>...</author>
                <email>...</email>
                <time>2019-02-28T16:08:11Z</time>
                <children/>
              </puzzle>
              <puzzle alive="false">
                <issue href="https://github.com/aaronmyatt/tech-weights/issues/13" closed="2019-03-16T05:32:08+00:00">13</issue>
                <ticket>4</ticket>
                <estimate>30</estimate>
                <role>DEV</role>
                <id>4-d1445bf6</id>
                <lines>10-11</lines>
                <body>...</body>
                <file>...</file>
                <author>...</author>
                <email>...</email>
                <time>2019-02-28T16:08:11Z</time>
                <children/>
              </puzzle>
              <puzzle alive="false">
                <issue href="https://github.com/aaronmyatt/tech-weights/issues/18" closed="2019-03-01T17:22:38+00:00">18</issue>
                <ticket>4</ticket>
                <estimate>30</estimate>
                <role>DEV</role>
                <id>4-098fd801</id>
                <lines>8-8</lines>
                <body>...</body>
                <file>...</file>
                <author>...</author>
                <email>...</email>
                <time>2019-02-28T16:33:39Z</time>
                <children/>
              </puzzle>
              <puzzle alive="false">
                <issue href="https://github.com/aaronmyatt/tech-weights/issues/23" closed="2019-03-02T17:10:26+00:00">23</issue>
                <ticket>4</ticket>
                <estimate>30</estimate>
                <role>DEV</role>
                <id>4-4f320a69</id>
                <lines>8-8</lines>
                <body>...</body>
                <file>...</file>
                <author>...</author>
                <email>...</email>
                <time>2019-03-01T17:22:23Z</time>
                <children>
                  <puzzle alive="true">
                    <issue href="https://github.com/aaronmyatt/tech-weights/issues/24">24</issue>
                    <ticket>23</ticket>
                    <estimate>30</estimate>
                    <role>DEV</role>
                    <id>23-30a6266b</id>
                    <lines>15-15</lines>
                    <body>...</body>
                    <file>...</file>
                    <author>...</author>
                    <email>...</email>
                    <time>2019-03-02T17:10:14Z</time>
                    <children/>
                  </puzzle>
                  <puzzle alive="false">
                    <issue href="https://github.com/aaronmyatt/tech-weights/issues/25" closed="2019-03-16T04:43:33+00:00">25</issue>
                    <ticket>23</ticket>
                    <estimate>30</estimate>
                    <role>DEV</role>
                    <id>23-54650b08</id>
                    <lines>17-17</lines>
                    <body>...</body>
                    <file>...</file>
                    <author>...</author>
                    <email>...</email>
                    <time>2019-03-02T17:10:14Z</time>
                    <children>
                      <puzzle alive="true">
                        <issue href="https://github.com/aaronmyatt/tech-weights/issues/36">36</issue>
                        <ticket>25</ticket>
                        <estimate>30</estimate>
                        <role>DEV</role>
                        <id>25-2959e810</id>
                        <lines>20-20</lines>
                        <body>...</body>
                        <file>...</file>
                        <author>...</author>
                        <email>...</email>
                        <time>2019-03-16T04:43:16Z</time>
                        <children/>
                      </puzzle>
                      <puzzle alive="true">
                        <issue href="https://github.com/aaronmyatt/tech-weights/issues/37">37</issue>
                        <ticket>25</ticket>
                        <estimate>30</estimate>
                        <role>DEV</role>
                        <id>25-68b072ae</id>
                        <lines>21-22</lines>
                        <body>...</body>
                        <file>...</file>
                        <author>...</author>
                        <email>...</email>
                        <time>2019-03-16T04:43:16Z</time>
                        <children>
                          <puzzle alive="true">
                            <issue href="https://github.com/aaronmyatt/tech-weights/issues/47">47</issue>
                            <ticket>37</ticket>
                            <estimate>30</estimate>
                            <role>DEV</role>
                            <id>37-0e8ae262</id>
                            <lines>78-79</lines>
                            <body>...</body>
                            <file>...</file>
                            <author>...</author>
                            <email>...</email>
                            <time>2019-03-26T15:57:35Z</time>
                            <children/>
                          </puzzle>
                        </children>
                      </puzzle>
                      <puzzle alive="false">
                        <issue href="https://github.com/aaronmyatt/tech-weights/issues/38" closed="2019-03-21T15:49:46+00:00">38</issue>
                        <ticket>25</ticket>
                        <estimate>30</estimate>
                        <role>DEV</role>
                        <id>25-f7fea344</id>
                        <lines>28-28</lines>
                        <body>...</body>
                        <file>...</file>
                        <author>...</author>
                        <email>...</email>
                        <time>2019-03-16T04:43:16Z</time>
                        <children>
                          <puzzle alive="false">
                            <issue href="https://github.com/aaronmyatt/tech-weights/issues/39" closed="2019-03-21T15:35:44+00:00">39</issue>
                            <ticket>38</ticket>
                            <estimate>30</estimate>
                            <role>DEV</role>
                            <id>38-b4b7d804</id>
                            <lines>56-56</lines>
                            <body>...</body>
                            <file>...</file>
                            <author>...</author>
                            <email>...</email>
                            <time>2019-03-21T15:19:15Z</time>
                            <children/>
                          </puzzle>
                          <puzzle alive="false">
                            <issue href="https://github.com/aaronmyatt/tech-weights/issues/40" closed="2019-03-21T17:20:27+00:00">40</issue>
                            <ticket>38</ticket>
                            <estimate>30</estimate>
                            <role>DEV</role>
                            <id>38-44ad3870</id>
                            <lines>58-58</lines>
                            <body>...</body>
                            <file>...</file>
                            <author>...</author>
                            <email>...</email>
                            <time>2019-03-21T15:49:34Z</time>
                            <children>
                              <puzzle alive="true">
                                <issue href="https://github.com/aaronmyatt/tech-weights/issues/42">42</issue>
                                <ticket>40</ticket>
                                <estimate>30</estimate>
                                <role>DEV</role>
                                <id>40-7fb1935a</id>
                                <lines>67-67</lines>
                                <body>...</body>
                                <file>...</file>
                                <author>...</author>
                                <email>...</email>
                                <time>2019-03-21T17:20:09Z</time>
                                <children/>
                              </puzzle>
                              <puzzle alive="true">
                                <issue href="https://github.com/aaronmyatt/tech-weights/issues/43">43</issue>
                                <ticket>40</ticket>
                                <estimate>30</estimate>
                                <role>DEV</role>
                                <id>40-b1af39d2</id>
                                <lines>68-68</lines>
                                <body>...</body>
                                <file>...</file>
                                <author>...</author>
                                <email>...</email>
                                <time>2019-03-21T17:20:09Z</time>
                                <children/>
                              </puzzle>
                              <puzzle alive="true">
                                <issue href="https://github.com/aaronmyatt/tech-weights/issues/44">44</issue>
                                <ticket>40</ticket>
                                <estimate>30</estimate>
                                <role>DEV</role>
                                <id>40-06cc02b5</id>
                                <lines>69-69</lines>
                                <body>...</body>
                                <file>...</file>
                                <author>...</author>
                                <email>...</email>
                                <time>2019-03-21T17:20:09Z</time>
                                <children/>
                              </puzzle>
                              <puzzle alive="true">
                                <issue href="https://github.com/aaronmyatt/tech-weights/issues/45">45</issue>
                                <ticket>40</ticket>
                                <estimate>30</estimate>
                                <role>DEV</role>
                                <id>40-fd39807a</id>
                                <lines>70-70</lines>
                                <body>...</body>
                                <file>...</file>
                                <author>...</author>
                                <email>...</email>
                                <time>2019-03-21T17:20:09Z</time>
                                <children/>
                              </puzzle>
                            </children>
                          </puzzle>
                          <puzzle alive="false">
                            <issue href="https://github.com/aaronmyatt/tech-weights/issues/41" closed="2019-03-21T17:12:30+00:00">41</issue>
                            <ticket>38</ticket>
                            <estimate>30</estimate>
                            <role>DEV</role>
                            <id>38-83273fee</id>
                            <lines>59-59</lines>
                            <body>...</body>
                            <file>...</file>
                            <author>...</author>
                            <email>...</email>
                            <time>2019-03-21T15:49:34Z</time>
                            <children/>
                          </puzzle>
                        </children>
                      </puzzle>
                      <puzzle alive="false">
                        <issue href="https://github.com/aaronmyatt/tech-weights/issues/46" closed="2019-03-22T03:43:35+00:00">46</issue>
                        <ticket>25</ticket>
                        <estimate>30</estimate>
                        <role>DEV</role>
                        <id>25-7f88a45c</id>
                        <lines>1-1</lines>
                        <body>...</body>
                        <file>...</file>
                        <author>...</author>
                        <email>...</email>
                        <time>2019-03-22T03:18:00Z</time>
                        <children/>
                      </puzzle>
                      <puzzle alive="true">
                        <issue href="https://github.com/aaronmyatt/tech-weights/issues/48">48</issue>
                        <ticket>25</ticket>
                        <estimate>30</estimate>
                        <role>DEV</role>
                        <id>25-f75ada20</id>
                        <lines>54-54</lines>
                        <body>...</body>
                        <file>...</file>
                        <author>...</author>
                        <email>...</email>
                        <time>2019-03-26T15:49:22Z</time>
                        <children/>
                      </puzzle>
                      <puzzle alive="true">
                        <issue href="https://github.com/aaronmyatt/tech-weights/issues/49">49</issue>
                        <ticket>25</ticket>
                        <estimate>30</estimate>
                        <role>DEV</role>
                        <id>25-ecc6eb09</id>
                        <lines>56-58</lines>
                        <body>...</body>
                        <file>...</file>
                        <author>...</author>
                        <email>...</email>
                        <time>2019-03-26T15:49:22Z</time>
                        <children/>
                      </puzzle>
                    </children>
                  </puzzle>
                </children>
              </puzzle>
            </children>
          </puzzle>
        </children>
      </puzzle>
    </children>
  </puzzle>
  <puzzle alive="false">
    <issue href="https://github.com/aaronmyatt/tech-weights/issues/29" closed="2019-03-11T16:32:54+00:00">29</issue>
    <ticket>1</ticket>
    <estimate>30</estimate>
    <role>DEV</role>
    <id>1-9ce20fb0</id>
    <lines>44-44</lines>
    <body>...</body>
    <file>...</file>
    <author>...</author>
    <email>...</email>
    <time>2019-03-08T17:33:25Z</time>
    <children>
      <puzzle alive="false">
        <issue href="https://github.com/aaronmyatt/tech-weights/issues/30" closed="2019-03-12T16:11:54+00:00">30</issue>
        <ticket>29</ticket>
        <estimate>30</estimate>
        <role>DEV</role>
        <id>29-e74e5f7c</id>
        <lines>26-26</lines>
        <body>...</body>
        <file>...</file>
        <author>...</author>
        <email>...</email>
        <time>2019-03-11T16:32:14Z</time>
        <children/>
      </puzzle>
      <puzzle alive="false">
        <issue href="https://github.com/aaronmyatt/tech-weights/issues/31" closed="2019-03-12T16:11:56+00:00">31</issue>
        <ticket>29</ticket>
        <estimate>30</estimate>
        <role>DEV</role>
        <id>29-9c572ba4</id>
        <lines>26-26</lines>
        <body>...</body>
        <file>...</file>
        <author>...</author>
        <email>...</email>
        <time>2019-03-11T16:32:14Z</time>
        <children/>
      </puzzle>
    </children>
  </puzzle>
  <puzzle alive="false">
    <issue href="https://github.com/aaronmyatt/tech-weights/issues/50" closed="2019-03-26T17:59:55+00:00">50</issue>
    <ticket>1</ticket>
    <estimate>30</estimate>
    <role>DEV</role>
    <id>1-99f34c49</id>
    <lines>32-33</lines>
    <body>...</body>
    <file>...</file>
    <author>...</author>
    <email>...</email>
    <time>2019-03-26T15:49:22Z</time>
    <children>
      <puzzle alive="false">
        <issue href="https://github.com/aaronmyatt/tech-weights/issues/52" closed="2019-03-30T03:18:15+00:00">52</issue>
        <ticket>50</ticket>
        <estimate>30</estimate>
        <role>DEV</role>
        <id>50-d73ab975</id>
        <lines>30-30</lines>
        <body>...</body>
        <file>...</file>
        <author>...</author>
        <email>...</email>
        <time>2019-03-26T17:59:31Z</time>
        <children/>
      </puzzle>
      <puzzle alive="false">
        <issue href="https://github.com/aaronmyatt/tech-weights/issues/53" closed="2019-03-30T03:18:17+00:00">53</issue>
        <ticket>50</ticket>
        <estimate>30</estimate>
        <role>DEV</role>
        <id>50-885b6717</id>
        <lines>1-1</lines>
        <body>...</body>
        <file>...</file>
        <author>...</author>
        <email>...</email>
        <time>2019-03-26T18:01:28Z</time>
        <children/>
      </puzzle>
    </children>
  </puzzle>
  <puzzle alive="false">
    <issue href="https://github.com/aaronmyatt/tech-weights/issues/51" closed="2019-03-26T18:01:48+00:00">51</issue>
    <ticket>1</ticket>
    <estimate>30</estimate>
    <role>DEV</role>
    <id>1-3dc760fa</id>
    <lines>1-1</lines>
    <body>...</body>
    <file>...</file>
    <author>...</author>
    <email>...</email>
    <time>2019-03-26T16:03:49Z</time>
    <children/>
  </puzzle>
</puzzles>
