<?xml version="1.0"?>
<puzzles xmlns:xsi="http://www.w3.org/2001/XMLSchema-instance" xsi:noNamespaceSchemaLocation="http://www.0pdd.com/puzzles.xsd" date="2021-05-27T05:37:31+00:00" version="0.30.23">
  <puzzle alive="false">
    <issue href="https://github.com/proofit404/cruftbot/issues/11" closed="2020-12-20T21:47:54+00:00">11</issue>
    <ticket>2</ticket>
    <estimate>0</estimate>
    <role>DEV</role>
    <id>2-c6177401</id>
    <lines>11-11</lines>
    <body>...</body>
    <file>...</file>
    <author>...</author>
    <email>...</email>
    <time>2020-12-06T21:20:49Z</time>
    <children/>
  </puzzle>
  <puzzle alive="false">
    <issue href="https://github.com/proofit404/cruftbot/issues/12" closed="2020-12-25T11:57:43+00:00">12</issue>
    <ticket>2</ticket>
    <estimate>0</estimate>
    <role>DEV</role>
    <id>2-53ecd6ee</id>
    <lines>12-12</lines>
    <body>...</body>
    <file>...</file>
    <author>...</author>
    <email>...</email>
    <time>2020-12-06T21:20:49Z</time>
    <children/>
  </puzzle>
  <puzzle alive="false">
    <issue href="https://github.com/proofit404/cruftbot/issues/13" closed="2020-12-22T23:59:12+00:00">13</issue>
    <ticket>2</ticket>
    <estimate>0</estimate>
    <role>DEV</role>
    <id>2-00b8dd61</id>
    <lines>13-13</lines>
    <body>...</body>
    <file>...</file>
    <author>...</author>
    <email>...</email>
    <time>2020-12-06T21:20:49Z</time>
    <children/>
  </puzzle>
  <puzzle alive="false">
    <issue href="https://github.com/proofit404/cruftbot/issues/14" closed="2020-12-25T12:15:23+00:00">14</issue>
    <ticket>2</ticket>
    <estimate>0</estimate>
    <role>DEV</role>
    <id>2-25026c13</id>
    <lines>14-14</lines>
    <body>...</body>
    <file>...</file>
    <author>...</author>
    <email>...</email>
    <time>2020-12-06T21:20:49Z</time>
    <children/>
  </puzzle>
  <puzzle alive="false">
    <issue href="https://github.com/proofit404/cruftbot/issues/15" closed="2021-01-06T23:59:27+00:00">15</issue>
    <ticket>2</ticket>
    <estimate>0</estimate>
    <role>DEV</role>
    <id>2-99413d3a</id>
    <lines>15-15</lines>
    <body>...</body>
    <file>...</file>
    <author>...</author>
    <email>...</email>
    <time>2020-12-06T21:20:49Z</time>
    <children>
      <puzzle alive="false">
        <issue href="https://github.com/proofit404/cruftbot/issues/88" closed="2021-03-07T07:18:30+00:00">88</issue>
        <ticket>15</ticket>
        <estimate>0</estimate>
        <role>DEV</role>
        <id>15-8f24d1e0</id>
        <lines>111-112</lines>
        <body>...</body>
        <file>...</file>
        <author>...</author>
        <email>...</email>
        <time>2021-01-06T23:58:02Z</time>
        <children/>
      </puzzle>
      <puzzle alive="false">
        <issue href="https://github.com/proofit404/cruftbot/issues/89" closed="2021-03-18T21:14:32+00:00">89</issue>
        <ticket>15</ticket>
        <estimate>0</estimate>
        <role>DEV</role>
        <id>15-0dcb625e</id>
        <lines>30-30</lines>
        <body>...</body>
        <file>...</file>
        <author>...</author>
        <email>...</email>
        <time>2021-01-06T23:58:02Z</time>
        <children>
          <puzzle alive="false">
            <issue href="https://github.com/proofit404/cruftbot/issues/164" closed="2021-03-11T20:46:21+00:00">164</issue>
            <ticket>89</ticket>
            <estimate>0</estimate>
            <role>DEV</role>
            <id>89-c24f47db</id>
            <lines>8-8</lines>
            <body>...</body>
            <file>...</file>
            <author>...</author>
            <email>...</email>
            <time>2021-03-09T09:59:38Z</time>
            <children/>
          </puzzle>
          <puzzle alive="false">
            <issue href="https://github.com/proofit404/cruftbot/issues/165" closed="2021-03-11T21:04:26+00:00">165</issue>
            <ticket>89</ticket>
            <estimate>0</estimate>
            <role>DEV</role>
            <id>89-60c993b4</id>
            <lines>12-12</lines>
            <body>...</body>
            <file>...</file>
            <author>...</author>
            <email>...</email>
            <time>2021-03-09T09:59:38Z</time>
            <children/>
          </puzzle>
          <puzzle alive="false">
            <issue href="https://github.com/proofit404/cruftbot/issues/218" closed="2021-04-13T06:30:33+00:00">218</issue>
            <ticket>89</ticket>
            <estimate>0</estimate>
            <role>DEV</role>
            <id>89-b625e50c</id>
            <lines>5-7</lines>
            <body>...</body>
            <file>...</file>
            <author>...</author>
            <email>...</email>
            <time>2021-03-18T21:06:00Z</time>
            <children/>
          </puzzle>
        </children>
      </puzzle>
      <puzzle alive="false">
        <issue href="https://github.com/proofit404/cruftbot/issues/153" closed="2021-05-21T17:25:12+00:00">153</issue>
        <ticket>15</ticket>
        <estimate>0</estimate>
        <role>DEV</role>
        <id>15-7335ad9a</id>
        <lines>105-107</lines>
        <body>...</body>
        <file>...</file>
        <author>...</author>
        <email>...</email>
        <time>2021-01-06T23:58:02Z</time>
        <children/>
      </puzzle>
    </children>
  </puzzle>
  <puzzle alive="false">
    <issue href="https://github.com/proofit404/cruftbot/issues/16" closed="2020-12-22T23:16:40+00:00">16</issue>
    <ticket>2</ticket>
    <estimate>0</estimate>
    <role>DEV</role>
    <id>2-53f5de7c</id>
    <lines>16-16</lines>
    <body>...</body>
    <file>...</file>
    <author>...</author>
    <email>...</email>
    <time>2020-12-06T21:20:49Z</time>
    <children/>
  </puzzle>
  <puzzle alive="false">
    <issue href="https://github.com/proofit404/cruftbot/issues/17" closed="2021-04-24T23:25:32+00:00">17</issue>
    <ticket>2</ticket>
    <estimate>0</estimate>
    <role>DEV</role>
    <id>2-7df9e665</id>
    <lines>17-17</lines>
    <body>...</body>
    <file>...</file>
    <author>...</author>
    <email>...</email>
    <time>2020-12-06T21:20:49Z</time>
    <children/>
  </puzzle>
  <puzzle alive="false">
    <issue href="https://github.com/proofit404/cruftbot/issues/18" closed="2021-04-25T00:44:39+00:00">18</issue>
    <ticket>2</ticket>
    <estimate>0</estimate>
    <role>DEV</role>
    <id>2-9dc732bf</id>
    <lines>18-18</lines>
    <body>...</body>
    <file>...</file>
    <author>...</author>
    <email>...</email>
    <time>2020-12-06T21:20:49Z</time>
    <children/>
  </puzzle>
  <puzzle alive="false">
    <issue href="https://github.com/proofit404/cruftbot/issues/19" closed="2021-04-26T08:08:36+00:00">19</issue>
    <ticket>2</ticket>
    <estimate>0</estimate>
    <role>DEV</role>
    <id>2-167a4d61</id>
    <lines>19-19</lines>
    <body>...</body>
    <file>...</file>
    <author>...</author>
    <email>...</email>
    <time>2020-12-06T21:20:49Z</time>
    <children/>
  </puzzle>
  <puzzle alive="false">
    <issue href="https://github.com/proofit404/cruftbot/issues/20" closed="2021-04-26T18:35:22+00:00">20</issue>
    <ticket>2</ticket>
    <estimate>0</estimate>
    <role>DEV</role>
    <id>2-a1965963</id>
    <lines>20-20</lines>
    <body>...</body>
    <file>...</file>
    <author>...</author>
    <email>...</email>
    <time>2020-12-06T21:20:49Z</time>
    <children/>
  </puzzle>
  <puzzle alive="false">
    <issue href="https://github.com/proofit404/cruftbot/issues/21" closed="2021-04-27T15:28:12+00:00">21</issue>
    <ticket>2</ticket>
    <estimate>0</estimate>
    <role>DEV</role>
    <id>2-c30e771f</id>
    <lines>21-21</lines>
    <body>...</body>
    <file>...</file>
    <author>...</author>
    <email>...</email>
    <time>2020-12-06T21:20:49Z</time>
    <children/>
  </puzzle>
  <puzzle alive="false">
    <issue href="https://github.com/proofit404/cruftbot/issues/22" closed="2020-12-14T00:50:46+00:00">22</issue>
    <ticket>2</ticket>
    <estimate>0</estimate>
    <role>DEV</role>
    <id>2-40cb2568</id>
    <lines>22-22</lines>
    <body>...</body>
    <file>...</file>
    <author>...</author>
    <email>...</email>
    <time>2020-12-06T21:20:49Z</time>
    <children/>
  </puzzle>
  <puzzle alive="false">
    <issue href="https://github.com/proofit404/cruftbot/issues/23" closed="2021-04-27T14:31:04+00:00">23</issue>
    <ticket>2</ticket>
    <estimate>0</estimate>
    <role>DEV</role>
    <id>2-945a6b94</id>
    <lines>23-23</lines>
    <body>...</body>
    <file>...</file>
    <author>...</author>
    <email>...</email>
    <time>2020-12-06T21:20:49Z</time>
    <children/>
  </puzzle>
  <puzzle alive="false">
    <issue href="https://github.com/proofit404/cruftbot/issues/24" closed="2021-04-27T14:16:40+00:00">24</issue>
    <ticket>2</ticket>
    <estimate>0</estimate>
    <role>DEV</role>
    <id>2-33ba916b</id>
    <lines>24-24</lines>
    <body>...</body>
    <file>...</file>
    <author>...</author>
    <email>...</email>
    <time>2020-12-06T21:20:49Z</time>
    <children/>
  </puzzle>
  <puzzle alive="false">
    <issue href="https://github.com/proofit404/cruftbot/issues/25" closed="2020-12-23T08:23:04+00:00">25</issue>
    <ticket>2</ticket>
    <estimate>0</estimate>
    <role>DEV</role>
    <id>2-b52991ca</id>
    <lines>25-25</lines>
    <body>...</body>
    <file>...</file>
    <author>...</author>
    <email>...</email>
    <time>2020-12-06T21:20:49Z</time>
    <children/>
  </puzzle>
  <puzzle alive="false">
    <issue href="https://github.com/proofit404/cruftbot/issues/26" closed="2020-12-24T11:30:13+00:00">26</issue>
    <ticket>2</ticket>
    <estimate>0</estimate>
    <role>DEV</role>
    <id>2-ab295619</id>
    <lines>26-26</lines>
    <body>...</body>
    <file>...</file>
    <author>...</author>
    <email>...</email>
    <time>2020-12-06T21:20:49Z</time>
    <children/>
  </puzzle>
  <puzzle alive="false">
    <issue href="https://github.com/proofit404/cruftbot/issues/27" closed="2020-12-17T11:45:40+00:00">27</issue>
    <ticket>2</ticket>
    <estimate>0</estimate>
    <role>DEV</role>
    <id>2-a8243af1</id>
    <lines>35-35</lines>
    <body>...</body>
    <file>...</file>
    <author>...</author>
    <email>...</email>
    <time>2020-12-06T21:20:49Z</time>
    <children/>
  </puzzle>
  <puzzle alive="false">
    <issue href="https://github.com/proofit404/cruftbot/issues/28" closed="2020-12-19T22:40:16+00:00">28</issue>
    <ticket>2</ticket>
    <estimate>0</estimate>
    <role>DEV</role>
    <id>2-e791d0d7</id>
    <lines>36-36</lines>
    <body>...</body>
    <file>...</file>
    <author>...</author>
    <email>...</email>
    <time>2020-12-06T21:20:49Z</time>
    <children/>
  </puzzle>
  <puzzle alive="false">
    <issue href="https://github.com/proofit404/cruftbot/issues/29" closed="2020-12-19T22:11:52+00:00">29</issue>
    <ticket>2</ticket>
    <estimate>0</estimate>
    <role>DEV</role>
    <id>2-a6dde63a</id>
    <lines>37-37</lines>
    <body>...</body>
    <file>...</file>
    <author>...</author>
    <email>...</email>
    <time>2020-12-06T21:20:49Z</time>
    <children/>
  </puzzle>
  <puzzle alive="false">
    <issue href="https://github.com/proofit404/cruftbot/issues/30" closed="2020-12-14T00:50:51+00:00">30</issue>
    <ticket>2</ticket>
    <estimate>0</estimate>
    <role>DEV</role>
    <id>2-41c4bc77</id>
    <lines>38-38</lines>
    <body>...</body>
    <file>...</file>
    <author>...</author>
    <email>...</email>
    <time>2020-12-06T21:20:49Z</time>
    <children/>
  </puzzle>
  <puzzle alive="false">
    <issue href="https://github.com/proofit404/cruftbot/issues/31" closed="2020-12-14T01:14:22+00:00">31</issue>
    <ticket>2</ticket>
    <estimate>0</estimate>
    <role>DEV</role>
    <id>2-f2d9a944</id>
    <lines>39-39</lines>
    <body>...</body>
    <file>...</file>
    <author>...</author>
    <email>...</email>
    <time>2020-12-06T21:20:49Z</time>
    <children/>
  </puzzle>
  <puzzle alive="false">
    <issue href="https://github.com/proofit404/cruftbot/issues/36" closed="2020-12-14T23:22:45+00:00">36</issue>
    <ticket>8</ticket>
    <estimate>0</estimate>
    <role>DEV</role>
    <id>8-ab290d1c</id>
    <lines>1-1</lines>
    <body>...</body>
    <file>...</file>
    <author>...</author>
    <email>...</email>
    <time>2020-12-14T21:12:06Z</time>
    <children/>
  </puzzle>
  <puzzle alive="false">
    <issue href="https://github.com/proofit404/cruftbot/issues/37" closed="2020-12-15T21:59:18+00:00">37</issue>
    <ticket>8</ticket>
    <estimate>0</estimate>
    <role>DEV</role>
    <id>8-183b3b42</id>
    <lines>2-2</lines>
    <body>...</body>
    <file>...</file>
    <author>...</author>
    <email>...</email>
    <time>2020-12-14T21:12:06Z</time>
    <children/>
  </puzzle>
  <puzzle alive="false">
    <issue href="https://github.com/proofit404/cruftbot/issues/48" closed="2021-05-10T13:05:31+00:00">48</issue>
    <ticket>44</ticket>
    <estimate>0</estimate>
    <role>DEV</role>
    <id>44-d33e0ea0</id>
    <lines>7-7</lines>
    <body>...</body>
    <file>...</file>
    <author>...</author>
    <email>...</email>
    <time>2020-12-16T23:42:34Z</time>
    <children/>
  </puzzle>
  <puzzle alive="false">
    <issue href="https://github.com/proofit404/cruftbot/issues/49" closed="2020-12-17T21:19:48+00:00">49</issue>
    <ticket>44</ticket>
    <estimate>0</estimate>
    <role>DEV</role>
    <id>44-6415f9af</id>
    <lines>7-7</lines>
    <body>...</body>
    <file>...</file>
    <author>...</author>
    <email>...</email>
    <time>2020-12-16T23:42:34Z</time>
    <children/>
  </puzzle>
  <puzzle alive="false">
    <issue href="https://github.com/proofit404/cruftbot/issues/50" closed="2020-12-17T21:33:47+00:00">50</issue>
    <ticket>44</ticket>
    <estimate>0</estimate>
    <role>DEV</role>
    <id>44-c7a13a47</id>
    <lines>8-8</lines>
    <body>...</body>
    <file>...</file>
    <author>...</author>
    <email>...</email>
    <time>2020-12-16T23:42:34Z</time>
    <children/>
  </puzzle>
  <puzzle alive="false">
    <issue href="https://github.com/proofit404/cruftbot/issues/51" closed="2020-12-17T21:45:58+00:00">51</issue>
    <ticket>44</ticket>
    <estimate>0</estimate>
    <role>DEV</role>
    <id>44-74b00aaa</id>
    <lines>9-9</lines>
    <body>...</body>
    <file>...</file>
    <author>...</author>
    <email>...</email>
    <time>2020-12-16T23:42:34Z</time>
    <children/>
  </puzzle>
  <puzzle alive="false">
    <issue href="https://github.com/proofit404/cruftbot/issues/52" closed="2020-12-18T12:08:45+00:00">52</issue>
    <ticket>44</ticket>
    <estimate>0</estimate>
    <role>DEV</role>
    <id>44-cc77e8ee</id>
    <lines>10-10</lines>
    <body>...</body>
    <file>...</file>
    <author>...</author>
    <email>...</email>
    <time>2020-12-16T23:42:34Z</time>
    <children/>
  </puzzle>
  <puzzle alive="false">
    <issue href="https://github.com/proofit404/cruftbot/issues/53" closed="2020-12-17T21:04:33+00:00">53</issue>
    <ticket>44</ticket>
    <estimate>0</estimate>
    <role>DEV</role>
    <id>44-37e9200d</id>
    <lines>11-11</lines>
    <body>...</body>
    <file>...</file>
    <author>...</author>
    <email>...</email>
    <time>2020-12-16T23:42:34Z</time>
    <children/>
  </puzzle>
  <puzzle alive="false">
    <issue href="https://github.com/proofit404/cruftbot/issues/54" closed="2020-12-18T20:51:48+00:00">54</issue>
    <ticket>44</ticket>
    <estimate>0</estimate>
    <role>DEV</role>
    <id>44-d7a56231</id>
    <lines>12-12</lines>
    <body>...</body>
    <file>...</file>
    <author>...</author>
    <email>...</email>
    <time>2020-12-16T23:42:34Z</time>
    <children/>
  </puzzle>
  <puzzle alive="false">
    <issue href="https://github.com/proofit404/cruftbot/issues/55" closed="2020-12-18T22:44:10+00:00">55</issue>
    <ticket>44</ticket>
    <estimate>0</estimate>
    <role>DEV</role>
    <id>44-95e8d999</id>
    <lines>13-13</lines>
    <body>...</body>
    <file>...</file>
    <author>...</author>
    <email>...</email>
    <time>2020-12-16T23:42:34Z</time>
    <children/>
  </puzzle>
  <puzzle alive="false">
    <issue href="https://github.com/proofit404/cruftbot/issues/56" closed="2020-12-18T12:22:16+00:00">56</issue>
    <ticket>44</ticket>
    <estimate>0</estimate>
    <role>DEV</role>
    <id>44-b803cfc9</id>
    <lines>7-7</lines>
    <body>...</body>
    <file>...</file>
    <author>...</author>
    <email>...</email>
    <time>2020-12-16T23:42:34Z</time>
    <children/>
  </puzzle>
  <puzzle alive="false">
    <issue href="https://github.com/proofit404/cruftbot/issues/57" closed="2020-12-19T21:55:15+00:00">57</issue>
    <ticket>44</ticket>
    <estimate>0</estimate>
    <role>DEV</role>
    <id>44-0ad92466</id>
    <lines>7-10</lines>
    <body>...</body>
    <file>...</file>
    <author>...</author>
    <email>...</email>
    <time>2020-12-16T23:42:34Z</time>
    <children/>
  </puzzle>
  <puzzle alive="false">
    <issue href="https://github.com/proofit404/cruftbot/issues/58" closed="2020-12-19T00:09:23+00:00">58</issue>
    <ticket>44</ticket>
    <estimate>0</estimate>
    <role>DEV</role>
    <id>44-20785ded</id>
    <lines>9-9</lines>
    <body>...</body>
    <file>...</file>
    <author>...</author>
    <email>...</email>
    <time>2020-12-16T23:42:34Z</time>
    <children/>
  </puzzle>
  <puzzle alive="false">
    <issue href="https://github.com/proofit404/cruftbot/issues/76" closed="2021-05-17T07:20:31+00:00">76</issue>
    <ticket>4</ticket>
    <estimate>0</estimate>
    <role>DEV</role>
    <id>4-ae984c59</id>
    <lines>7-7</lines>
    <body>...</body>
    <file>...</file>
    <author>...</author>
    <email>...</email>
    <time>2020-12-21T21:26:48Z</time>
    <children/>
  </puzzle>
  <puzzle alive="false">
    <issue href="https://github.com/proofit404/cruftbot/issues/95" closed="2021-03-09T21:44:11+00:00">95</issue>
    <ticket>46</ticket>
    <estimate>0</estimate>
    <role>DEV</role>
    <id>46-f192793f</id>
    <lines>3-4</lines>
    <body>...</body>
    <file>...</file>
    <author>...</author>
    <email>...</email>
    <time>2021-01-12T08:01:49Z</time>
    <children/>
  </puzzle>
  <puzzle alive="false">
    <issue href="https://github.com/proofit404/cruftbot/issues/96" closed="2021-03-09T22:02:41+00:00">96</issue>
    <ticket>46</ticket>
    <estimate>0</estimate>
    <role>DEV</role>
    <id>46-43156c7b</id>
    <lines>6-6</lines>
    <body>...</body>
    <file>...</file>
    <author>...</author>
    <email>...</email>
    <time>2021-01-12T08:01:49Z</time>
    <children/>
  </puzzle>
  <puzzle alive="false">
    <issue href="https://github.com/proofit404/cruftbot/issues/97" closed="2021-03-09T23:13:59+00:00">97</issue>
    <ticket>46</ticket>
    <estimate>0</estimate>
    <role>DEV</role>
    <id>46-a2c9177a</id>
    <lines>28-28</lines>
    <body>...</body>
    <file>...</file>
    <author>...</author>
    <email>...</email>
    <time>2021-01-12T08:01:49Z</time>
    <children>
      <puzzle alive="false">
        <issue href="https://github.com/proofit404/cruftbot/issues/177" closed="2021-03-11T07:00:07+00:00">177</issue>
        <ticket>97</ticket>
        <estimate>0</estimate>
        <role>DEV</role>
        <id>97-c3c5cc50</id>
        <lines>19-19</lines>
        <body>...</body>
        <file>...</file>
        <author>...</author>
        <email>...</email>
        <time>2021-03-09T23:12:54Z</time>
        <children/>
      </puzzle>
    </children>
  </puzzle>
  <puzzle alive="false">
    <issue href="https://github.com/proofit404/cruftbot/issues/98" closed="2021-03-09T22:28:37+00:00">98</issue>
    <ticket>46</ticket>
    <estimate>0</estimate>
    <role>DEV</role>
    <id>46-14f29ab6</id>
    <lines>10-10</lines>
    <body>...</body>
    <file>...</file>
    <author>...</author>
    <email>...</email>
    <time>2021-01-12T08:01:49Z</time>
    <children/>
  </puzzle>
  <puzzle alive="false">
    <issue href="https://github.com/proofit404/cruftbot/issues/122" closed="2021-04-15T22:28:35+00:00">122</issue>
    <ticket>92</ticket>
    <estimate>0</estimate>
    <role>DEV</role>
    <id>92-18fed9a2</id>
    <lines>1-1</lines>
    <body>...</body>
    <file>...</file>
    <author>...</author>
    <email>...</email>
    <time>2021-02-14T20:06:19Z</time>
    <children/>
  </puzzle>
  <puzzle alive="false">
    <issue href="https://github.com/proofit404/cruftbot/issues/123" closed="2021-04-17T07:40:31+00:00">123</issue>
    <ticket>92</ticket>
    <estimate>0</estimate>
    <role>DEV</role>
    <id>92-061a4448</id>
    <lines>2-2</lines>
    <body>...</body>
    <file>...</file>
    <author>...</author>
    <email>...</email>
    <time>2021-02-14T20:06:19Z</time>
    <children/>
  </puzzle>
  <puzzle alive="false">
    <issue href="https://github.com/proofit404/cruftbot/issues/124" closed="2021-04-23T07:58:13+00:00">124</issue>
    <ticket>92</ticket>
    <estimate>0</estimate>
    <role>DEV</role>
    <id>92-e9092684</id>
    <lines>3-3</lines>
    <body>...</body>
    <file>...</file>
    <author>...</author>
    <email>...</email>
    <time>2021-02-14T20:06:19Z</time>
    <children/>
  </puzzle>
  <puzzle alive="false">
    <issue href="https://github.com/proofit404/cruftbot/issues/125" closed="2021-04-16T08:41:16+00:00">125</issue>
    <ticket>92</ticket>
    <estimate>0</estimate>
    <role>DEV</role>
    <id>92-3c438666</id>
    <lines>5-5</lines>
    <body>...</body>
    <file>...</file>
    <author>...</author>
    <email>...</email>
    <time>2021-02-14T20:06:19Z</time>
    <children/>
  </puzzle>
  <puzzle alive="false">
    <issue href="https://github.com/proofit404/cruftbot/issues/126" closed="2021-04-17T16:23:55+00:00">126</issue>
    <ticket>92</ticket>
    <estimate>0</estimate>
    <role>DEV</role>
    <id>92-5f9871a2</id>
    <lines>6-6</lines>
    <body>...</body>
    <file>...</file>
    <author>...</author>
    <email>...</email>
    <time>2021-02-14T20:06:19Z</time>
    <children/>
  </puzzle>
  <puzzle alive="false">
    <issue href="https://github.com/proofit404/cruftbot/issues/127" closed="2021-04-23T10:49:09+00:00">127</issue>
    <ticket>92</ticket>
    <estimate>0</estimate>
    <role>DEV</role>
    <id>92-138a3497</id>
    <lines>7-7</lines>
    <body>...</body>
    <file>...</file>
    <author>...</author>
    <email>...</email>
    <time>2021-02-14T20:06:19Z</time>
    <children/>
  </puzzle>
  <puzzle alive="false">
    <issue href="https://github.com/proofit404/cruftbot/issues/128" closed="2021-04-23T11:14:42+00:00">128</issue>
    <ticket>92</ticket>
    <estimate>0</estimate>
    <role>DEV</role>
    <id>92-12127230</id>
    <lines>9-9</lines>
    <body>...</body>
    <file>...</file>
    <author>...</author>
    <email>...</email>
    <time>2021-02-14T20:06:19Z</time>
    <children/>
  </puzzle>
  <puzzle alive="false">
    <issue href="https://github.com/proofit404/cruftbot/issues/129" closed="2021-04-18T22:42:17+00:00">129</issue>
    <ticket>92</ticket>
    <estimate>0</estimate>
    <role>DEV</role>
    <id>92-0892820d</id>
    <lines>10-10</lines>
    <body>...</body>
    <file>...</file>
    <author>...</author>
    <email>...</email>
    <time>2021-02-14T20:06:19Z</time>
    <children/>
  </puzzle>
  <puzzle alive="false">
    <issue href="https://github.com/proofit404/cruftbot/issues/130" closed="2021-04-17T07:17:49+00:00">130</issue>
    <ticket>92</ticket>
    <estimate>0</estimate>
    <role>DEV</role>
    <id>92-d0042dd0</id>
    <lines>11-11</lines>
    <body>...</body>
    <file>...</file>
    <author>...</author>
    <email>...</email>
    <time>2021-02-14T20:06:19Z</time>
    <children/>
  </puzzle>
  <puzzle alive="false">
    <issue href="https://github.com/proofit404/cruftbot/issues/131" closed="2021-04-24T07:58:08+00:00">131</issue>
    <ticket>92</ticket>
    <estimate>0</estimate>
    <role>DEV</role>
    <id>92-8d22dd7c</id>
    <lines>13-13</lines>
    <body>...</body>
    <file>...</file>
    <author>...</author>
    <email>...</email>
    <time>2021-02-14T20:06:19Z</time>
    <children/>
  </puzzle>
  <puzzle alive="false">
    <issue href="https://github.com/proofit404/cruftbot/issues/132" closed="2021-04-17T06:57:53+00:00">132</issue>
    <ticket>92</ticket>
    <estimate>0</estimate>
    <role>DEV</role>
    <id>92-f243e32e</id>
    <lines>15-15</lines>
    <body>...</body>
    <file>...</file>
    <author>...</author>
    <email>...</email>
    <time>2021-02-14T20:06:19Z</time>
    <children/>
  </puzzle>
  <puzzle alive="false">
    <issue href="https://github.com/proofit404/cruftbot/issues/133" closed="2021-04-17T07:26:37+00:00">133</issue>
    <ticket>92</ticket>
    <estimate>0</estimate>
    <role>DEV</role>
    <id>92-d2eef285</id>
    <lines>16-16</lines>
    <body>...</body>
    <file>...</file>
    <author>...</author>
    <email>...</email>
    <time>2021-02-14T20:06:19Z</time>
    <children/>
  </puzzle>
  <puzzle alive="false">
    <issue href="https://github.com/proofit404/cruftbot/issues/155" closed="2021-03-12T21:52:24+00:00">155</issue>
    <ticket>44</ticket>
    <estimate>0</estimate>
    <role>DEV</role>
    <id>44-9bf17d92</id>
    <lines>8-8</lines>
    <body>...</body>
    <file>...</file>
    <author>...</author>
    <email>...</email>
    <time>2021-03-08T05:52:09Z</time>
    <children>
      <puzzle alive="false">
        <issue href="https://github.com/proofit404/cruftbot/issues/168" closed="2021-03-12T21:03:17+00:00">168</issue>
        <ticket>155</ticket>
        <estimate>0</estimate>
        <role>DEV</role>
        <id>155-73230f13</id>
        <lines>6-6</lines>
        <body>...</body>
        <file>...</file>
        <author>...</author>
        <email>...</email>
        <time>2021-03-09T12:31:10Z</time>
        <children/>
      </puzzle>
      <puzzle alive="false">
        <issue href="https://github.com/proofit404/cruftbot/issues/169" closed="2021-03-12T21:21:49+00:00">169</issue>
        <ticket>155</ticket>
        <estimate>0</estimate>
        <role>DEV</role>
        <id>155-e3e872bc</id>
        <lines>8-8</lines>
        <body>...</body>
        <file>...</file>
        <author>...</author>
        <email>...</email>
        <time>2021-03-09T12:31:10Z</time>
        <children/>
      </puzzle>
      <puzzle alive="false">
        <issue href="https://github.com/proofit404/cruftbot/issues/170" closed="2021-03-12T21:29:42+00:00">170</issue>
        <ticket>155</ticket>
        <estimate>0</estimate>
        <role>DEV</role>
        <id>155-404af8e1</id>
        <lines>10-10</lines>
        <body>...</body>
        <file>...</file>
        <author>...</author>
        <email>...</email>
        <time>2021-03-09T12:31:10Z</time>
        <children/>
      </puzzle>
    </children>
  </puzzle>
  <puzzle alive="false">
    <issue href="https://github.com/proofit404/cruftbot/issues/156" closed="2021-03-15T07:55:27+00:00">156</issue>
    <ticket>44</ticket>
    <estimate>0</estimate>
    <role>DEV</role>
    <id>44-4a44a06f</id>
    <lines>29-29</lines>
    <body>...</body>
    <file>...</file>
    <author>...</author>
    <email>...</email>
    <time>2021-03-08T05:52:09Z</time>
    <children/>
  </puzzle>
  <puzzle alive="false">
    <issue href="https://github.com/proofit404/cruftbot/issues/157" closed="2021-03-12T23:00:14+00:00">157</issue>
    <ticket>44</ticket>
    <estimate>0</estimate>
    <role>DEV</role>
    <id>44-ecebb304</id>
    <lines>30-30</lines>
    <body>...</body>
    <file>...</file>
    <author>...</author>
    <email>...</email>
    <time>2021-03-08T05:52:09Z</time>
    <children/>
  </puzzle>
  <puzzle alive="false">
    <issue href="https://github.com/proofit404/cruftbot/issues/158" closed="2021-03-12T22:28:49+00:00">158</issue>
    <ticket>44</ticket>
    <estimate>0</estimate>
    <role>DEV</role>
    <id>44-9a8aa8cc</id>
    <lines>31-31</lines>
    <body>...</body>
    <file>...</file>
    <author>...</author>
    <email>...</email>
    <time>2021-03-08T05:52:09Z</time>
    <children/>
  </puzzle>
  <puzzle alive="false">
    <issue href="https://github.com/proofit404/cruftbot/issues/159" closed="2021-03-11T21:20:44+00:00">159</issue>
    <ticket>44</ticket>
    <estimate>0</estimate>
    <role>DEV</role>
    <id>44-82e14fae</id>
    <lines>32-32</lines>
    <body>...</body>
    <file>...</file>
    <author>...</author>
    <email>...</email>
    <time>2021-03-08T05:52:09Z</time>
    <children/>
  </puzzle>
  <puzzle alive="false">
    <issue href="https://github.com/proofit404/cruftbot/issues/160" closed="2021-04-15T22:05:50+00:00">160</issue>
    <ticket>92</ticket>
    <estimate>0</estimate>
    <role>DEV</role>
    <id>92-5e50c1a7</id>
    <lines>8-8</lines>
    <body>...</body>
    <file>...</file>
    <author>...</author>
    <email>...</email>
    <time>2021-03-08T05:52:09Z</time>
    <children/>
  </puzzle>
  <puzzle alive="false">
    <issue href="https://github.com/proofit404/cruftbot/issues/175" closed="2021-03-11T07:16:37+00:00">175</issue>
    <ticket>46</ticket>
    <estimate>0</estimate>
    <role>DEV</role>
    <id>46-507baf9c</id>
    <lines>11-11</lines>
    <body>...</body>
    <file>...</file>
    <author>...</author>
    <email>...</email>
    <time>2021-03-09T22:15:01Z</time>
    <children/>
  </puzzle>
  <puzzle alive="false">
    <issue href="https://github.com/proofit404/cruftbot/issues/183" closed="2021-05-10T19:00:08+00:00">183</issue>
    <ticket>171</ticket>
    <estimate>0</estimate>
    <role>DEV</role>
    <id>171-9834293d</id>
    <lines>112-112</lines>
    <body>...</body>
    <file>...</file>
    <author>...</author>
    <email>...</email>
    <time>2021-03-11T20:20:46Z</time>
    <children>
      <puzzle alive="false">
        <issue href="https://github.com/proofit404/cruftbot/issues/185" closed="2021-03-18T23:50:43+00:00">185</issue>
        <ticket>183</ticket>
        <estimate>0</estimate>
        <role>DEV</role>
        <id>183-c0edcafa</id>
        <lines>1-1</lines>
        <body>...</body>
        <file>...</file>
        <author>...</author>
        <email>...</email>
        <time>2021-03-11T20:28:59Z</time>
        <children/>
      </puzzle>
      <puzzle alive="false">
        <issue href="https://github.com/proofit404/cruftbot/issues/186" closed="2021-03-19T00:10:04+00:00">186</issue>
        <ticket>183</ticket>
        <estimate>0</estimate>
        <role>DEV</role>
        <id>183-31d3d50e</id>
        <lines>1-1</lines>
        <body>...</body>
        <file>...</file>
        <author>...</author>
        <email>...</email>
        <time>2021-03-11T20:28:59Z</time>
        <children/>
      </puzzle>
      <puzzle alive="false">
        <issue href="https://github.com/proofit404/cruftbot/issues/187" closed="2021-03-20T21:48:24+00:00">187</issue>
        <ticket>183</ticket>
        <estimate>0</estimate>
        <role>DEV</role>
        <id>183-26f59cdf</id>
        <lines>1-1</lines>
        <body>...</body>
        <file>...</file>
        <author>...</author>
        <email>...</email>
        <time>2021-03-11T20:28:59Z</time>
        <children/>
      </puzzle>
      <puzzle alive="false">
        <issue href="https://github.com/proofit404/cruftbot/issues/188" closed="2021-03-20T21:34:56+00:00">188</issue>
        <ticket>183</ticket>
        <estimate>0</estimate>
        <role>DEV</role>
        <id>183-8288860c</id>
        <lines>1-1</lines>
        <body>...</body>
        <file>...</file>
        <author>...</author>
        <email>...</email>
        <time>2021-03-11T20:28:59Z</time>
        <children/>
      </puzzle>
      <puzzle alive="false">
        <issue href="https://github.com/proofit404/cruftbot/issues/189" closed="2021-03-18T23:15:12+00:00">189</issue>
        <ticket>183</ticket>
        <estimate>0</estimate>
        <role>DEV</role>
        <id>183-6e894cd0</id>
        <lines>1-1</lines>
        <body>...</body>
        <file>...</file>
        <author>...</author>
        <email>...</email>
        <time>2021-03-11T20:28:59Z</time>
        <children/>
      </puzzle>
      <puzzle alive="false">
        <issue href="https://github.com/proofit404/cruftbot/issues/190" closed="2021-03-18T23:03:45+00:00">190</issue>
        <ticket>183</ticket>
        <estimate>0</estimate>
        <role>DEV</role>
        <id>183-98885ac4</id>
        <lines>1-1</lines>
        <body>...</body>
        <file>...</file>
        <author>...</author>
        <email>...</email>
        <time>2021-03-11T20:28:59Z</time>
        <children>
          <puzzle alive="false">
            <issue href="https://github.com/proofit404/cruftbot/issues/205" closed="2021-05-08T20:11:07+00:00">205</issue>
            <ticket>190</ticket>
            <estimate>0</estimate>
            <role>DEV</role>
            <id>190-c0db5e24</id>
            <lines>2-3</lines>
            <body>...</body>
            <file>...</file>
            <author>...</author>
            <email>...</email>
            <time>2021-03-15T06:53:43Z</time>
            <children>
              <puzzle alive="true">
                <issue href="https://github.com/proofit404/cruftbot/issues/344">344</issue>
                <ticket>205</ticket>
                <estimate>0</estimate>
                <role>DEV</role>
                <id>205-0754ffdb</id>
                <lines>30-32</lines>
                <body>...</body>
                <file>...</file>
                <author>...</author>
                <email>...</email>
                <time>2021-05-08T20:05:49Z</time>
                <children/>
              </puzzle>
            </children>
          </puzzle>
        </children>
      </puzzle>
      <puzzle alive="false">
        <issue href="https://github.com/proofit404/cruftbot/issues/222" closed="2021-04-28T09:15:22+00:00">222</issue>
        <ticket>183</ticket>
        <estimate>0</estimate>
        <role>DEV</role>
        <id>183-96c82961</id>
        <lines>1-1</lines>
        <body>...</body>
        <file>...</file>
        <author>...</author>
        <email>...</email>
        <time>2021-03-18T22:12:35Z</time>
        <children/>
      </puzzle>
      <puzzle alive="false">
        <issue href="https://github.com/proofit404/cruftbot/issues/223" closed="2021-05-23T07:32:25+00:00">223</issue>
        <ticket>183</ticket>
        <estimate>0</estimate>
        <role>DEV</role>
        <id>183-b997785c</id>
        <lines>1-1</lines>
        <body>...</body>
        <file>...</file>
        <author>...</author>
        <email>...</email>
        <time>2021-03-18T22:12:35Z</time>
        <children/>
      </puzzle>
      <puzzle alive="false">
        <issue href="https://github.com/proofit404/cruftbot/issues/224" closed="2021-03-20T22:38:12+00:00">224</issue>
        <ticket>183</ticket>
        <estimate>0</estimate>
        <role>DEV</role>
        <id>183-a7420208</id>
        <lines>1-1</lines>
        <body>...</body>
        <file>...</file>
        <author>...</author>
        <email>...</email>
        <time>2021-03-18T22:12:35Z</time>
        <children/>
      </puzzle>
      <puzzle alive="false">
        <issue href="https://github.com/proofit404/cruftbot/issues/225" closed="2021-05-23T06:43:32+00:00">225</issue>
        <ticket>183</ticket>
        <estimate>0</estimate>
        <role>DEV</role>
        <id>183-be0f91ad</id>
        <lines>1-1</lines>
        <body>...</body>
        <file>...</file>
        <author>...</author>
        <email>...</email>
        <time>2021-03-18T22:12:35Z</time>
        <children/>
      </puzzle>
      <puzzle alive="false">
        <issue href="https://github.com/proofit404/cruftbot/issues/226" closed="2021-05-23T07:57:10+00:00">226</issue>
        <ticket>183</ticket>
        <estimate>0</estimate>
        <role>DEV</role>
        <id>183-0cdd7537</id>
        <lines>1-1</lines>
        <body>...</body>
        <file>...</file>
        <author>...</author>
        <email>...</email>
        <time>2021-03-18T22:12:35Z</time>
        <children/>
      </puzzle>
      <puzzle alive="false">
        <issue href="https://github.com/proofit404/cruftbot/issues/227" closed="2021-03-20T22:18:41+00:00">227</issue>
        <ticket>183</ticket>
        <estimate>0</estimate>
        <role>DEV</role>
        <id>183-99692fd0</id>
        <lines>1-1</lines>
        <body>...</body>
        <file>...</file>
        <author>...</author>
        <email>...</email>
        <time>2021-03-18T22:12:35Z</time>
        <children/>
      </puzzle>
      <puzzle alive="false">
        <issue href="https://github.com/proofit404/cruftbot/issues/228" closed="2021-03-19T22:18:56+00:00">228</issue>
        <ticket>183</ticket>
        <estimate>0</estimate>
        <role>DEV</role>
        <id>183-99d67e21</id>
        <lines>1-1</lines>
        <body>...</body>
        <file>...</file>
        <author>...</author>
        <email>...</email>
        <time>2021-03-18T22:12:35Z</time>
        <children/>
      </puzzle>
      <puzzle alive="false">
        <issue href="https://github.com/proofit404/cruftbot/issues/230" closed="2021-04-26T17:42:12+00:00">230</issue>
        <ticket>183</ticket>
        <estimate>0</estimate>
        <role>DEV</role>
        <id>183-23a1a034</id>
        <lines>13-16</lines>
        <body>...</body>
        <file>...</file>
        <author>...</author>
        <email>...</email>
        <time>2021-03-18T23:00:41Z</time>
        <children/>
      </puzzle>
      <puzzle alive="false">
        <issue href="https://github.com/proofit404/cruftbot/issues/231" closed="2021-04-05T12:23:27+00:00">231</issue>
        <ticket>183</ticket>
        <estimate>0</estimate>
        <role>DEV</role>
        <id>183-440b064e</id>
        <lines>5-9</lines>
        <body>...</body>
        <file>...</file>
        <author>...</author>
        <email>...</email>
        <time>2021-03-18T23:00:41Z</time>
        <children/>
      </puzzle>
      <puzzle alive="false">
        <issue href="https://github.com/proofit404/cruftbot/issues/370" closed="2021-05-24T06:44:49+00:00">370</issue>
        <ticket>183</ticket>
        <estimate>0</estimate>
        <role>DEV</role>
        <id>183-b390a9c0</id>
        <lines>2-2</lines>
        <body>...</body>
        <file>...</file>
        <author>...</author>
        <email>...</email>
        <time>2021-05-10T18:55:44Z</time>
        <children/>
      </puzzle>
      <puzzle alive="false">
        <issue href="https://github.com/proofit404/cruftbot/issues/371" closed="2021-05-24T06:58:20+00:00">371</issue>
        <ticket>183</ticket>
        <estimate>0</estimate>
        <role>DEV</role>
        <id>183-a147d6c5</id>
        <lines>2-2</lines>
        <body>...</body>
        <file>...</file>
        <author>...</author>
        <email>...</email>
        <time>2021-05-10T18:55:44Z</time>
        <children/>
      </puzzle>
      <puzzle alive="false">
        <issue href="https://github.com/proofit404/cruftbot/issues/372" closed="2021-05-24T07:38:47+00:00">372</issue>
        <ticket>183</ticket>
        <estimate>0</estimate>
        <role>DEV</role>
        <id>183-bcb0dc7a</id>
        <lines>2-2</lines>
        <body>...</body>
        <file>...</file>
        <author>...</author>
        <email>...</email>
        <time>2021-05-10T18:55:44Z</time>
        <children/>
      </puzzle>
      <puzzle alive="false">
        <issue href="https://github.com/proofit404/cruftbot/issues/373" closed="2021-05-24T07:17:49+00:00">373</issue>
        <ticket>183</ticket>
        <estimate>0</estimate>
        <role>DEV</role>
        <id>183-2d103131</id>
        <lines>2-2</lines>
        <body>...</body>
        <file>...</file>
        <author>...</author>
        <email>...</email>
        <time>2021-05-10T18:55:44Z</time>
        <children/>
      </puzzle>
      <puzzle alive="false">
        <issue href="https://github.com/proofit404/cruftbot/issues/374" closed="2021-05-24T08:30:24+00:00">374</issue>
        <ticket>183</ticket>
        <estimate>0</estimate>
        <role>DEV</role>
        <id>183-a1ecd6f6</id>
        <lines>2-2</lines>
        <body>...</body>
        <file>...</file>
        <author>...</author>
        <email>...</email>
        <time>2021-05-10T18:55:44Z</time>
        <children/>
      </puzzle>
    </children>
  </puzzle>
  <puzzle alive="false">
    <issue href="https://github.com/proofit404/cruftbot/issues/200" closed="2021-05-09T21:23:47+00:00">200</issue>
    <ticket>44</ticket>
    <estimate>0</estimate>
    <role>DEV</role>
    <id>44-883a19aa</id>
    <lines>27-27</lines>
    <body>...</body>
    <file>...</file>
    <author>...</author>
    <email>...</email>
    <time>2021-03-12T21:38:27Z</time>
    <children>
      <puzzle alive="false">
        <issue href="https://github.com/proofit404/cruftbot/issues/311" closed="2021-05-07T08:07:15+00:00">311</issue>
        <ticket>200</ticket>
        <estimate>0</estimate>
        <role>DEV</role>
        <id>200-1e1bfb54</id>
        <lines>9-10</lines>
        <body>...</body>
        <file>...</file>
        <author>...</author>
        <email>...</email>
        <time>2021-04-27T07:27:35Z</time>
        <children>
          <puzzle alive="false">
            <issue href="https://github.com/proofit404/cruftbot/issues/333" closed="2021-05-08T21:26:57+00:00">333</issue>
            <ticket>311</ticket>
            <estimate>0</estimate>
            <role>DEV</role>
            <id>311-cfa7fa3d</id>
            <lines>10-14</lines>
            <body>...</body>
            <file>...</file>
            <author>...</author>
            <email>...</email>
            <time>2021-05-07T08:02:37Z</time>
            <children/>
          </puzzle>
          <puzzle alive="false">
            <issue href="https://github.com/proofit404/cruftbot/issues/334" closed="2021-05-08T21:36:57+00:00">334</issue>
            <ticket>311</ticket>
            <estimate>0</estimate>
            <role>DEV</role>
            <id>311-b16f7591</id>
            <lines>16-20</lines>
            <body>...</body>
            <file>...</file>
            <author>...</author>
            <email>...</email>
            <time>2021-05-07T08:02:37Z</time>
            <children/>
          </puzzle>
          <puzzle alive="false">
            <issue href="https://github.com/proofit404/cruftbot/issues/335" closed="2021-05-08T20:32:43+00:00">335</issue>
            <ticket>311</ticket>
            <estimate>0</estimate>
            <role>DEV</role>
            <id>311-ca432e4e</id>
            <lines>22-26</lines>
            <body>...</body>
            <file>...</file>
            <author>...</author>
            <email>...</email>
            <time>2021-05-07T08:02:37Z</time>
            <children/>
          </puzzle>
          <puzzle alive="false">
            <issue href="https://github.com/proofit404/cruftbot/issues/336" closed="2021-05-08T22:01:35+00:00">336</issue>
            <ticket>311</ticket>
            <estimate>0</estimate>
            <role>DEV</role>
            <id>311-97aed9e9</id>
            <lines>28-30</lines>
            <body>...</body>
            <file>...</file>
            <author>...</author>
            <email>...</email>
            <time>2021-05-07T08:02:37Z</time>
            <children/>
          </puzzle>
          <puzzle alive="false">
            <issue href="https://github.com/proofit404/cruftbot/issues/337" closed="2021-05-08T22:18:49+00:00">337</issue>
            <ticket>311</ticket>
            <estimate>0</estimate>
            <role>DEV</role>
            <id>311-e68664f9</id>
            <lines>32-36</lines>
            <body>...</body>
            <file>...</file>
            <author>...</author>
            <email>...</email>
            <time>2021-05-07T08:02:37Z</time>
            <children/>
          </puzzle>
          <puzzle alive="false">
            <issue href="https://github.com/proofit404/cruftbot/issues/338" closed="2021-05-08T23:27:00+00:00">338</issue>
            <ticket>311</ticket>
            <estimate>0</estimate>
            <role>DEV</role>
            <id>311-1178c093</id>
            <lines>38-39</lines>
            <body>...</body>
            <file>...</file>
            <author>...</author>
            <email>...</email>
            <time>2021-05-07T08:02:37Z</time>
            <children/>
          </puzzle>
          <puzzle alive="false">
            <issue href="https://github.com/proofit404/cruftbot/issues/339" closed="2021-05-08T20:51:28+00:00">339</issue>
            <ticket>311</ticket>
            <estimate>0</estimate>
            <role>DEV</role>
            <id>311-7816de4f</id>
            <lines>41-43</lines>
            <body>...</body>
            <file>...</file>
            <author>...</author>
            <email>...</email>
            <time>2021-05-07T08:02:37Z</time>
            <children/>
          </puzzle>
        </children>
      </puzzle>
      <puzzle alive="false">
        <issue href="https://github.com/proofit404/cruftbot/issues/312" closed="2021-05-04T08:13:51+00:00">312</issue>
        <ticket>200</ticket>
        <estimate>0</estimate>
        <role>DEV</role>
        <id>200-2e4e0b3d</id>
        <lines>14-15</lines>
        <body>...</body>
        <file>...</file>
        <author>...</author>
        <email>...</email>
        <time>2021-04-27T07:27:35Z</time>
        <children/>
      </puzzle>
      <puzzle alive="false">
        <issue href="https://github.com/proofit404/cruftbot/issues/313" closed="2021-05-05T13:18:42+00:00">313</issue>
        <ticket>200</ticket>
        <estimate>0</estimate>
        <role>DEV</role>
        <id>200-b435aba8</id>
        <lines>19-19</lines>
        <body>...</body>
        <file>...</file>
        <author>...</author>
        <email>...</email>
        <time>2021-04-27T07:27:35Z</time>
        <children/>
      </puzzle>
    </children>
  </puzzle>
  <puzzle alive="false">
    <issue href="https://github.com/proofit404/cruftbot/issues/212" closed="2021-03-18T00:08:22+00:00">212</issue>
    <ticket>208</ticket>
    <estimate>0</estimate>
    <role>DEV</role>
    <id>208-0df7b4a1</id>
    <lines>45-49</lines>
    <body>...</body>
    <file>...</file>
    <author>...</author>
    <email>...</email>
    <time>2021-03-17T23:22:17Z</time>
    <children>
      <puzzle alive="false">
        <issue href="https://github.com/proofit404/cruftbot/issues/214" closed="2021-03-18T09:59:06+00:00">214</issue>
        <ticket>212</ticket>
        <estimate>0</estimate>
        <role>DEV</role>
        <id>212-0fbe2616</id>
        <lines>49-49</lines>
        <body>...</body>
        <file>...</file>
        <author>...</author>
        <email>...</email>
        <time>2021-03-18T00:03:09Z</time>
        <children/>
      </puzzle>
    </children>
  </puzzle>
  <puzzle alive="false">
    <issue href="https://github.com/proofit404/cruftbot/issues/268" closed="2021-04-24T22:20:14+00:00">268</issue>
    <ticket>251</ticket>
    <estimate>0</estimate>
    <role>DEV</role>
    <id>251-732d06c9</id>
    <lines>18-18</lines>
    <body>...</body>
    <file>...</file>
    <author>...</author>
    <email>...</email>
    <time>2021-04-15T12:21:11Z</time>
    <children/>
  </puzzle>
  <puzzle alive="false">
    <issue href="https://github.com/proofit404/cruftbot/issues/269" closed="2021-04-24T20:33:03+00:00">269</issue>
    <ticket>251</ticket>
    <estimate>0</estimate>
    <role>DEV</role>
    <id>251-f2033c6e</id>
    <lines>20-20</lines>
    <body>...</body>
    <file>...</file>
    <author>...</author>
    <email>...</email>
    <time>2021-04-15T12:21:11Z</time>
    <children/>
  </puzzle>
  <puzzle alive="false">
    <issue href="https://github.com/proofit404/cruftbot/issues/279" closed="2021-04-17T16:06:52+00:00">279</issue>
    <ticket>92</ticket>
    <estimate>0</estimate>
    <role>DEV</role>
    <id>92-475e28a0</id>
    <lines>28-28</lines>
    <body>...</body>
    <file>...</file>
    <author>...</author>
    <email>...</email>
    <time>2021-04-17T07:46:42Z</time>
    <children/>
  </puzzle>
  <puzzle alive="false">
    <issue href="https://github.com/proofit404/cruftbot/issues/280" closed="2021-04-18T22:16:15+00:00">280</issue>
    <ticket>92</ticket>
    <estimate>0</estimate>
    <role>DEV</role>
    <id>92-7ac5107b</id>
    <lines>30-30</lines>
    <body>...</body>
    <file>...</file>
    <author>...</author>
    <email>...</email>
    <time>2021-04-17T07:46:42Z</time>
    <children/>
  </puzzle>
  <puzzle alive="false">
    <issue href="https://github.com/proofit404/cruftbot/issues/287" closed="2021-04-22T11:33:45+00:00">287</issue>
    <ticket>283</ticket>
    <estimate>0</estimate>
    <role>DEV</role>
    <id>283-839f33e7</id>
    <lines>2-2</lines>
    <body>...</body>
    <file>...</file>
    <author>...</author>
    <email>...</email>
    <time>2021-04-22T10:18:23Z</time>
    <children/>
  </puzzle>
  <puzzle alive="false">
    <issue href="https://github.com/proofit404/cruftbot/issues/292" closed="2021-05-18T11:42:04+00:00">292</issue>
    <ticket>92</ticket>
    <estimate>0</estimate>
    <role>DEV</role>
    <id>92-221b3e09</id>
    <lines>15-17</lines>
    <body>...</body>
    <file>...</file>
    <author>...</author>
    <email>...</email>
    <time>2021-04-22T22:08:56Z</time>
    <children/>
  </puzzle>
  <puzzle alive="false">
    <issue href="https://github.com/proofit404/cruftbot/issues/299" closed="2021-04-27T06:53:08+00:00">299</issue>
    <ticket>251</ticket>
    <estimate>0</estimate>
    <role>DEV</role>
    <id>251-cb581bf8</id>
    <lines>17-21</lines>
    <body>...</body>
    <file>...</file>
    <author>...</author>
    <email>...</email>
    <time>2021-04-24T20:29:22Z</time>
    <children/>
  </puzzle>
  <puzzle alive="true">
    <issue href="https://github.com/proofit404/cruftbot/issues/365">365</issue>
    <ticket>362</ticket>
    <estimate>0</estimate>
    <role>DEV</role>
    <id>362-7ed23edf</id>
    <lines>31-31</lines>
    <body>...</body>
    <file>...</file>
    <author>...</author>
    <email>...</email>
    <time>2021-05-10T13:00:55Z</time>
    <children/>
  </puzzle>
  <puzzle alive="false">
    <issue href="https://github.com/proofit404/cruftbot/issues/366" closed="2021-05-17T07:28:59+00:00">366</issue>
    <ticket>362</ticket>
    <estimate>0</estimate>
    <role>DEV</role>
    <id>362-4a2c75c2</id>
    <lines>2-2</lines>
    <body>...</body>
    <file>...</file>
    <author>...</author>
    <email>...</email>
    <time>2021-05-10T13:00:55Z</time>
    <children/>
  </puzzle>
  <puzzle alive="true">
    <issue href="https://github.com/proofit404/cruftbot/issues/367">367</issue>
    <ticket>362</ticket>
    <estimate>0</estimate>
    <role>DEV</role>
    <id>362-dafd59a9</id>
    <lines>7-8</lines>
    <body>...</body>
    <file>...</file>
    <author>...</author>
    <email>...</email>
    <time>2021-05-10T13:00:55Z</time>
    <children/>
  </puzzle>
  <puzzle alive="false">
    <issue href="https://github.com/proofit404/cruftbot/issues/419" closed="2021-05-18T07:59:27+00:00">419</issue>
    <ticket>362</ticket>
    <estimate>0</estimate>
    <role>DEV</role>
    <id>362-a9966cea</id>
    <lines>69-72</lines>
    <body>...</body>
    <file>...</file>
    <author>...</author>
    <email>...</email>
    <time>2021-05-17T08:24:47Z</time>
    <children/>
  </puzzle>
  <puzzle alive="true">
    <issue href="https://github.com/proofit404/cruftbot/issues/420">420</issue>
    <ticket>362</ticket>
    <estimate>0</estimate>
    <role>DEV</role>
    <id>362-85826d75</id>
    <lines>82-82</lines>
    <body>...</body>
    <file>...</file>
    <author>...</author>
    <email>...</email>
    <time>2021-05-17T08:24:47Z</time>
    <children/>
  </puzzle>
  <puzzle alive="false">
    <issue href="https://github.com/proofit404/cruftbot/issues/425" closed="2021-05-21T17:34:27+00:00">425</issue>
    <ticket>359</ticket>
    <estimate>0</estimate>
    <role>DEV</role>
    <id>359-d9ff7116</id>
    <lines>8-9</lines>
    <body>...</body>
    <file>...</file>
    <author>...</author>
    <email>...</email>
    <time>2021-05-19T07:30:05Z</time>
    <children/>
  </puzzle>
  <puzzle alive="false">
    <issue href="https://github.com/proofit404/cruftbot/issues/426" closed="2021-05-20T08:00:27+00:00">426</issue>
    <ticket>359</ticket>
    <estimate>0</estimate>
    <role>DEV</role>
    <id>359-38482e81</id>
    <lines>13-13</lines>
    <body>...</body>
    <file>...</file>
    <author>...</author>
    <email>...</email>
    <time>2021-05-19T07:30:05Z</time>
    <children/>
  </puzzle>
  <puzzle alive="false">
    <issue href="https://github.com/proofit404/cruftbot/issues/442" closed="2021-05-26T18:25:12+00:00">442</issue>
    <ticket>355</ticket>
    <estimate>0</estimate>
    <role>DEV</role>
    <id>355-a515b3fb</id>
    <lines>33-33</lines>
    <body>...</body>
    <file>...</file>
    <author>...</author>
    <email>...</email>
    <time>2021-05-25T05:55:58Z</time>
    <children/>
  </puzzle>
  <puzzle alive="false">
    <issue href="https://github.com/proofit404/cruftbot/issues/446" closed="2021-05-27T05:37:31+00:00">446</issue>
    <ticket>356</ticket>
    <estimate>0</estimate>
    <role>DEV</role>
    <id>356-fbea07b8</id>
    <lines>37-37</lines>
    <body>...</body>
    <file>...</file>
    <author>...</author>
    <email>...</email>
    <time>2021-05-26T07:50:50Z</time>
    <children/>
  </puzzle>
</puzzles>
