<?xml version="1.0"?>
<puzzles xmlns:xsi="http://www.w3.org/2001/XMLSchema-instance" xsi:noNamespaceSchemaLocation="http://www.0pdd.com/puzzles.xsd" date="2021-02-04T20:05:44+00:00" version="0.30.22">
  <puzzle alive="false">
    <issue href="https://github.com/proofit404/lime/issues/5" closed="2020-07-14T20:41:53+00:00">5</issue>
    <ticket>3</ticket>
    <estimate>0</estimate>
    <role>DEV</role>
    <id>3-af0b582f</id>
    <lines>1-1</lines>
    <body>...</body>
    <file>...</file>
    <author>...</author>
    <email>...</email>
    <time>2020-07-14T20:25:08Z</time>
    <children/>
  </puzzle>
  <puzzle alive="false">
    <issue href="https://github.com/proofit404/lime/issues/10" closed="2020-07-14T21:09:33+00:00">10</issue>
    <ticket>8</ticket>
    <estimate>0</estimate>
    <role>DEV</role>
    <id>8-5649509f</id>
    <lines>8-8</lines>
    <body>...</body>
    <file>...</file>
    <author>...</author>
    <email>...</email>
    <time>2020-07-14T21:01:17Z</time>
    <children/>
  </puzzle>
  <puzzle alive="false">
    <issue href="https://github.com/proofit404/lime/issues/11" closed="2020-07-14T21:19:55+00:00">11</issue>
    <ticket>8</ticket>
    <estimate>0</estimate>
    <role>DEV</role>
    <id>8-07a1dac6</id>
    <lines>11-11</lines>
    <body>...</body>
    <file>...</file>
    <author>...</author>
    <email>...</email>
    <time>2020-07-14T21:01:17Z</time>
    <children/>
  </puzzle>
  <puzzle alive="false">
    <issue href="https://github.com/proofit404/lime/issues/12" closed="2020-07-18T14:05:33+00:00">12</issue>
    <ticket>8</ticket>
    <estimate>0</estimate>
    <role>DEV</role>
    <id>8-20785ded</id>
    <lines>14-14</lines>
    <body>...</body>
    <file>...</file>
    <author>...</author>
    <email>...</email>
    <time>2020-07-14T21:01:17Z</time>
    <children/>
  </puzzle>
  <puzzle alive="false">
    <issue href="https://github.com/proofit404/lime/issues/13" closed="2020-07-17T18:59:37+00:00">13</issue>
    <ticket>8</ticket>
    <estimate>0</estimate>
    <role>DEV</role>
    <id>8-6415f9af</id>
    <lines>17-17</lines>
    <body>...</body>
    <file>...</file>
    <author>...</author>
    <email>...</email>
    <time>2020-07-14T21:01:17Z</time>
    <children/>
  </puzzle>
  <puzzle alive="true">
    <issue href="https://github.com/proofit404/lime/issues/14">14</issue>
    <ticket>8</ticket>
    <estimate>0</estimate>
    <role>DEV</role>
    <id>8-b0c3609b</id>
    <lines>20-20</lines>
    <body>...</body>
    <file>...</file>
    <author>...</author>
    <email>...</email>
    <time>2020-07-14T21:01:17Z</time>
    <children/>
  </puzzle>
  <puzzle alive="false">
    <issue href="https://github.com/proofit404/lime/issues/15" closed="2020-07-15T07:59:32+00:00">15</issue>
    <ticket>8</ticket>
    <estimate>0</estimate>
    <role>DEV</role>
    <id>8-f4984c95</id>
    <lines>23-23</lines>
    <body>...</body>
    <file>...</file>
    <author>...</author>
    <email>...</email>
    <time>2020-07-14T21:01:17Z</time>
    <children>
      <puzzle alive="true">
        <issue href="https://github.com/proofit404/lime/issues/35">35</issue>
        <ticket>15</ticket>
        <estimate>0</estimate>
        <role>DEV</role>
        <id>15-f057d044</id>
        <lines>1-1</lines>
        <body>...</body>
        <file>...</file>
        <author>...</author>
        <email>...</email>
        <time>2020-07-15T07:56:42Z</time>
        <children/>
      </puzzle>
      <puzzle alive="true">
        <issue href="https://github.com/proofit404/lime/issues/36">36</issue>
        <ticket>15</ticket>
        <estimate>0</estimate>
        <role>DEV</role>
        <id>15-2b3c9444</id>
        <lines>2-2</lines>
        <body>...</body>
        <file>...</file>
        <author>...</author>
        <email>...</email>
        <time>2020-07-15T07:56:42Z</time>
        <children/>
      </puzzle>
      <puzzle alive="true">
        <issue href="https://github.com/proofit404/lime/issues/37">37</issue>
        <ticket>15</ticket>
        <estimate>0</estimate>
        <role>DEV</role>
        <id>15-8cd2a805</id>
        <lines>3-3</lines>
        <body>...</body>
        <file>...</file>
        <author>...</author>
        <email>...</email>
        <time>2020-07-15T07:56:42Z</time>
        <children/>
      </puzzle>
      <puzzle alive="false">
        <issue href="https://github.com/proofit404/lime/issues/38" closed="2020-07-20T07:02:25+00:00">38</issue>
        <ticket>15</ticket>
        <estimate>0</estimate>
        <role>DEV</role>
        <id>15-9ad45794</id>
        <lines>22-22</lines>
        <body>...</body>
        <file>...</file>
        <author>...</author>
        <email>...</email>
        <time>2020-07-15T07:56:42Z</time>
        <children/>
      </puzzle>
    </children>
  </puzzle>
  <puzzle alive="false">
    <issue href="https://github.com/proofit404/lime/issues/16" closed="2020-07-21T04:01:38+00:00">16</issue>
    <ticket>8</ticket>
    <estimate>0</estimate>
    <role>DEV</role>
    <id>8-e2bc2e51</id>
    <lines>29-29</lines>
    <body>...</body>
    <file>...</file>
    <author>...</author>
    <email>...</email>
    <time>2020-07-14T21:01:17Z</time>
    <children/>
  </puzzle>
  <puzzle alive="true">
    <issue href="https://github.com/proofit404/lime/issues/17">17</issue>
    <ticket>8</ticket>
    <estimate>0</estimate>
    <role>DEV</role>
    <id>8-210cdc08</id>
    <lines>32-32</lines>
    <body>...</body>
    <file>...</file>
    <author>...</author>
    <email>...</email>
    <time>2020-07-14T21:01:17Z</time>
    <children>
      <puzzle alive="false">
        <issue href="https://github.com/proofit404/lime/issues/27" closed="2020-07-16T05:53:30+00:00">27</issue>
        <ticket>17</ticket>
        <estimate>0</estimate>
        <role>DEV</role>
        <id>17-06084f61</id>
        <lines>1-1</lines>
        <body>...</body>
        <file>...</file>
        <author>...</author>
        <email>...</email>
        <time>2020-07-14T21:23:49Z</time>
        <children/>
      </puzzle>
      <puzzle alive="false">
        <issue href="https://github.com/proofit404/lime/issues/28" closed="2020-07-17T04:46:01+00:00">28</issue>
        <ticket>17</ticket>
        <estimate>0</estimate>
        <role>DEV</role>
        <id>17-dcb64902</id>
        <lines>2-2</lines>
        <body>...</body>
        <file>...</file>
        <author>...</author>
        <email>...</email>
        <time>2020-07-14T21:23:49Z</time>
        <children/>
      </puzzle>
      <puzzle alive="false">
        <issue href="https://github.com/proofit404/lime/issues/29" closed="2020-07-17T12:39:08+00:00">29</issue>
        <ticket>17</ticket>
        <estimate>0</estimate>
        <role>DEV</role>
        <id>17-2adb4147</id>
        <lines>3-3</lines>
        <body>...</body>
        <file>...</file>
        <author>...</author>
        <email>...</email>
        <time>2020-07-14T21:23:49Z</time>
        <children/>
      </puzzle>
      <puzzle alive="true">
        <issue href="https://github.com/proofit404/lime/issues/30">30</issue>
        <ticket>17</ticket>
        <estimate>0</estimate>
        <role>DEV</role>
        <id>17-fa13330a</id>
        <lines>4-4</lines>
        <body>...</body>
        <file>...</file>
        <author>...</author>
        <email>...</email>
        <time>2020-07-14T21:23:49Z</time>
        <children/>
      </puzzle>
      <puzzle alive="true">
        <issue href="https://github.com/proofit404/lime/issues/31">31</issue>
        <ticket>17</ticket>
        <estimate>0</estimate>
        <role>DEV</role>
        <id>17-23b91a48</id>
        <lines>5-5</lines>
        <body>...</body>
        <file>...</file>
        <author>...</author>
        <email>...</email>
        <time>2020-07-14T21:23:49Z</time>
        <children/>
      </puzzle>
    </children>
  </puzzle>
  <puzzle alive="true">
    <issue href="https://github.com/proofit404/lime/issues/18">18</issue>
    <ticket>8</ticket>
    <estimate>0</estimate>
    <role>DEV</role>
    <id>8-ee253a4d</id>
    <lines>35-35</lines>
    <body>...</body>
    <file>...</file>
    <author>...</author>
    <email>...</email>
    <time>2020-07-14T21:01:17Z</time>
    <children/>
  </puzzle>
  <puzzle alive="true">
    <issue href="https://github.com/proofit404/lime/issues/19">19</issue>
    <ticket>8</ticket>
    <estimate>0</estimate>
    <role>DEV</role>
    <id>8-25c4ceee</id>
    <lines>38-38</lines>
    <body>...</body>
    <file>...</file>
    <author>...</author>
    <email>...</email>
    <time>2020-07-14T21:01:17Z</time>
    <children/>
  </puzzle>
  <puzzle alive="true">
    <issue href="https://github.com/proofit404/lime/issues/20">20</issue>
    <ticket>8</ticket>
    <estimate>0</estimate>
    <role>DEV</role>
    <id>8-d7cb9190</id>
    <lines>41-41</lines>
    <body>...</body>
    <file>...</file>
    <author>...</author>
    <email>...</email>
    <time>2020-07-14T21:01:17Z</time>
    <children/>
  </puzzle>
  <puzzle alive="true">
    <issue href="https://github.com/proofit404/lime/issues/21">21</issue>
    <ticket>8</ticket>
    <estimate>0</estimate>
    <role>DEV</role>
    <id>8-64881e33</id>
    <lines>44-44</lines>
    <body>...</body>
    <file>...</file>
    <author>...</author>
    <email>...</email>
    <time>2020-07-14T21:01:17Z</time>
    <children>
      <puzzle alive="true">
        <issue href="https://github.com/proofit404/lime/issues/41">41</issue>
        <ticket>21</ticket>
        <estimate>0</estimate>
        <role>DEV</role>
        <id>21-18fed9a2</id>
        <lines>1-1</lines>
        <body>...</body>
        <file>...</file>
        <author>...</author>
        <email>...</email>
        <time>2020-07-15T08:19:43Z</time>
        <children/>
      </puzzle>
      <puzzle alive="true">
        <issue href="https://github.com/proofit404/lime/issues/42">42</issue>
        <ticket>21</ticket>
        <estimate>0</estimate>
        <role>DEV</role>
        <id>21-061a4448</id>
        <lines>2-2</lines>
        <body>...</body>
        <file>...</file>
        <author>...</author>
        <email>...</email>
        <time>2020-07-15T08:19:43Z</time>
        <children/>
      </puzzle>
      <puzzle alive="true">
        <issue href="https://github.com/proofit404/lime/issues/43">43</issue>
        <ticket>21</ticket>
        <estimate>0</estimate>
        <role>DEV</role>
        <id>21-e9092684</id>
        <lines>3-3</lines>
        <body>...</body>
        <file>...</file>
        <author>...</author>
        <email>...</email>
        <time>2020-07-15T08:19:43Z</time>
        <children/>
      </puzzle>
      <puzzle alive="true">
        <issue href="https://github.com/proofit404/lime/issues/44">44</issue>
        <ticket>21</ticket>
        <estimate>0</estimate>
        <role>DEV</role>
        <id>21-3c438666</id>
        <lines>5-5</lines>
        <body>...</body>
        <file>...</file>
        <author>...</author>
        <email>...</email>
        <time>2020-07-15T08:19:43Z</time>
        <children/>
      </puzzle>
      <puzzle alive="true">
        <issue href="https://github.com/proofit404/lime/issues/45">45</issue>
        <ticket>21</ticket>
        <estimate>0</estimate>
        <role>DEV</role>
        <id>21-5f9871a2</id>
        <lines>6-6</lines>
        <body>...</body>
        <file>...</file>
        <author>...</author>
        <email>...</email>
        <time>2020-07-15T08:19:43Z</time>
        <children/>
      </puzzle>
      <puzzle alive="true">
        <issue href="https://github.com/proofit404/lime/issues/46">46</issue>
        <ticket>21</ticket>
        <estimate>0</estimate>
        <role>DEV</role>
        <id>21-138a3497</id>
        <lines>7-7</lines>
        <body>...</body>
        <file>...</file>
        <author>...</author>
        <email>...</email>
        <time>2020-07-15T08:19:43Z</time>
        <children/>
      </puzzle>
      <puzzle alive="true">
        <issue href="https://github.com/proofit404/lime/issues/47">47</issue>
        <ticket>21</ticket>
        <estimate>0</estimate>
        <role>DEV</role>
        <id>21-12127230</id>
        <lines>9-9</lines>
        <body>...</body>
        <file>...</file>
        <author>...</author>
        <email>...</email>
        <time>2020-07-15T08:19:43Z</time>
        <children/>
      </puzzle>
      <puzzle alive="true">
        <issue href="https://github.com/proofit404/lime/issues/48">48</issue>
        <ticket>21</ticket>
        <estimate>0</estimate>
        <role>DEV</role>
        <id>21-0892820d</id>
        <lines>10-10</lines>
        <body>...</body>
        <file>...</file>
        <author>...</author>
        <email>...</email>
        <time>2020-07-15T08:19:43Z</time>
        <children/>
      </puzzle>
      <puzzle alive="true">
        <issue href="https://github.com/proofit404/lime/issues/49">49</issue>
        <ticket>21</ticket>
        <estimate>0</estimate>
        <role>DEV</role>
        <id>21-d0042dd0</id>
        <lines>11-11</lines>
        <body>...</body>
        <file>...</file>
        <author>...</author>
        <email>...</email>
        <time>2020-07-15T08:19:43Z</time>
        <children/>
      </puzzle>
      <puzzle alive="true">
        <issue href="https://github.com/proofit404/lime/issues/50">50</issue>
        <ticket>21</ticket>
        <estimate>0</estimate>
        <role>DEV</role>
        <id>21-8d22dd7c</id>
        <lines>13-13</lines>
        <body>...</body>
        <file>...</file>
        <author>...</author>
        <email>...</email>
        <time>2020-07-15T08:19:43Z</time>
        <children/>
      </puzzle>
      <puzzle alive="true">
        <issue href="https://github.com/proofit404/lime/issues/51">51</issue>
        <ticket>21</ticket>
        <estimate>0</estimate>
        <role>DEV</role>
        <id>21-f243e32e</id>
        <lines>15-15</lines>
        <body>...</body>
        <file>...</file>
        <author>...</author>
        <email>...</email>
        <time>2020-07-15T08:19:43Z</time>
        <children/>
      </puzzle>
      <puzzle alive="true">
        <issue href="https://github.com/proofit404/lime/issues/52">52</issue>
        <ticket>21</ticket>
        <estimate>0</estimate>
        <role>DEV</role>
        <id>21-d2eef285</id>
        <lines>16-16</lines>
        <body>...</body>
        <file>...</file>
        <author>...</author>
        <email>...</email>
        <time>2020-07-15T08:19:43Z</time>
        <children/>
      </puzzle>
    </children>
  </puzzle>
  <puzzle alive="true">
    <issue href="https://github.com/proofit404/lime/issues/22">22</issue>
    <ticket>8</ticket>
    <estimate>0</estimate>
    <role>DEV</role>
    <id>8-0c2f1243</id>
    <lines>47-47</lines>
    <body>...</body>
    <file>...</file>
    <author>...</author>
    <email>...</email>
    <time>2020-07-14T21:01:17Z</time>
    <children/>
  </puzzle>
  <puzzle alive="false">
    <issue href="https://github.com/proofit404/lime/issues/23" closed="2021-02-04T20:05:44+00:00">23</issue>
    <ticket>8</ticket>
    <estimate>0</estimate>
    <role>DEV</role>
    <id>8-73380345</id>
    <lines>50-50</lines>
    <body>...</body>
    <file>...</file>
    <author>...</author>
    <email>...</email>
    <time>2020-07-14T21:01:17Z</time>
    <children/>
  </puzzle>
  <puzzle alive="true">
    <issue href="https://github.com/proofit404/lime/issues/39">39</issue>
    <ticket>8</ticket>
    <estimate>0</estimate>
    <role>DEV</role>
    <id>8-4d4f914d</id>
    <lines>8-8</lines>
    <body>...</body>
    <file>...</file>
    <author>...</author>
    <email>...</email>
    <time>2020-07-15T07:56:42Z</time>
    <children/>
  </puzzle>
  <puzzle alive="true">
    <issue href="https://github.com/proofit404/lime/issues/56">56</issue>
    <ticket>8</ticket>
    <estimate>0</estimate>
    <role>DEV</role>
    <id>8-3d210408</id>
    <lines>11-11</lines>
    <body>...</body>
    <file>...</file>
    <author>...</author>
    <email>...</email>
    <time>2020-07-16T10:34:32Z</time>
    <children>
      <puzzle alive="true">
        <issue href="https://github.com/proofit404/lime/issues/60">60</issue>
        <ticket>56</ticket>
        <estimate>0</estimate>
        <role>DEV</role>
        <id>56-2ee1b202</id>
        <lines>1-1</lines>
        <body>...</body>
        <file>...</file>
        <author>...</author>
        <email>...</email>
        <time>2020-07-17T18:18:42Z</time>
        <children>
          <puzzle alive="true">
            <issue href="https://github.com/proofit404/lime/issues/63">63</issue>
            <ticket>60</ticket>
            <estimate>0</estimate>
            <role>DEV</role>
            <id>60-e73a5bdb</id>
            <lines>1-1</lines>
            <body>...</body>
            <file>...</file>
            <author>...</author>
            <email>...</email>
            <time>2020-07-17T18:26:01Z</time>
            <children/>
          </puzzle>
        </children>
      </puzzle>
      <puzzle alive="true">
        <issue href="https://github.com/proofit404/lime/issues/61">61</issue>
        <ticket>56</ticket>
        <estimate>0</estimate>
        <role>DEV</role>
        <id>56-8f198fc9</id>
        <lines>2-2</lines>
        <body>...</body>
        <file>...</file>
        <author>...</author>
        <email>...</email>
        <time>2020-07-17T18:18:42Z</time>
        <children>
          <puzzle alive="true">
            <issue href="https://github.com/proofit404/lime/issues/65">65</issue>
            <ticket>61</ticket>
            <estimate>0</estimate>
            <role>DEV</role>
            <id>61-40fdf64d</id>
            <lines>1-1</lines>
            <body>...</body>
            <file>...</file>
            <author>...</author>
            <email>...</email>
            <time>2020-07-17T18:37:33Z</time>
            <children/>
          </puzzle>
        </children>
      </puzzle>
    </children>
  </puzzle>
  <puzzle alive="false">
    <issue href="https://github.com/proofit404/lime/issues/69" closed="2020-08-08T17:29:06+00:00">69</issue>
    <ticket>8</ticket>
    <estimate>0</estimate>
    <role>DEV</role>
    <id>8-c7a13a47</id>
    <lines>17-17</lines>
    <body>...</body>
    <file>...</file>
    <author>...</author>
    <email>...</email>
    <time>2020-07-18T14:03:16Z</time>
    <children/>
  </puzzle>
  <puzzle alive="false">
    <issue href="https://github.com/proofit404/lime/issues/70" closed="2020-08-10T06:20:44+00:00">70</issue>
    <ticket>8</ticket>
    <estimate>0</estimate>
    <role>DEV</role>
    <id>8-abdb4a1c</id>
    <lines>20-20</lines>
    <body>...</body>
    <file>...</file>
    <author>...</author>
    <email>...</email>
    <time>2020-07-18T14:03:16Z</time>
    <children/>
  </puzzle>
  <puzzle alive="false">
    <issue href="https://github.com/proofit404/lime/issues/71" closed="2020-08-09T14:25:06+00:00">71</issue>
    <ticket>8</ticket>
    <estimate>0</estimate>
    <role>DEV</role>
    <id>8-cc77e8ee</id>
    <lines>23-23</lines>
    <body>...</body>
    <file>...</file>
    <author>...</author>
    <email>...</email>
    <time>2020-07-18T14:03:16Z</time>
    <children/>
  </puzzle>
  <puzzle alive="false">
    <issue href="https://github.com/proofit404/lime/issues/72" closed="2020-07-21T11:53:37+00:00">72</issue>
    <ticket>8</ticket>
    <estimate>0</estimate>
    <role>DEV</role>
    <id>8-37e9200d</id>
    <lines>26-26</lines>
    <body>...</body>
    <file>...</file>
    <author>...</author>
    <email>...</email>
    <time>2020-07-18T14:03:16Z</time>
    <children/>
  </puzzle>
  <puzzle alive="false">
    <issue href="https://github.com/proofit404/lime/issues/73" closed="2020-07-19T16:06:45+00:00">73</issue>
    <ticket>8</ticket>
    <estimate>0</estimate>
    <role>DEV</role>
    <id>8-d7a56231</id>
    <lines>29-29</lines>
    <body>...</body>
    <file>...</file>
    <author>...</author>
    <email>...</email>
    <time>2020-07-18T14:03:16Z</time>
    <children/>
  </puzzle>
  <puzzle alive="false">
    <issue href="https://github.com/proofit404/lime/issues/74" closed="2020-08-08T16:29:49+00:00">74</issue>
    <ticket>8</ticket>
    <estimate>0</estimate>
    <role>DEV</role>
    <id>8-95e8d999</id>
    <lines>32-32</lines>
    <body>...</body>
    <file>...</file>
    <author>...</author>
    <email>...</email>
    <time>2020-07-18T14:03:16Z</time>
    <children/>
  </puzzle>
  <puzzle alive="false">
    <issue href="https://github.com/proofit404/lime/issues/75" closed="2020-08-11T08:22:51+00:00">75</issue>
    <ticket>8</ticket>
    <estimate>0</estimate>
    <role>DEV</role>
    <id>8-4a44a06f</id>
    <lines>35-35</lines>
    <body>...</body>
    <file>...</file>
    <author>...</author>
    <email>...</email>
    <time>2020-07-18T14:03:16Z</time>
    <children/>
  </puzzle>
  <puzzle alive="false">
    <issue href="https://github.com/proofit404/lime/issues/76" closed="2020-08-07T10:45:29+00:00">76</issue>
    <ticket>8</ticket>
    <estimate>0</estimate>
    <role>DEV</role>
    <id>8-850901ba</id>
    <lines>38-38</lines>
    <body>...</body>
    <file>...</file>
    <author>...</author>
    <email>...</email>
    <time>2020-07-18T14:03:16Z</time>
    <children/>
  </puzzle>
  <puzzle alive="false">
    <issue href="https://github.com/proofit404/lime/issues/77" closed="2020-08-07T16:36:49+00:00">77</issue>
    <ticket>8</ticket>
    <estimate>0</estimate>
    <role>DEV</role>
    <id>8-017f897a</id>
    <lines>41-41</lines>
    <body>...</body>
    <file>...</file>
    <author>...</author>
    <email>...</email>
    <time>2020-07-18T14:03:16Z</time>
    <children/>
  </puzzle>
  <puzzle alive="false">
    <issue href="https://github.com/proofit404/lime/issues/78" closed="2020-07-26T16:28:05+00:00">78</issue>
    <ticket>8</ticket>
    <estimate>0</estimate>
    <role>DEV</role>
    <id>8-82e14fae</id>
    <lines>44-44</lines>
    <body>...</body>
    <file>...</file>
    <author>...</author>
    <email>...</email>
    <time>2020-07-18T14:03:16Z</time>
    <children/>
  </puzzle>
  <puzzle alive="false">
    <issue href="https://github.com/proofit404/lime/issues/79" closed="2020-08-07T12:40:06+00:00">79</issue>
    <ticket>8</ticket>
    <estimate>0</estimate>
    <role>DEV</role>
    <id>8-ecebb304</id>
    <lines>47-47</lines>
    <body>...</body>
    <file>...</file>
    <author>...</author>
    <email>...</email>
    <time>2020-07-18T14:03:16Z</time>
    <children/>
  </puzzle>
  <puzzle alive="false">
    <issue href="https://github.com/proofit404/lime/issues/113" closed="2020-08-18T08:14:09+00:00">113</issue>
    <ticket>111</ticket>
    <estimate>0</estimate>
    <role>DEV</role>
    <id>111-ab8dff81</id>
    <lines>1-1</lines>
    <body>...</body>
    <file>...</file>
    <author>...</author>
    <email>...</email>
    <time>2020-08-16T18:17:50Z</time>
    <children/>
  </puzzle>
  <puzzle alive="false">
    <issue href="https://github.com/proofit404/lime/issues/114" closed="2020-08-17T12:11:00+00:00">114</issue>
    <ticket>111</ticket>
    <estimate>0</estimate>
    <role>DEV</role>
    <id>111-93c60aae</id>
    <lines>21-21</lines>
    <body>...</body>
    <file>...</file>
    <author>...</author>
    <email>...</email>
    <time>2020-08-16T18:17:50Z</time>
    <children>
      <puzzle alive="false">
        <issue href="https://github.com/proofit404/lime/issues/117" closed="2020-08-18T07:48:47+00:00">117</issue>
        <ticket>114</ticket>
        <estimate>0</estimate>
        <role>DEV</role>
        <id>114-e183e0bb</id>
        <lines>15-15</lines>
        <body>...</body>
        <file>...</file>
        <author>...</author>
        <email>...</email>
        <time>2020-08-17T12:09:07Z</time>
        <children/>
      </puzzle>
    </children>
  </puzzle>
  <puzzle alive="true">
    <issue href="https://github.com/proofit404/lime/issues/125">125</issue>
    <ticket>121</ticket>
    <estimate>0</estimate>
    <role>DEV</role>
    <id>121-3779388b</id>
    <lines>38-38</lines>
    <body>...</body>
    <file>...</file>
    <author>...</author>
    <email>...</email>
    <time>2020-08-19T08:38:28Z</time>
    <children/>
  </puzzle>
  <puzzle alive="true">
    <issue href="https://github.com/proofit404/lime/issues/126">126</issue>
    <ticket>121</ticket>
    <estimate>0</estimate>
    <role>DEV</role>
    <id>121-9419ef22</id>
    <lines>41-41</lines>
    <body>...</body>
    <file>...</file>
    <author>...</author>
    <email>...</email>
    <time>2020-08-19T08:38:28Z</time>
    <children/>
  </puzzle>
  <puzzle alive="true">
    <issue href="https://github.com/proofit404/lime/issues/134">134</issue>
    <ticket>132</ticket>
    <estimate>0</estimate>
    <role>DEV</role>
    <id>132-cc63e876</id>
    <lines>11-13</lines>
    <body>...</body>
    <file>...</file>
    <author>...</author>
    <email>...</email>
    <time>2020-08-21T23:50:45Z</time>
    <children/>
  </puzzle>
  <puzzle alive="false">
    <issue href="https://github.com/proofit404/lime/issues/135" closed="2020-08-23T10:58:27+00:00">135</issue>
    <ticket>130</ticket>
    <estimate>0</estimate>
    <role>DEV</role>
    <id>130-212be337</id>
    <lines>17-17</lines>
    <body>...</body>
    <file>...</file>
    <author>...</author>
    <email>...</email>
    <time>2020-08-21T23:29:53Z</time>
    <children/>
  </puzzle>
  <puzzle alive="false">
    <issue href="https://github.com/proofit404/lime/issues/136" closed="2020-08-23T10:58:33+00:00">136</issue>
    <ticket>130</ticket>
    <estimate>0</estimate>
    <role>DEV</role>
    <id>130-4704c1f4</id>
    <lines>16-21</lines>
    <body>...</body>
    <file>...</file>
    <author>...</author>
    <email>...</email>
    <time>2020-08-21T23:50:45Z</time>
    <children/>
  </puzzle>
  <puzzle alive="true">
    <issue href="https://github.com/proofit404/lime/issues/137">137</issue>
    <ticket>130</ticket>
    <estimate>0</estimate>
    <role>DEV</role>
    <id>130-6eaa770a</id>
    <lines>27-29</lines>
    <body>...</body>
    <file>...</file>
    <author>...</author>
    <email>...</email>
    <time>2020-08-21T23:50:45Z</time>
    <children/>
  </puzzle>
  <puzzle alive="true">
    <issue href="https://github.com/proofit404/lime/issues/138">138</issue>
    <ticket>130</ticket>
    <estimate>0</estimate>
    <role>DEV</role>
    <id>130-a104297b</id>
    <lines>32-34</lines>
    <body>...</body>
    <file>...</file>
    <author>...</author>
    <email>...</email>
    <time>2020-08-21T23:50:45Z</time>
    <children/>
  </puzzle>
</puzzles>
