<?xml version="1.0"?>
<?xml-stylesheet href="/puzzles.xsl" type="text/xsl"?>
<puzzles xmlns:xsi="http://www.w3.org/2001/XMLSchema-instance" xsi:noNamespaceSchemaLocation="http://www.0pdd.com/puzzles.xsd" version="0.30.21" date="2020-11-10T12:21:05+00:00">
  <puzzle alive="false">
    <issue>unknown</issue>
    <id>1-40eeff88</id>
    <ticket>1</ticket>
    <file>...</file>
    <lines>73-74</lines>
    <estimate>30</estimate>
    <role>DEV</role>
    <author>...</author>
    <email>...</email>
    <time>2016-12-14T11:39:44Z</time>
    <body>...</body>
    <children/>
  </puzzle>
  <puzzle alive="false">
    <issue>unknown</issue>
    <id>19-aa7a7497</id>
    <ticket>19</ticket>
    <file>...</file>
    <lines>64-66</lines>
    <estimate>30</estimate>
    <role>DEV</role>
    <author>...</author>
    <email>...</email>
    <time>2016-12-14T11:39:44Z</time>
    <body>...</body>
    <children/>
  </puzzle>
  <puzzle alive="false">
    <issue>unknown</issue>
    <id>19-a877bdce</id>
    <ticket>19</ticket>
    <file>...</file>
    <lines>87-89</lines>
    <estimate>30</estimate>
    <role>DEV</role>
    <author>...</author>
    <email>...</email>
    <time>2016-12-14T11:39:44Z</time>
    <body>...</body>
    <children/>
  </puzzle>
  <puzzle alive="false">
    <issue>unknown</issue>
    <id>1-5ecf8bb2</id>
    <ticket>1</ticket>
    <file>...</file>
    <lines>50-53</lines>
    <estimate>30</estimate>
    <role>DEV</role>
    <author>...</author>
    <email>...</email>
    <time>2016-12-14T11:39:44Z</time>
    <body>...</body>
    <children/>
  </puzzle>
  <puzzle alive="false">
    <issue>unknown</issue>
    <id>90-35dd830e</id>
    <ticket>90</ticket>
    <file>...</file>
    <lines>46-47</lines>
    <estimate>30</estimate>
    <body>...</body>
    <role>IMP</role>
    <author>...</author>
    <email>...</email>
    <time>2016-01-15T11:03:29Z</time>
    <children/>
  </puzzle>
  <puzzle alive="false">
    <issue href="https://github.com/jcabi/jcabi-http/issues/120" closed="2017-11-02T06:41:14+00:00">120</issue>
    <id>90-f5d7f05d</id>
    <ticket>90</ticket>
    <file>...</file>
    <lines>141-142</lines>
    <estimate>30</estimate>
    <body>...</body>
    <role>IMP</role>
    <author>...</author>
    <email>...</email>
    <time>2016-01-15T11:03:29Z</time>
    <children>
      <puzzle alive="true">
        <issue href="https://github.com/jcabi/jcabi-http/issues/161">161</issue>
        <id>120-e6bf947f</id>
        <ticket>120</ticket>
        <file>...</file>
        <lines>62-69</lines>
        <estimate>15</estimate>
        <body>...</body>
        <role>IMP</role>
        <author>...</author>
        <email>...</email>
        <time>2016-05-18T19:05:31Z</time>
        <children/>
      </puzzle>
      <puzzle alive="true">
        <issue href="https://github.com/jcabi/jcabi-http/issues/162">162</issue>
        <id>120-2756c8f7</id>
        <ticket>120</ticket>
        <file>...</file>
        <lines>211-219</lines>
        <estimate>30</estimate>
        <body>...</body>
        <role>IMP</role>
        <author>...</author>
        <email>...</email>
        <time>2016-05-19T06:17:28Z</time>
        <children/>
      </puzzle>
    </children>
  </puzzle>
  <puzzle alive="true">
    <issue href="https://github.com/jcabi/jcabi-http/issues/163">163</issue>
    <id>87-5547b016</id>
    <ticket>87</ticket>
    <file>...</file>
    <lines>69-76</lines>
    <estimate>30</estimate>
    <body>...</body>
    <role>IMP</role>
    <author>...</author>
    <email>...</email>
    <time>2016-08-12T06:22:28Z</time>
    <children/>
  </puzzle>
  <puzzle alive="false">
    <issue href="https://github.com/jcabi/jcabi-http/issues/164" closed="2019-11-29T16:22:36+00:00">164</issue>
    <id>87-bd2cb401</id>
    <ticket>87</ticket>
    <file>...</file>
    <lines>470-476</lines>
    <estimate>60</estimate>
    <body>...</body>
    <role>IMP</role>
    <author>...</author>
    <email>...</email>
    <time>2016-08-10T13:17:35Z</time>
    <children/>
  </puzzle>
  <puzzle alive="true">
    <issue href="https://github.com/jcabi/jcabi-http/issues/194">194</issue>
    <ticket>171</ticket>
    <estimate>30</estimate>
    <role>DEV</role>
    <id>171-f8bc6a22</id>
    <lines>113-117</lines>
    <body>...</body>
    <file>...</file>
    <author>...</author>
    <email>...</email>
    <time>2020-06-25T18:57:43Z</time>
    <children/>
  </puzzle>
  <puzzle alive="false">
    <issue href="https://github.com/jcabi/jcabi-http/issues/195" closed="2020-07-07T20:55:29+00:00">195</issue>
    <ticket>171</ticket>
    <estimate>30</estimate>
    <role>DEV</role>
    <id>171-01da2b80</id>
    <lines>151-157</lines>
    <body>...</body>
    <file>...</file>
    <author>...</author>
    <email>...</email>
    <time>2020-06-25T18:57:43Z</time>
    <children>
      <puzzle alive="false">
        <issue href="https://github.com/jcabi/jcabi-http/issues/199" closed="2020-07-09T01:45:18+00:00">199</issue>
        <ticket>195</ticket>
        <estimate>30</estimate>
        <role>DEV</role>
        <id>195-eea7018e</id>
        <lines>151-155</lines>
        <body>...</body>
        <file>...</file>
        <author>...</author>
        <email>...</email>
        <time>2020-07-07T18:24:52Z</time>
        <children>
          <puzzle alive="false">
            <issue href="https://github.com/jcabi/jcabi-http/issues/206" closed="2020-07-10T17:32:26+00:00">206</issue>
            <ticket>199</ticket>
            <estimate>30</estimate>
            <role>DEV</role>
            <id>199-1532b845</id>
            <lines>151-152</lines>
            <body>...</body>
            <file>...</file>
            <author>...</author>
            <email>...</email>
            <time>2020-07-09T00:42:42Z</time>
            <children>
              <puzzle alive="false">
                <issue href="https://github.com/jcabi/jcabi-http/issues/210" closed="2020-07-25T13:01:26+00:00">210</issue>
                <ticket>206</ticket>
                <estimate>30</estimate>
                <role>DEV</role>
                <id>206-f3551294</id>
                <lines>43-45</lines>
                <body>...</body>
                <file>...</file>
                <author>...</author>
                <email>...</email>
                <time>2020-07-10T17:01:43Z</time>
                <children/>
              </puzzle>
            </children>
          </puzzle>
        </children>
      </puzzle>
    </children>
  </puzzle>
  <puzzle alive="true">
    <issue href="https://github.com/jcabi/jcabi-http/issues/202">202</issue>
    <ticket>200</ticket>
    <estimate>30</estimate>
    <role>DEV</role>
    <id>200-8bafc4f4</id>
    <lines>68-70</lines>
    <body>...</body>
    <file>...</file>
    <author>...</author>
    <email>...</email>
    <time>2020-07-08T16:12:16Z</time>
    <children/>
  </puzzle>
  <puzzle alive="false">
    <issue href="https://github.com/jcabi/jcabi-http/issues/207" closed="2020-07-10T12:05:30+00:00">207</issue>
    <ticket>126</ticket>
    <estimate>30</estimate>
    <role>DEV</role>
    <id>126-c5eb9db3</id>
    <lines>173-176</lines>
    <body>...</body>
    <file>...</file>
    <author>...</author>
    <email>...</email>
    <time>2020-07-09T10:10:49Z</time>
    <children/>
  </puzzle>
  <puzzle alive="false">
    <issue href="https://github.com/jcabi/jcabi-http/issues/215" closed="2020-08-28T14:30:13+00:00">215</issue>
    <ticket>97</ticket>
    <estimate>30</estimate>
    <role>DEV</role>
    <id>97-5ddd4355</id>
    <lines>68-70</lines>
    <body>...</body>
    <file>...</file>
    <author>...</author>
    <email>...</email>
    <time>2020-07-25T15:41:37Z</time>
    <children/>
  </puzzle>
  <puzzle alive="true">
    <issue href="https://github.com/jcabi/jcabi-http/issues/222">222</issue>
    <ticket>179</ticket>
    <estimate>30</estimate>
    <role>DEV</role>
    <id>179-2a860650</id>
    <lines>85-88</lines>
    <body>...</body>
    <file>...</file>
    <author>...</author>
    <email>...</email>
    <time>2020-09-02T21:02:56Z</time>
    <children/>
  </puzzle>
</puzzles>
