<?xml version="1.0"?>
<?xml-stylesheet href="/puzzles.xsl" type="text/xsl"?>
<puzzles xmlns:xsi="http://www.w3.org/2001/XMLSchema-instance" xsi:noNamespaceSchemaLocation="http://www.0pdd.com/puzzles.xsd" version="0.25.4" date="2017-11-06T14:13:24+00:00">
  <puzzle alive="false">
    <issue>unknown</issue>
    <id>2-5feea170</id>
    <ticket>2</ticket>
    <file>...</file>
    <lines>84-90</lines>
    <estimate>30</estimate>
    <role>DEV</role>
    <author>...</author>
    <email>...</email>
    <time>2016-12-14T08:28:47Z</time>
    <body>...</body>
    <children/>
  </puzzle>
  <puzzle alive="false">
    <issue>unknown</issue>
    <id>2-4b48606c</id>
    <ticket>2</ticket>
    <file>...</file>
    <lines>98-100</lines>
    <estimate>30</estimate>
    <role>DEV</role>
    <author>...</author>
    <email>...</email>
    <time>2016-12-14T08:28:47Z</time>
    <body>...</body>
    <children/>
  </puzzle>
  <puzzle alive="false">
    <issue>unknown</issue>
    <id>2-b54ace9f</id>
    <ticket>2</ticket>
    <file>...</file>
    <lines>107-109</lines>
    <estimate>30</estimate>
    <role>DEV</role>
    <author>...</author>
    <email>...</email>
    <time>2016-12-14T08:28:47Z</time>
    <body>...</body>
    <children/>
  </puzzle>
  <puzzle alive="false">
    <issue>unknown</issue>
    <id>32-8743edc8</id>
    <ticket>32</ticket>
    <file>...</file>
    <lines>171-176</lines>
    <estimate>30</estimate>
    <author>...</author>
    <email>...</email>
    <time>2016-12-14T08:28:47Z</time>
    <body>...</body>
    <role>IMP</role>
    <children/>
  </puzzle>
  <puzzle alive="false">
    <issue>unknown</issue>
    <id>70-64aec8f3</id>
    <ticket>70</ticket>
    <file>...</file>
    <lines>217-221</lines>
    <estimate>30</estimate>
    <body>...</body>
    <role>DEV</role>
    <author>...</author>
    <email>...</email>
    <time>2015-10-08T19:33:28Z</time>
    <children/>
  </puzzle>
  <puzzle alive="false">
    <issue>unknown</issue>
    <id>96-5e311117</id>
    <ticket>96</ticket>
    <file>...</file>
    <lines>60-63</lines>
    <estimate>30</estimate>
    <body>...</body>
    <role>IMP</role>
    <author>...</author>
    <email>...</email>
    <time>2016-02-20T08:49:27Z</time>
    <children/>
  </puzzle>
</puzzles>
