<?xml version="1.0"?>
<?xml-stylesheet href="/puzzles.xsl" type="text/xsl"?>
<puzzles xmlns:xsi="http://www.w3.org/2001/XMLSchema-instance" xsi:noNamespaceSchemaLocation="http://www.0pdd.com/puzzles.xsd" version="0.25.6" date="2017-11-06T15:22:15+00:00">
  <puzzle alive="false">
    <issue href="https://github.com/jcabi/jcabi-aspects/issues/33" closed="2017-11-02T06:40:14+00:00">33</issue>
    <id>133-94684a15</id>
    <ticket>133</ticket>
    <file>...</file>
    <lines>57-58</lines>
    <estimate>30</estimate>
    <role>DEV</role>
    <author>...</author>
    <email>...</email>
    <time>2016-12-14T08:17:30Z</time>
    <body>...</body>
    <children>
      <puzzle alive="true">
        <issue href="https://github.com/jcabi/jcabi-aspects/issues/242">242</issue>
        <id>33-e5af3af3</id>
        <ticket>33</ticket>
        <file>...</file>
        <lines>65-68</lines>
        <estimate>30</estimate>
        <role>DEV</role>
        <author>...</author>
        <email>...</email>
        <time>2016-12-14T08:17:30Z</time>
        <body>...</body>
        <children/>
      </puzzle>
    </children>
  </puzzle>
  <puzzle alive="false">
    <issue>unknown</issue>
    <id>61-1692fcb2</id>
    <ticket>61</ticket>
    <file>...</file>
    <lines>194-197</lines>
    <estimate>30</estimate>
    <role>DEV</role>
    <author>...</author>
    <email>...</email>
    <time>2016-12-14T08:17:30Z</time>
    <body>...</body>
    <children/>
  </puzzle>
  <puzzle alive="false">
    <issue href="https://github.com/jcabi/jcabi-aspects/issues/32" closed="2017-11-02T06:40:15+00:00">32</issue>
    <id>1-b7897109</id>
    <ticket>1</ticket>
    <file>...</file>
    <lines>44-47</lines>
    <estimate>30</estimate>
    <role>DEV</role>
    <author>...</author>
    <email>...</email>
    <time>2016-12-14T08:17:30Z</time>
    <body>...</body>
    <children>
      <puzzle alive="false">
        <issue href="https://github.com/jcabi/jcabi-aspects/issues/41" closed="2017-11-02T06:40:16+00:00">41</issue>
        <id>32-9b5b2ac8</id>
        <ticket>32</ticket>
        <file>...</file>
        <lines>44-48</lines>
        <estimate>30</estimate>
        <role>DEV</role>
        <author>...</author>
        <email>...</email>
        <time>2016-12-14T08:17:30Z</time>
        <body>...</body>
        <children>
          <puzzle alive="false">
            <issue>unknown</issue>
            <id>41-28606be4</id>
            <ticket>41</ticket>
            <file>...</file>
            <lines>51-55</lines>
            <estimate>30</estimate>
            <author>...</author>
            <email>...</email>
            <time>2016-12-14T08:17:30Z</time>
            <body>...</body>
            <role>IMP</role>
            <children/>
          </puzzle>
          <puzzle alive="false">
            <issue>unknown</issue>
            <id>41-c2ba08a7</id>
            <ticket>41</ticket>
            <file>...</file>
            <lines>54-56</lines>
            <estimate>30</estimate>
            <author>...</author>
            <email>...</email>
            <time>2016-12-14T08:17:30Z</time>
            <body>...</body>
            <role>IMP</role>
            <children/>
          </puzzle>
        </children>
      </puzzle>
    </children>
  </puzzle>
  <puzzle alive="false">
    <issue>unknown</issue>
    <id>30-13669aa4</id>
    <ticket>30</ticket>
    <file>...</file>
    <lines>77-78</lines>
    <estimate>30</estimate>
    <role>DEV</role>
    <author>...</author>
    <email>...</email>
    <time>2016-12-14T08:17:30Z</time>
    <body>...</body>
    <children/>
  </puzzle>
  <puzzle alive="false">
    <issue>unknown</issue>
    <id>14-97704c5f</id>
    <ticket>14</ticket>
    <file>...</file>
    <lines>65-66</lines>
    <estimate>30</estimate>
    <role>DEV</role>
    <author>...</author>
    <email>...</email>
    <time>2016-12-14T08:17:30Z</time>
    <body>...</body>
    <children/>
  </puzzle>
  <puzzle alive="false">
    <issue>unknown</issue>
    <id>86-2fc54a8a</id>
    <ticket>86</ticket>
    <file>...</file>
    <lines>187-188</lines>
    <estimate>30</estimate>
    <author>...</author>
    <email>...</email>
    <time>2016-12-14T08:17:30Z</time>
    <body>...</body>
    <role>IMP</role>
    <children/>
  </puzzle>
  <puzzle alive="false">
    <issue>unknown</issue>
    <id>85-4b96ddcb</id>
    <ticket>85</ticket>
    <file>...</file>
    <lines>196-197</lines>
    <estimate>30</estimate>
    <author>...</author>
    <email>...</email>
    <time>2016-12-14T08:17:30Z</time>
    <body>...</body>
    <role>IMP</role>
    <children/>
  </puzzle>
  <puzzle alive="false">
    <issue>unknown</issue>
    <id>87-2655d0cc</id>
    <ticket>87</ticket>
    <file>...</file>
    <lines>175-176</lines>
    <estimate>30</estimate>
    <author>...</author>
    <email>...</email>
    <time>2016-12-14T08:17:30Z</time>
    <body>...</body>
    <role>IMP</role>
    <children/>
  </puzzle>
  <puzzle alive="false">
    <issue>unknown</issue>
    <id>104-259d589d</id>
    <ticket>104</ticket>
    <file>...</file>
    <lines>77-82</lines>
    <estimate>30</estimate>
    <author>...</author>
    <email>...</email>
    <time>2016-12-14T08:17:30Z</time>
    <body>...</body>
    <role>IMP</role>
    <children/>
  </puzzle>
  <puzzle alive="false">
    <issue>unknown</issue>
    <id>109-bb540c79</id>
    <ticket>109</ticket>
    <file>...</file>
    <lines>289-290</lines>
    <estimate>30</estimate>
    <author>...</author>
    <email>...</email>
    <time>2016-12-14T08:17:30Z</time>
    <body>...</body>
    <role>IMP</role>
    <children/>
  </puzzle>
  <puzzle alive="false">
    <issue>unknown</issue>
    <id>128-1ba0b794</id>
    <ticket>128</ticket>
    <file>...</file>
    <lines>68-73</lines>
    <estimate>30</estimate>
    <body>...</body>
    <role>IMP</role>
    <author>...</author>
    <email>...</email>
    <time>2015-01-20T08:36:58Z</time>
    <children/>
  </puzzle>
  <puzzle alive="false">
    <issue>unknown</issue>
    <id>124-0ed2a036</id>
    <ticket>124</ticket>
    <file>...</file>
    <lines>57-58</lines>
    <estimate>30</estimate>
    <body>...</body>
    <role>IMP</role>
    <author>...</author>
    <email>...</email>
    <time>2015-01-16T11:20:59Z</time>
    <children/>
  </puzzle>
  <puzzle alive="false">
    <issue>unknown</issue>
    <id>169-0e4b9121</id>
    <ticket>169</ticket>
    <file>...</file>
    <lines>61-64</lines>
    <estimate>30</estimate>
    <body>...</body>
    <role>IMP</role>
    <author>...</author>
    <email>...</email>
    <time>2015-07-09T10:00:09Z</time>
    <children/>
  </puzzle>
  <puzzle alive="false">
    <issue>unknown</issue>
    <id>167-78e42157</id>
    <ticket>167</ticket>
    <file>...</file>
    <lines>65-68</lines>
    <estimate>30</estimate>
    <body>...</body>
    <role>IMP</role>
    <author>...</author>
    <email>...</email>
    <time>2015-07-21T15:40:41Z</time>
    <children/>
  </puzzle>
  <puzzle alive="false">
    <issue>unknown</issue>
    <id>194-8b58eead</id>
    <ticket>194</ticket>
    <file>...</file>
    <lines>152-156</lines>
    <estimate>30</estimate>
    <body>...</body>
    <role>IMP</role>
    <author>...</author>
    <email>...</email>
    <time>2016-01-08T13:26:05Z</time>
    <children/>
  </puzzle>
</puzzles>
