<?xml version="1.0"?>
<?xml-stylesheet href="/puzzles.xsl" type="text/xsl"?>
<puzzles xmlns:xsi="http://www.w3.org/2001/XMLSchema-instance" xsi:noNamespaceSchemaLocation="http://www.0pdd.com/puzzles.xsd" version="0.28.5" date="2018-01-09T18:45:30+00:00">
  <puzzle alive="false">
    <issue>unknown</issue>
    <id>143-44bd09d0</id>
    <ticket>143</ticket>
    <file>...</file>
    <lines>47-48</lines>
    <estimate>30</estimate>
    <author>...</author>
    <email>...</email>
    <time>2016-12-14T11:24:25Z</time>
    <body>...</body>
    <role>IMP</role>
    <children/>
  </puzzle>
  <puzzle alive="false">
    <issue>unknown</issue>
    <id>143-c036470e</id>
    <ticket>143</ticket>
    <file>...</file>
    <lines>46-48</lines>
    <estimate>30</estimate>
    <author>...</author>
    <email>...</email>
    <time>2016-12-14T11:24:25Z</time>
    <body>...</body>
    <role>IMP</role>
    <children/>
  </puzzle>
  <puzzle alive="false">
    <issue href="https://github.com/jcabi/jcabi-log/issues/31" closed="2017-11-02T06:41:51+00:00">31</issue>
    <id>26-b04be6bf</id>
    <ticket>26</ticket>
    <file>...</file>
    <lines>66-68</lines>
    <estimate>30</estimate>
    <author>...</author>
    <email>...</email>
    <time>2016-12-14T11:24:25Z</time>
    <body>...</body>
    <role>IMP</role>
    <children>
      <puzzle alive="false">
        <issue>unknown</issue>
        <id>31-6c930351</id>
        <ticket>31</ticket>
        <file>...</file>
        <lines>66-71</lines>
        <estimate>30</estimate>
        <author>...</author>
        <email>...</email>
        <time>2016-12-14T11:24:25Z</time>
        <body>...</body>
        <role>IMP</role>
        <children/>
      </puzzle>
    </children>
  </puzzle>
  <puzzle alive="false">
    <issue>unknown</issue>
    <id>26-9f34c6f6</id>
    <ticket>26</ticket>
    <file>...</file>
    <lines>67-69</lines>
    <estimate>30</estimate>
    <author>...</author>
    <email>...</email>
    <time>2016-12-14T11:24:25Z</time>
    <body>...</body>
    <role>IMP</role>
    <children/>
  </puzzle>
  <puzzle alive="false">
    <issue>unknown</issue>
    <id>26-9c2568b0</id>
    <ticket>26</ticket>
    <file>...</file>
    <lines>66-68</lines>
    <estimate>30</estimate>
    <author>...</author>
    <email>...</email>
    <time>2016-12-14T11:24:25Z</time>
    <body>...</body>
    <role>IMP</role>
    <children/>
  </puzzle>
  <puzzle alive="true">
    <issue href="https://github.com/jcabi/jcabi-log/issues/98">98</issue>
    <id>18-de8643f2</id>
    <ticket>18</ticket>
    <file>...</file>
    <lines>52-55</lines>
    <estimate>30</estimate>
    <author>...</author>
    <email>...</email>
    <time>2016-12-14T11:24:25Z</time>
    <body>...</body>
    <role>IMP</role>
    <children/>
  </puzzle>
  <puzzle alive="false">
    <issue>unknown</issue>
    <id>38-9367cb1e</id>
    <ticket>38</ticket>
    <file>...</file>
    <lines>179-183</lines>
    <estimate>30</estimate>
    <author>...</author>
    <email>...</email>
    <time>2016-12-14T11:24:25Z</time>
    <body>...</body>
    <role>IMP</role>
    <children/>
  </puzzle>
  <puzzle alive="false">
    <issue href="https://github.com/jcabi/jcabi-log/issues/63" closed="2017-11-02T06:41:52+00:00">63</issue>
    <id>54-5ce25827</id>
    <ticket>54</ticket>
    <file>...</file>
    <lines>44-56</lines>
    <estimate>30</estimate>
    <body>...</body>
    <role>IMP</role>
    <author>...</author>
    <email>...</email>
    <time>2015-08-11T12:35:51Z</time>
    <children>
      <puzzle alive="false">
        <issue>unknown</issue>
        <id>63-fcb6d07a</id>
        <ticket>63</ticket>
        <file>...</file>
        <lines>44-51</lines>
        <estimate>30</estimate>
        <body>...</body>
        <role>IMP</role>
        <author>...</author>
        <email>...</email>
        <time>2016-02-01T19:35:34Z</time>
        <children/>
      </puzzle>
    </children>
  </puzzle>
  <puzzle alive="false">
    <issue>unknown</issue>
    <id>59-498fab78</id>
    <ticket>59</ticket>
    <file>...</file>
    <lines>84-85</lines>
    <estimate>30</estimate>
    <body>...</body>
    <role>IMP</role>
    <author>...</author>
    <email>...</email>
    <time>2016-01-29T14:36:08Z</time>
    <children/>
  </puzzle>
  <puzzle alive="true">
    <issue href="https://github.com/jcabi/jcabi-log/issues/101">101</issue>
    <ticket>100</ticket>
    <estimate>30</estimate>
    <role>IMP</role>
    <id>100-e041f047</id>
    <lines>43-45</lines>
    <body>...</body>
    <file>...</file>
    <author>...</author>
    <email>...</email>
    <time>2018-01-09T18:28:51Z</time>
    <children/>
  </puzzle>
</puzzles>
