<?xml version="1.0"?>
<?xml-stylesheet href="/puzzles.xsl" type="text/xsl"?>
<puzzles xmlns:xsi="http://www.w3.org/2001/XMLSchema-instance" xsi:noNamespaceSchemaLocation="http://www.0pdd.com/puzzles.xsd" version="0.25.6" date="2017-11-06T17:56:25+00:00">
  <puzzle alive="false">
    <issue>unknown</issue>
    <id>36-3609fbd6</id>
    <ticket>36</ticket>
    <file>...</file>
    <lines>100-104</lines>
    <estimate>30</estimate>
    <body>...</body>
    <role>IMP</role>
    <author>...</author>
    <email>...</email>
    <time>2016-04-26T16:29:12Z</time>
    <children/>
  </puzzle>
</puzzles>
