<?xml version="1.0"?>
<?xml-stylesheet href="/puzzles.xsl" type="text/xsl"?>
<puzzles xmlns:xsi="http://www.w3.org/2001/XMLSchema-instance" xsi:noNamespaceSchemaLocation="http://www.0pdd.com/puzzles.xsd" version="0.25.7" date="2017-11-08T03:15:06+00:00">
  <puzzle alive="false">
    <issue>unknown</issue>
    <id>1-6356edfc</id>
    <ticket>1</ticket>
    <file>...</file>
    <lines>72-73</lines>
    <estimate>30</estimate>
    <author>...</author>
    <email>...</email>
    <time>2016-12-14T11:39:43Z</time>
    <body>...</body>
    <role>IMP</role>
    <children/>
  </puzzle>
  <puzzle alive="false">
    <issue>unknown</issue>
    <id>45-e72ce9fe</id>
    <ticket>45</ticket>
    <file>...</file>
    <lines>71-72</lines>
    <estimate>30</estimate>
    <body>...</body>
    <role>IMP</role>
    <author>...</author>
    <email>...</email>
    <time>2016-03-01T23:13:51Z</time>
    <children/>
  </puzzle>
</puzzles>
