<?xml version="1.0"?>
<?xml-stylesheet href="/puzzles.xsl" type="text/xsl"?>
<puzzles xmlns:xsi="http://www.w3.org/2001/XMLSchema-instance" xsi:noNamespaceSchemaLocation="http://www.0pdd.com/puzzles.xsd" version="0.25.7" date="2017-11-06T21:14:21+00:00">
  <puzzle alive="false">
    <issue>unknown</issue>
    <id>316-0657128e</id>
    <ticket>316</ticket>
    <file>...</file>
    <lines>110-110</lines>
    <estimate>30</estimate>
    <role>DEV</role>
    <author>...</author>
    <email>...</email>
    <time>2016-12-14T11:55:26Z</time>
    <body>...</body>
    <children/>
  </puzzle>
  <puzzle alive="false">
    <issue>unknown</issue>
    <id>10-7b3f9a1b</id>
    <ticket>10</ticket>
    <file>...</file>
    <lines>65-67</lines>
    <estimate>30</estimate>
    <author>...</author>
    <email>...</email>
    <time>2016-12-14T11:55:26Z</time>
    <body>...</body>
    <role>IMP</role>
    <children/>
  </puzzle>
  <puzzle alive="false">
    <issue>unknown</issue>
    <id>10-8e2f1dc4</id>
    <ticket>10</ticket>
    <file>...</file>
    <lines>85-89</lines>
    <estimate>30</estimate>
    <author>...</author>
    <email>...</email>
    <time>2016-12-14T11:55:26Z</time>
    <body>...</body>
    <role>IMP</role>
    <children/>
  </puzzle>
</puzzles>
