<?xml version="1.0"?>
<?xml-stylesheet href="/puzzles.xsl" type="text/xsl"?>
<puzzles xmlns:xsi="http://www.w3.org/2001/XMLSchema-instance" xsi:noNamespaceSchemaLocation="http://www.0pdd.com/puzzles.xsd" version="0.25.7" date="2017-11-12T05:41:59+00:00">
  <puzzle alive="false">
    <issue>unknown</issue>
    <id>86-f6617969</id>
    <ticket>86</ticket>
    <file>...</file>
    <lines>68-69</lines>
    <estimate>30</estimate>
    <author>...</author>
    <email>...</email>
    <time>2016-12-14T11:03:37Z</time>
    <body>...</body>
    <role>IMP</role>
    <children/>
  </puzzle>
  <puzzle alive="false">
    <issue>unknown</issue>
    <id>86-09ac1c10</id>
    <ticket>86</ticket>
    <file>...</file>
    <lines>77-80</lines>
    <estimate>30</estimate>
    <author>...</author>
    <email>...</email>
    <time>2016-12-14T11:03:37Z</time>
    <body>...</body>
    <role>IMP</role>
    <children/>
  </puzzle>
  <puzzle alive="false">
    <issue>unknown</issue>
    <id>86-326486e3</id>
    <ticket>86</ticket>
    <file>...</file>
    <lines>68-70</lines>
    <estimate>30</estimate>
    <body>...</body>
    <role>IMP</role>
    <author>...</author>
    <email>...</email>
    <time>2014-09-22T08:34:39Z</time>
    <children/>
  </puzzle>
  <puzzle alive="false">
    <issue>unknown</issue>
    <id>86-e55ac8b8</id>
    <ticket>86</ticket>
    <file>...</file>
    <lines>77-83</lines>
    <estimate>30</estimate>
    <body>...</body>
    <role>IMP</role>
    <author>...</author>
    <email>...</email>
    <time>2012-11-11T07:43:19Z</time>
    <children/>
  </puzzle>
</puzzles>
