<?xml version="1.0"?>
<?xml-stylesheet href="/puzzles.xsl" type="text/xsl"?>
<puzzles xmlns:xsi="http://www.w3.org/2001/XMLSchema-instance" xsi:noNamespaceSchemaLocation="http://www.0pdd.com/puzzles.xsd" version="0.25.6" date="2017-11-06T16:06:36+00:00">
  <puzzle alive="true">
    <issue href="https://github.com/jcabi/jcabi-mysql-maven-plugin/issues/87">87</issue>
    <id>8-aea18ffe</id>
    <ticket>8</ticket>
    <file>...</file>
    <lines>186-189</lines>
    <estimate>30</estimate>
    <author>...</author>
    <email>...</email>
    <time>2016-12-14T11:29:25Z</time>
    <body>...</body>
    <role>IMP</role>
    <children/>
  </puzzle>
</puzzles>
