<?xml version="1.0"?>
<puzzles xmlns:xsi="http://www.w3.org/2001/XMLSchema-instance" xsi:noNamespaceSchemaLocation="http://www.0pdd.com/puzzles.xsd" date="2019-11-25T08:07:29+00:00" version="BUILD">
  <puzzle alive="true">
    <issue href="https://github.com/Ryan-Willpower/2019-blog/issues/4">4</issue>
    <ticket>1</ticket>
    <estimate>0</estimate>
    <role>DEV</role>
    <id>1-6ebfa84b</id>
    <lines>7-7</lines>
    <body>...</body>
    <file>...</file>
    <author>...</author>
    <email>...</email>
    <time>2019-11-04T19:59:46Z</time>
    <children>
      <puzzle alive="false">
        <issue href="https://github.com/Ryan-Willpower/2019-blog/issues/9" closed="2019-11-25T08:07:18+00:00">9</issue>
        <ticket>4</ticket>
        <estimate>0</estimate>
        <role>DEV</role>
        <id>4-b9546827</id>
        <lines>13-13</lines>
        <body>...</body>
        <file>...</file>
        <author>...</author>
        <email>...</email>
        <time>2019-11-17T15:47:55Z</time>
        <children/>
      </puzzle>
    </children>
  </puzzle>
  <puzzle alive="false">
    <issue href="https://github.com/Ryan-Willpower/2019-blog/issues/5" closed="2019-11-08T00:59:56+00:00">5</issue>
    <ticket>2</ticket>
    <estimate>0</estimate>
    <role>DEV</role>
    <id>2-a1fbfbd3</id>
    <lines>18-18</lines>
    <body>...</body>
    <file>...</file>
    <author>...</author>
    <email>...</email>
    <time>2019-11-07T16:12:47Z</time>
    <children>
      <puzzle alive="false">
        <issue href="https://github.com/Ryan-Willpower/2019-blog/issues/10" closed="2019-11-25T08:07:24+00:00">10</issue>
        <ticket>5</ticket>
        <estimate>0</estimate>
        <role>DEV</role>
        <id>5-608dab35</id>
        <lines>14-14</lines>
        <body>...</body>
        <file>...</file>
        <author>...</author>
        <email>...</email>
        <time>2019-11-17T15:47:55Z</time>
        <children/>
      </puzzle>
    </children>
  </puzzle>
  <puzzle alive="false">
    <issue href="https://github.com/Ryan-Willpower/2019-blog/issues/6" closed="2019-11-10T21:08:28+00:00">6</issue>
    <ticket>3</ticket>
    <estimate>0</estimate>
    <role>DEV</role>
    <id>3-06a136a5</id>
    <lines>5-5</lines>
    <body>...</body>
    <file>...</file>
    <author>...</author>
    <email>...</email>
    <time>2019-11-08T00:59:37Z</time>
    <children>
      <puzzle alive="false">
        <issue href="https://github.com/Ryan-Willpower/2019-blog/issues/11" closed="2019-11-25T08:07:29+00:00">11</issue>
        <ticket>6</ticket>
        <estimate>0</estimate>
        <role>DEV</role>
        <id>6-ff80ac51</id>
        <lines>40-40</lines>
        <body>...</body>
        <file>...</file>
        <author>...</author>
        <email>...</email>
        <time>2019-11-17T15:47:55Z</time>
        <children/>
      </puzzle>
    </children>
  </puzzle>
  <puzzle alive="false">
    <issue href="https://github.com/Ryan-Willpower/2019-blog/issues/7" closed="2019-11-12T07:34:42+00:00">7</issue>
    <ticket>2</ticket>
    <estimate>0</estimate>
    <role>DEV</role>
    <id>2-7f6c41d3</id>
    <lines>7-7</lines>
    <body>...</body>
    <file>...</file>
    <author>...</author>
    <email>...</email>
    <time>2019-11-11T10:41:14Z</time>
    <children/>
  </puzzle>
  <puzzle alive="false">
    <issue href="https://github.com/Ryan-Willpower/2019-blog/issues/8" closed="2019-11-12T07:36:29+00:00">8</issue>
    <ticket>3</ticket>
    <estimate>0</estimate>
    <role>DEV</role>
    <id>3-dbc7421e</id>
    <lines>28-28</lines>
    <body>...</body>
    <file>...</file>
    <author>...</author>
    <email>...</email>
    <time>2019-11-11T17:55:46Z</time>
    <children/>
  </puzzle>
</puzzles>
