<?xml version="1.0"?>
<puzzles xmlns:xsi="http://www.w3.org/2001/XMLSchema-instance" xsi:noNamespaceSchemaLocation="http://www.0pdd.com/puzzles.xsd" date="2019-06-07T02:41:58+00:00" version="0.30.18">
  <puzzle alive="false">
    <issue href="https://github.com/pinaf/quiz/issues/37" closed="2019-01-30T01:48:00+00:00">37</issue>
    <ticket>34</ticket>
    <estimate>30</estimate>
    <role>DEV</role>
    <id>34-85de2f5c</id>
    <lines>17-18</lines>
    <body>...</body>
    <file>...</file>
    <author>...</author>
    <email>...</email>
    <time>2019-01-25T18:58:05Z</time>
    <children/>
  </puzzle>
  <puzzle alive="false">
    <issue href="https://github.com/pinaf/quiz/issues/40" closed="2019-01-30T01:48:02+00:00">40</issue>
    <ticket>38</ticket>
    <estimate>30</estimate>
    <role>DEV</role>
    <id>38-9a3466ac</id>
    <lines>12-13</lines>
    <body>...</body>
    <file>...</file>
    <author>...</author>
    <email>...</email>
    <time>2019-01-29T21:08:18Z</time>
    <children>
      <puzzle alive="false">
        <issue href="https://github.com/pinaf/quiz/issues/43" closed="2019-02-16T16:18:21+00:00">43</issue>
        <ticket>40</ticket>
        <estimate>30</estimate>
        <role>DEV</role>
        <id>40-df303c36</id>
        <lines>13-15</lines>
        <body>...</body>
        <file>...</file>
        <author>...</author>
        <email>...</email>
        <time>2019-01-30T00:58:10Z</time>
        <children>
          <puzzle alive="false">
            <issue href="https://github.com/pinaf/quiz/issues/62" closed="2019-02-16T19:32:05+00:00">62</issue>
            <ticket>43</ticket>
            <estimate>30</estimate>
            <role>DEV</role>
            <id>43-029ad143</id>
            <lines>9-11</lines>
            <body>...</body>
            <file>...</file>
            <author>...</author>
            <email>...</email>
            <time>2019-02-16T15:18:32Z</time>
            <children>
              <puzzle alive="true">
                <issue href="https://github.com/pinaf/quiz/issues/64">64</issue>
                <ticket>62</ticket>
                <estimate>30</estimate>
                <role>DEV</role>
                <id>62-567fb6be</id>
                <lines>14-14</lines>
                <body>...</body>
                <file>...</file>
                <author>...</author>
                <email>...</email>
                <time>2019-02-16T19:09:20Z</time>
                <children/>
              </puzzle>
              <puzzle alive="true">
                <issue href="https://github.com/pinaf/quiz/issues/65">65</issue>
                <ticket>62</ticket>
                <estimate>30</estimate>
                <role>DEV</role>
                <id>62-4c6232b0</id>
                <lines>15-15</lines>
                <body>...</body>
                <file>...</file>
                <author>...</author>
                <email>...</email>
                <time>2019-02-16T19:09:20Z</time>
                <children/>
              </puzzle>
            </children>
          </puzzle>
        </children>
      </puzzle>
    </children>
  </puzzle>
  <puzzle alive="false">
    <issue href="https://github.com/pinaf/quiz/issues/47" closed="2019-01-31T19:51:47+00:00">47</issue>
    <ticket>45</ticket>
    <estimate>30</estimate>
    <role>DEV</role>
    <id>45-e072f718</id>
    <lines>14-16</lines>
    <body>...</body>
    <file>...</file>
    <author>...</author>
    <email>...</email>
    <time>2019-01-30T23:22:03Z</time>
    <children>
      <puzzle alive="false">
        <issue href="https://github.com/pinaf/quiz/issues/56" closed="2019-01-31T20:42:14+00:00">56</issue>
        <ticket>47</ticket>
        <estimate>30</estimate>
        <role>DEV</role>
        <id>47-8973756a</id>
        <lines>55-56</lines>
        <body>...</body>
        <file>...</file>
        <author>...</author>
        <email>...</email>
        <time>2019-01-31T19:01:53Z</time>
        <children/>
      </puzzle>
    </children>
  </puzzle>
  <puzzle alive="false">
    <issue href="https://github.com/pinaf/quiz/issues/50" closed="2019-01-31T18:56:24+00:00">50</issue>
    <ticket>44</ticket>
    <estimate>30</estimate>
    <role>DEV</role>
    <id>44-a6288e7f</id>
    <lines>48-49</lines>
    <body>...</body>
    <file>...</file>
    <author>...</author>
    <email>...</email>
    <time>2019-01-31T14:51:11Z</time>
    <children/>
  </puzzle>
  <puzzle alive="true">
    <issue href="https://github.com/pinaf/quiz/issues/51">51</issue>
    <ticket>44</ticket>
    <estimate>30</estimate>
    <role>DEV</role>
    <id>44-b68f7007</id>
    <lines>62-63</lines>
    <body>...</body>
    <file>...</file>
    <author>...</author>
    <email>...</email>
    <time>2019-01-31T14:51:11Z</time>
    <children/>
  </puzzle>
  <puzzle alive="false">
    <issue href="https://github.com/pinaf/quiz/issues/52" closed="2019-01-31T18:03:19+00:00">52</issue>
    <ticket>44</ticket>
    <estimate>15</estimate>
    <role>DEV</role>
    <id>44-8eaca8a4</id>
    <lines>99-100</lines>
    <body>...</body>
    <file>...</file>
    <author>...</author>
    <email>...</email>
    <time>2019-01-31T14:51:11Z</time>
    <children/>
  </puzzle>
  <puzzle alive="false">
    <issue href="https://github.com/pinaf/quiz/issues/72" closed="2019-04-29T17:50:24+00:00">72</issue>
    <ticket>70</ticket>
    <estimate>30</estimate>
    <role>DEV</role>
    <id>70-d1b31cde</id>
    <lines>38-39</lines>
    <body>...</body>
    <file>...</file>
    <author>...</author>
    <email>...</email>
    <time>2019-03-03T20:48:17Z</time>
    <children>
      <puzzle alive="false">
        <issue href="https://github.com/pinaf/quiz/issues/95" closed="2019-05-03T20:50:56+00:00">95</issue>
        <ticket>72</ticket>
        <estimate>30</estimate>
        <role>DEV</role>
        <id>72-3f6068d7</id>
        <lines>76-76</lines>
        <body>...</body>
        <file>...</file>
        <author>...</author>
        <email>...</email>
        <time>2019-04-29T17:45:28Z</time>
        <children/>
      </puzzle>
    </children>
  </puzzle>
  <puzzle alive="false">
    <issue href="https://github.com/pinaf/quiz/issues/88" closed="2019-04-28T18:12:12+00:00">88</issue>
    <ticket>86</ticket>
    <estimate>30</estimate>
    <role>DEV</role>
    <id>86-d5c2b3df</id>
    <lines>11-12</lines>
    <body>...</body>
    <file>...</file>
    <author>...</author>
    <email>...</email>
    <time>2019-04-28T17:27:19Z</time>
    <children>
      <puzzle alive="false">
        <issue href="https://github.com/pinaf/quiz/issues/91" closed="2019-05-18T18:42:47+00:00">91</issue>
        <ticket>88</ticket>
        <estimate>30</estimate>
        <role>DEV</role>
        <id>88-993cc3d6</id>
        <lines>11-12</lines>
        <body>...</body>
        <file>...</file>
        <author>...</author>
        <email>...</email>
        <time>2019-04-28T18:00:22Z</time>
        <children>
          <puzzle alive="false">
            <issue href="https://github.com/pinaf/quiz/issues/106" closed="2019-05-18T19:15:43+00:00">106</issue>
            <ticket>91</ticket>
            <estimate>30</estimate>
            <role>DEV</role>
            <id>91-993cc3d6</id>
            <lines>11-12</lines>
            <body>...</body>
            <file>...</file>
            <author>...</author>
            <email>...</email>
            <time>2019-05-18T00:38:09Z</time>
            <children>
              <puzzle alive="false">
                <issue href="https://github.com/pinaf/quiz/issues/108" closed="2019-05-18T20:42:17+00:00">108</issue>
                <ticket>106</ticket>
                <estimate>30</estimate>
                <role>DEV</role>
                <id>106-993cc3d6</id>
                <lines>11-12</lines>
                <body>...</body>
                <file>...</file>
                <author>...</author>
                <email>...</email>
                <time>2019-05-18T19:00:25Z</time>
                <children>
                  <puzzle alive="false">
                    <issue href="https://github.com/pinaf/quiz/issues/110" closed="2019-05-21T04:10:42+00:00">110</issue>
                    <ticket>108</ticket>
                    <estimate>30</estimate>
                    <role>DEV</role>
                    <id>108-993cc3d6</id>
                    <lines>11-12</lines>
                    <body>...</body>
                    <file>...</file>
                    <author>...</author>
                    <email>...</email>
                    <time>2019-05-18T20:28:00Z</time>
                    <children>
                      <puzzle alive="false">
                        <issue href="https://github.com/pinaf/quiz/issues/112" closed="2019-06-07T01:19:59+00:00">112</issue>
                        <ticket>110</ticket>
                        <estimate>30</estimate>
                        <role>DEV</role>
                        <id>110-7de04e4e</id>
                        <lines>11-12</lines>
                        <body>...</body>
                        <file>...</file>
                        <author>...</author>
                        <email>...</email>
                        <time>2019-05-21T04:07:33Z</time>
                        <children>
                          <puzzle alive="false">
                            <issue href="https://github.com/pinaf/quiz/issues/114" closed="2019-06-07T02:41:58+00:00">114</issue>
                            <ticket>112</ticket>
                            <estimate>30</estimate>
                            <role>DEV</role>
                            <id>112-d020267a</id>
                            <lines>11-12</lines>
                            <body>...</body>
                            <file>...</file>
                            <author>...</author>
                            <email>...</email>
                            <time>2019-05-23T03:30:20Z</time>
                            <children/>
                          </puzzle>
                        </children>
                      </puzzle>
                    </children>
                  </puzzle>
                </children>
              </puzzle>
            </children>
          </puzzle>
        </children>
      </puzzle>
    </children>
  </puzzle>
  <puzzle alive="false">
    <issue href="https://github.com/pinaf/quiz/issues/89" closed="2019-04-28T19:11:16+00:00">89</issue>
    <ticket>86</ticket>
    <estimate>30</estimate>
    <role>DEV</role>
    <id>86-a3425ed9</id>
    <lines>13-15</lines>
    <body>...</body>
    <file>...</file>
    <author>...</author>
    <email>...</email>
    <time>2019-04-28T17:27:19Z</time>
    <children>
      <puzzle alive="false">
        <issue href="https://github.com/pinaf/quiz/issues/93" closed="2019-05-17T21:13:31+00:00">93</issue>
        <ticket>89</ticket>
        <estimate>30</estimate>
        <role>DEV</role>
        <id>89-797f3146</id>
        <lines>13-15</lines>
        <body>...</body>
        <file>...</file>
        <author>...</author>
        <email>...</email>
        <time>2019-04-28T19:04:39Z</time>
        <children/>
      </puzzle>
    </children>
  </puzzle>
  <puzzle alive="false">
    <issue href="https://github.com/pinaf/quiz/issues/99" closed="2019-05-05T21:12:00+00:00">99</issue>
    <ticket>97</ticket>
    <estimate>30</estimate>
    <role>DEV</role>
    <id>97-676ddbd8</id>
    <lines>14-17</lines>
    <body>...</body>
    <file>...</file>
    <author>...</author>
    <email>...</email>
    <time>2019-05-05T19:57:35Z</time>
    <children>
      <puzzle alive="false">
        <issue href="https://github.com/pinaf/quiz/issues/102" closed="2019-05-05T22:14:56+00:00">102</issue>
        <ticket>99</ticket>
        <estimate>30</estimate>
        <role>DEV</role>
        <id>99-38e12805</id>
        <lines>17-18</lines>
        <body>...</body>
        <file>...</file>
        <author>...</author>
        <email>...</email>
        <time>2019-05-05T20:46:07Z</time>
        <children/>
      </puzzle>
    </children>
  </puzzle>
</puzzles>
