<?xml version="1.0"?>
<puzzles date="2017-05-13T06:46:33Z" version="0.18.4">
  <puzzle alive="true">
    <issue href="https://github.com/g4s8/Android-Migrator/issues/9">9</issue>
    <ticket>1</ticket>
    <estimate>0</estimate>
    <role>IMP</role>
    <id>1-67371456</id>
    <lines>3-5</lines>
    <body>...</body>
    <file>...</file>
    <author>...</author>
    <email>...</email>
    <time>2017-05-12T16:18:29Z</time>
    <children/>
  </puzzle>
  <puzzle alive="true">
    <issue href="https://github.com/g4s8/Android-Migrator/issues/10">10</issue>
    <ticket>1</ticket>
    <estimate>0</estimate>
    <role>IMP</role>
    <id>1-a4bff72a</id>
    <lines>54-55</lines>
    <body>...</body>
    <file>...</file>
    <author>...</author>
    <email>...</email>
    <time>2017-05-12T16:18:29Z</time>
    <children/>
  </puzzle>
  <puzzle alive="true">
    <issue href="https://github.com/g4s8/Android-Migrator/issues/11">11</issue>
    <ticket>1</ticket>
    <estimate>0</estimate>
    <role>IMP</role>
    <id>1-4cbd89a7</id>
    <lines>71-73</lines>
    <body>...</body>
    <file>...</file>
    <author>...</author>
    <email>...</email>
    <time>2017-05-12T16:18:29Z</time>
    <children/>
  </puzzle>
</puzzles>
