<?xml version="1.0"?>
<puzzles xmlns:xsi="http://www.w3.org/2001/XMLSchema-instance" xsi:noNamespaceSchemaLocation="http://www.0pdd.com/puzzles.xsd" date="2018-03-16T17:39:21+00:00" version="0.29.5">
  <puzzle alive="true">
    <ticket>1</ticket>
    <estimate>30</estimate>
    <role>DEV</role>
    <id>1-f245fbef</id>
    <lines>37-38</lines>
    <body>...</body>
    <file>...</file>
    <author>...</author>
    <email>...</email>
    <time>2018-03-16T17:29:41Z</time>
    <children/>
    <issue href="https://github.com/g4s8/cactoos-crypto/issues/9">9</issue>
  </puzzle>
  <puzzle alive="true">
    <ticket>1</ticket>
    <estimate>30</estimate>
    <role>DEV</role>
    <id>1-943d6836</id>
    <lines>38-39</lines>
    <body>...</body>
    <file>...</file>
    <author>...</author>
    <email>...</email>
    <time>2018-03-16T17:29:41Z</time>
    <children/>
    <issue href="https://github.com/g4s8/cactoos-crypto/issues/10">10</issue>
  </puzzle>
  <puzzle alive="true">
    <ticket>1</ticket>
    <estimate>30</estimate>
    <role>DEV</role>
    <id>1-84bb8299</id>
    <lines>37-38</lines>
    <body>...</body>
    <file>...</file>
    <author>...</author>
    <email>...</email>
    <time>2018-03-16T17:29:41Z</time>
    <children/>
    <issue href="https://github.com/g4s8/cactoos-crypto/issues/11">11</issue>
  </puzzle>
  <puzzle alive="true">
    <ticket>1</ticket>
    <estimate>30</estimate>
    <role>DEV</role>
    <id>1-9c1906bd</id>
    <lines>39-40</lines>
    <body>...</body>
    <file>...</file>
    <author>...</author>
    <email>...</email>
    <time>2018-03-16T17:29:41Z</time>
    <children/>
    <issue href="https://github.com/g4s8/cactoos-crypto/issues/12">12</issue>
  </puzzle>
  <puzzle alive="true">
    <ticket>1</ticket>
    <estimate>30</estimate>
    <role>DEV</role>
    <id>1-ccb404de</id>
    <lines>38-39</lines>
    <body>...</body>
    <file>...</file>
    <author>...</author>
    <email>...</email>
    <time>2018-03-16T17:29:41Z</time>
    <children/>
    <issue href="https://github.com/g4s8/cactoos-crypto/issues/13">13</issue>
  </puzzle>
</puzzles>
