<?xml version="1.0"?>
<puzzles xmlns:xsi="http://www.w3.org/2001/XMLSchema-instance" xsi:noNamespaceSchemaLocation="http://www.0pdd.com/puzzles.xsd" date="2018-06-24T13:04:12+00:00" version="0.30.3">
  <puzzle alive="true">
    <issue href="https://github.com/g4s8/cactoos-cache/issues/2">2</issue>
    <ticket>1</ticket>
    <estimate>30</estimate>
    <role>DEV</role>
    <id>1-fcbd709a</id>
    <lines>29-31</lines>
    <body>...</body>
    <file>...</file>
    <author>...</author>
    <email>...</email>
    <time>2018-06-23T18:22:46Z</time>
    <children/>
  </puzzle>
  <puzzle alive="true">
    <issue href="https://github.com/g4s8/cactoos-cache/issues/3">3</issue>
    <ticket>1</ticket>
    <estimate>30</estimate>
    <role>DEV</role>
    <id>1-71cc53f5</id>
    <lines>43-44</lines>
    <body>...</body>
    <file>...</file>
    <author>...</author>
    <email>...</email>
    <time>2018-06-23T18:22:46Z</time>
    <children/>
  </puzzle>
  <puzzle alive="false">
    <issue href="https://github.com/g4s8/cactoos-cache/issues/4" closed="2018-06-24T13:04:12+00:00">4</issue>
    <ticket>1</ticket>
    <estimate>30</estimate>
    <role>DEV</role>
    <id>1-b3edf6c3</id>
    <lines>37-38</lines>
    <body>...</body>
    <file>...</file>
    <author>...</author>
    <email>...</email>
    <time>2018-06-23T18:40:22Z</time>
    <children/>
  </puzzle>
  <puzzle alive="true">
    <issue href="https://github.com/g4s8/cactoos-cache/issues/7">7</issue>
    <ticket>5</ticket>
    <estimate>30</estimate>
    <role>DEV</role>
    <id>5-eb53c4f8</id>
    <lines>52-54</lines>
    <body>...</body>
    <file>...</file>
    <author>...</author>
    <email>...</email>
    <time>2018-06-24T12:43:14Z</time>
    <children/>
  </puzzle>
</puzzles>
