<?xml version="1.0"?>
<puzzles xmlns:xsi="http://www.w3.org/2001/XMLSchema-instance" xsi:noNamespaceSchemaLocation="http://www.0pdd.com/puzzles.xsd" date="2019-01-27T08:00:33+00:00" version="0.30.15">
  <puzzle alive="true">
    <issue href="https://github.com/g4s8/hexcolor/issues/2">2</issue>
    <ticket>1</ticket>
    <estimate>30</estimate>
    <role>DEV</role>
    <id>1-96ed920b</id>
    <lines>9-10</lines>
    <body>...</body>
    <file>...</file>
    <author>...</author>
    <email>...</email>
    <time>2019-01-15T15:14:53Z</time>
    <children/>
  </puzzle>
  <puzzle alive="true">
    <ticket>5</ticket>
    <estimate>15</estimate>
    <role>DEV</role>
    <id>5-4d2d2f51</id>
    <lines>9-10</lines>
    <body>...</body>
    <file>...</file>
    <author>...</author>
    <email>...</email>
    <time>2019-01-27T08:00:27Z</time>
    <children/>
    <issue href="https://github.com/g4s8/hexcolor/issues/6">6</issue>
  </puzzle>
</puzzles>
