<?xml version="1.0"?>
<puzzles xmlns:xsi="http://www.w3.org/2001/XMLSchema-instance" xsi:noNamespaceSchemaLocation="http://www.0pdd.com/puzzles.xsd" date="2018-11-19T13:21:16+00:00" version="0.30.11">
  <puzzle alive="false">
    <issue href="https://github.com/g4s8/matchers-json/issues/2" closed="2018-11-19T12:58:13+00:00">2</issue>
    <ticket>1</ticket>
    <estimate>30</estimate>
    <role>DEV</role>
    <id>1-42ecf64e</id>
    <lines>12-14</lines>
    <body>...</body>
    <file>...</file>
    <author>...</author>
    <email>...</email>
    <time>2018-08-09T17:37:03Z</time>
    <children>
      <puzzle alive="true">
        <issue href="https://github.com/g4s8/matchers-json/issues/7">7</issue>
        <ticket>2</ticket>
        <estimate>30</estimate>
        <role>DEV</role>
        <id>2-8fc8f104</id>
        <lines>41-44</lines>
        <body>...</body>
        <file>...</file>
        <author>...</author>
        <email>...</email>
        <time>2018-11-19T12:52:03Z</time>
        <children/>
      </puzzle>
    </children>
  </puzzle>
</puzzles>
