<?xml version="1.0"?>
<puzzles xmlns:xsi="http://www.w3.org/2001/XMLSchema-instance" xsi:noNamespaceSchemaLocation="http://www.0pdd.com/puzzles.xsd" date="2018-10-24T10:04:26+00:00" version="0.30.8">
  <puzzle alive="true">
    <issue href="https://github.com/g4s8/teletakes/issues/2">2</issue>
    <ticket>1</ticket>
    <estimate>30</estimate>
    <role>DEV</role>
    <id>1-e968af98</id>
    <lines>53-54</lines>
    <body>...</body>
    <file>...</file>
    <author>...</author>
    <email>...</email>
    <time>2018-10-24T09:53:41Z</time>
    <children/>
  </puzzle>
  <puzzle alive="true">
    <issue href="https://github.com/g4s8/teletakes/issues/3">3</issue>
    <ticket>1</ticket>
    <estimate>30</estimate>
    <role>DEV</role>
    <id>1-c7e1b588</id>
    <lines>38-40</lines>
    <body>...</body>
    <file>...</file>
    <author>...</author>
    <email>...</email>
    <time>2018-10-24T09:53:41Z</time>
    <children/>
  </puzzle>
  <puzzle alive="true">
    <issue href="https://github.com/g4s8/teletakes/issues/4">4</issue>
    <ticket>1</ticket>
    <estimate>30</estimate>
    <role>DEV</role>
    <id>1-cda0392e</id>
    <lines>29-30</lines>
    <body>...</body>
    <file>...</file>
    <author>...</author>
    <email>...</email>
    <time>2018-10-24T09:53:41Z</time>
    <children/>
  </puzzle>
</puzzles>
