<?xml version="1.0"?>
<puzzles xmlns:xsi="http://www.w3.org/2001/XMLSchema-instance" xsi:noNamespaceSchemaLocation="http://www.0pdd.com/puzzles.xsd" date="2021-08-23T13:19:40+00:00" version="0.30.23">
  <puzzle alive="false">
    <issue href="https://github.com/nergal-perm/java-interstate/issues/2" closed="2021-08-21T03:54:37+00:00">2</issue>
    <ticket>1</ticket>
    <estimate>0</estimate>
    <role>DEV</role>
    <id>1-318accb2</id>
    <lines>26-26</lines>
    <body>...</body>
    <file>...</file>
    <author>...</author>
    <email>...</email>
    <time>2021-08-18T04:59:28Z</time>
    <children/>
  </puzzle>
  <puzzle alive="false">
    <issue href="https://github.com/nergal-perm/java-interstate/issues/3" closed="2021-08-21T03:54:41+00:00">3</issue>
    <ticket>1</ticket>
    <estimate>0</estimate>
    <role>DEV</role>
    <id>1-16cb213f</id>
    <lines>25-25</lines>
    <body>...</body>
    <file>...</file>
    <author>...</author>
    <email>...</email>
    <time>2021-08-18T04:59:28Z</time>
    <children/>
  </puzzle>
  <puzzle alive="false">
    <issue href="https://github.com/nergal-perm/java-interstate/issues/5" closed="2021-08-23T13:19:40+00:00">5</issue>
    <ticket>4</ticket>
    <estimate>0</estimate>
    <role>DEV</role>
    <id>4-c5334974</id>
    <lines>28-28</lines>
    <body>...</body>
    <file>...</file>
    <author>...</author>
    <email>...</email>
    <time>2021-08-21T04:30:42Z</time>
    <children/>
  </puzzle>
</puzzles>
