<?xml version="1.0"?>
<puzzles xmlns:xsi="http://www.w3.org/2001/XMLSchema-instance" xsi:noNamespaceSchemaLocation="http://www.0pdd.com/puzzles.xsd" date="2021-07-25T05:14:37+00:00" version="0.30.23">
  <puzzle alive="true">
    <issue href="https://github.com/nergal-perm/tg-core/issues/9">9</issue>
    <ticket>3</ticket>
    <estimate>0</estimate>
    <role>DEV</role>
    <id>3-1c04c0a9</id>
    <lines>2-2</lines>
    <body>...</body>
    <file>...</file>
    <author>...</author>
    <email>...</email>
    <time>2020-12-13T08:03:43Z</time>
    <children/>
  </puzzle>
  <puzzle alive="true">
    <issue href="https://github.com/nergal-perm/tg-core/issues/10">10</issue>
    <ticket>3</ticket>
    <estimate>0</estimate>
    <role>DEV</role>
    <id>3-e9125907</id>
    <lines>2-2</lines>
    <body>...</body>
    <file>...</file>
    <author>...</author>
    <email>...</email>
    <time>2020-12-13T08:03:43Z</time>
    <children/>
  </puzzle>
  <puzzle alive="true">
    <issue href="https://github.com/nergal-perm/tg-core/issues/11">11</issue>
    <ticket>3</ticket>
    <estimate>0</estimate>
    <role>DEV</role>
    <id>3-6115071c</id>
    <lines>2-2</lines>
    <body>...</body>
    <file>...</file>
    <author>...</author>
    <email>...</email>
    <time>2020-12-13T08:03:43Z</time>
    <children>
      <puzzle alive="false">
        <issue href="https://github.com/nergal-perm/tg-core/issues/16" closed="2021-06-05T03:23:54+00:00">16</issue>
        <ticket>11</ticket>
        <estimate>0</estimate>
        <role>DEV</role>
        <id>11-13d97949</id>
        <lines>4-4</lines>
        <body>...</body>
        <file>...</file>
        <author>...</author>
        <email>...</email>
        <time>2020-12-14T02:25:49Z</time>
        <children/>
      </puzzle>
    </children>
  </puzzle>
  <puzzle alive="true">
    <issue href="https://github.com/nergal-perm/tg-core/issues/12">12</issue>
    <ticket>3</ticket>
    <estimate>0</estimate>
    <role>DEV</role>
    <id>3-f1d58d97</id>
    <lines>2-2</lines>
    <body>...</body>
    <file>...</file>
    <author>...</author>
    <email>...</email>
    <time>2020-12-13T08:03:43Z</time>
    <children/>
  </puzzle>
  <puzzle alive="true">
    <issue href="https://github.com/nergal-perm/tg-core/issues/13">13</issue>
    <ticket>3</ticket>
    <estimate>0</estimate>
    <role>DEV</role>
    <id>3-b2bd08e1</id>
    <lines>3-3</lines>
    <body>...</body>
    <file>...</file>
    <author>...</author>
    <email>...</email>
    <time>2020-12-13T08:03:43Z</time>
    <children/>
  </puzzle>
  <puzzle alive="false">
    <issue href="https://github.com/nergal-perm/tg-core/issues/17" closed="2021-04-27T16:15:23+00:00">17</issue>
    <ticket>15</ticket>
    <estimate>0</estimate>
    <role>DEV</role>
    <id>15-7388c69a</id>
    <lines>2-2</lines>
    <body>...</body>
    <file>...</file>
    <author>...</author>
    <email>...</email>
    <time>2020-12-14T07:38:31Z</time>
    <children>
      <puzzle alive="true">
        <issue href="https://github.com/nergal-perm/tg-core/issues/19">19</issue>
        <ticket>17</ticket>
        <estimate>0</estimate>
        <role>DEV</role>
        <id>17-4402a099</id>
        <lines>8-8</lines>
        <body>...</body>
        <file>...</file>
        <author>...</author>
        <email>...</email>
        <time>2020-12-14T08:13:03Z</time>
        <children/>
      </puzzle>
      <puzzle alive="false">
        <issue href="https://github.com/nergal-perm/tg-core/issues/20" closed="2020-12-19T15:13:45+00:00">20</issue>
        <ticket>17</ticket>
        <estimate>0</estimate>
        <role>DEV</role>
        <id>17-ab4cdcf5</id>
        <lines>10-10</lines>
        <body>...</body>
        <file>...</file>
        <author>...</author>
        <email>...</email>
        <time>2020-12-19T15:11:12Z</time>
        <children/>
      </puzzle>
      <puzzle alive="false">
        <issue href="https://github.com/nergal-perm/tg-core/issues/21" closed="2021-04-25T05:18:29+00:00">21</issue>
        <ticket>17</ticket>
        <estimate>0</estimate>
        <role>DEV</role>
        <id>17-bd3a12db</id>
        <lines>10-10</lines>
        <body>...</body>
        <file>...</file>
        <author>...</author>
        <email>...</email>
        <time>2020-12-19T15:13:27Z</time>
        <children/>
      </puzzle>
      <puzzle alive="false">
        <issue href="https://github.com/nergal-perm/tg-core/issues/40" closed="2021-04-27T16:15:27+00:00">40</issue>
        <ticket>17</ticket>
        <estimate>0</estimate>
        <role>DEV</role>
        <id>17-c97cb33c</id>
        <lines>10-10</lines>
        <body>...</body>
        <file>...</file>
        <author>...</author>
        <email>...</email>
        <time>2021-04-24T02:07:18Z</time>
        <children/>
      </puzzle>
    </children>
  </puzzle>
  <puzzle alive="false">
    <issue href="https://github.com/nergal-perm/tg-core/issues/18" closed="2021-04-27T16:15:30+00:00">18</issue>
    <ticket>15</ticket>
    <estimate>0</estimate>
    <role>DEV</role>
    <id>15-ca210be1</id>
    <lines>4-4</lines>
    <body>...</body>
    <file>...</file>
    <author>...</author>
    <email>...</email>
    <time>2020-12-14T07:38:31Z</time>
    <children/>
  </puzzle>
  <puzzle alive="true">
    <issue href="https://github.com/nergal-perm/tg-core/issues/41">41</issue>
    <ticket>15</ticket>
    <estimate>0</estimate>
    <role>DEV</role>
    <id>15-cd9e6880</id>
    <lines>4-4</lines>
    <body>...</body>
    <file>...</file>
    <author>...</author>
    <email>...</email>
    <time>2021-04-27T16:11:24Z</time>
    <children/>
  </puzzle>
  <puzzle alive="false">
    <issue href="https://github.com/nergal-perm/tg-core/issues/45" closed="2021-05-10T06:15:21+00:00">45</issue>
    <ticket>15</ticket>
    <estimate>0</estimate>
    <role>DEV</role>
    <id>15-5125f0cc</id>
    <lines>2-2</lines>
    <body>...</body>
    <file>...</file>
    <author>...</author>
    <email>...</email>
    <time>2021-05-07T07:20:30Z</time>
    <children/>
  </puzzle>
  <puzzle alive="false">
    <issue href="https://github.com/nergal-perm/tg-core/issues/46" closed="2021-05-10T06:15:24+00:00">46</issue>
    <ticket>15</ticket>
    <estimate>0</estimate>
    <role>DEV</role>
    <id>15-3ebaf88e</id>
    <lines>4-4</lines>
    <body>...</body>
    <file>...</file>
    <author>...</author>
    <email>...</email>
    <time>2021-05-07T07:20:30Z</time>
    <children/>
  </puzzle>
  <puzzle alive="false">
    <issue href="https://github.com/nergal-perm/tg-core/issues/47" closed="2021-05-10T06:15:27+00:00">47</issue>
    <ticket>15</ticket>
    <estimate>0</estimate>
    <role>DEV</role>
    <id>15-02b73f18</id>
    <lines>6-6</lines>
    <body>...</body>
    <file>...</file>
    <author>...</author>
    <email>...</email>
    <time>2021-05-07T07:20:30Z</time>
    <children/>
  </puzzle>
  <puzzle alive="false">
    <issue href="https://github.com/nergal-perm/tg-core/issues/48" closed="2021-05-10T06:15:30+00:00">48</issue>
    <ticket>15</ticket>
    <estimate>0</estimate>
    <role>DEV</role>
    <id>15-14e5844c</id>
    <lines>8-8</lines>
    <body>...</body>
    <file>...</file>
    <author>...</author>
    <email>...</email>
    <time>2021-05-07T07:20:30Z</time>
    <children/>
  </puzzle>
  <puzzle alive="true">
    <issue href="https://github.com/nergal-perm/tg-core/issues/53">53</issue>
    <ticket>50</ticket>
    <estimate>0</estimate>
    <role>DEV</role>
    <id>50-14cecba4</id>
    <lines>2-2</lines>
    <body>...</body>
    <file>...</file>
    <author>...</author>
    <email>...</email>
    <time>2021-05-21T03:26:26Z</time>
    <children/>
  </puzzle>
  <puzzle alive="true">
    <issue href="https://github.com/nergal-perm/tg-core/issues/54">54</issue>
    <ticket>50</ticket>
    <estimate>0</estimate>
    <role>DEV</role>
    <id>50-cc43ec83</id>
    <lines>6-6</lines>
    <body>...</body>
    <file>...</file>
    <author>...</author>
    <email>...</email>
    <time>2021-05-21T03:26:26Z</time>
    <children/>
  </puzzle>
  <puzzle alive="true">
    <issue href="https://github.com/nergal-perm/tg-core/issues/55">55</issue>
    <ticket>50</ticket>
    <estimate>0</estimate>
    <role>DEV</role>
    <id>50-c44b9e16</id>
    <lines>10-10</lines>
    <body>...</body>
    <file>...</file>
    <author>...</author>
    <email>...</email>
    <time>2021-05-21T03:26:26Z</time>
    <children/>
  </puzzle>
  <puzzle alive="false">
    <issue href="https://github.com/nergal-perm/tg-core/issues/57" closed="2021-07-25T05:14:30+00:00">57</issue>
    <ticket>56</ticket>
    <estimate>0</estimate>
    <role>DEV</role>
    <id>56-2a780c60</id>
    <lines>4-4</lines>
    <body>...</body>
    <file>...</file>
    <author>...</author>
    <email>...</email>
    <time>2021-07-19T06:18:06Z</time>
    <children/>
  </puzzle>
  <puzzle alive="false">
    <issue href="https://github.com/nergal-perm/tg-core/issues/58" closed="2021-07-25T05:14:34+00:00">58</issue>
    <ticket>56</ticket>
    <estimate>0</estimate>
    <role>DEV</role>
    <id>56-0afa2fbb</id>
    <lines>6-6</lines>
    <body>...</body>
    <file>...</file>
    <author>...</author>
    <email>...</email>
    <time>2021-07-19T06:18:06Z</time>
    <children/>
  </puzzle>
  <puzzle alive="false">
    <issue href="https://github.com/nergal-perm/tg-core/issues/59" closed="2021-07-25T05:14:37+00:00">59</issue>
    <ticket>56</ticket>
    <estimate>0</estimate>
    <role>DEV</role>
    <id>56-fdac59b6</id>
    <lines>8-8</lines>
    <body>...</body>
    <file>...</file>
    <author>...</author>
    <email>...</email>
    <time>2021-07-19T06:18:06Z</time>
    <children/>
  </puzzle>
</puzzles>
