<?xml version="1.0"?>
<puzzles xmlns:xsi="http://www.w3.org/2001/XMLSchema-instance" xsi:noNamespaceSchemaLocation="http://www.0pdd.com/puzzles.xsd" date="2020-12-12T05:22:11+00:00" version="0.30.22">
  <puzzle alive="true">
    <ticket>3</ticket>
    <estimate>0</estimate>
    <role>DEV</role>
    <id>3-b2bd08e1</id>
    <lines>3-3</lines>
    <body>...</body>
    <file>...</file>
    <author>...</author>
    <email>...</email>
    <time>2020-12-12T05:18:58Z</time>
    <children/>
    <issue href="https://github.com/nergal-perm/tg-engine/issues/6">6</issue>
  </puzzle>
</puzzles>
