<?xml version="1.0"?>
<puzzles xmlns:xsi="http://www.w3.org/2001/XMLSchema-instance" xsi:noNamespaceSchemaLocation="http://www.0pdd.com/puzzles.xsd" date="2018-08-24T17:02:28+00:00" version="0.30.3">
  <puzzle alive="true">
    <ticket>2</ticket>
    <estimate>20</estimate>
    <role>DEV</role>
    <id>2-ae65a109</id>
    <lines>1-1</lines>
    <body>...</body>
    <file>...</file>
    <author>...</author>
    <email>...</email>
    <time>2018-08-24T17:01:48Z</time>
    <children/>
    <issue href="https://github.com/dtmkeng/sa_g16_mytodo/issues/2">2</issue>
  </puzzle>
  <puzzle alive="true">
    <ticket>3</ticket>
    <estimate>20</estimate>
    <role>DEV</role>
    <id>3-536ea175</id>
    <lines>2-2</lines>
    <body>...</body>
    <file>...</file>
    <author>...</author>
    <email>...</email>
    <time>2018-08-24T17:01:48Z</time>
    <children/>
    <issue href="https://github.com/dtmkeng/sa_g16_mytodo/issues/3">3</issue>
  </puzzle>
  <puzzle alive="true">
    <ticket>4</ticket>
    <estimate>120</estimate>
    <role>DEV</role>
    <id>4-ac821096</id>
    <lines>3-3</lines>
    <body>...</body>
    <file>...</file>
    <author>...</author>
    <email>...</email>
    <time>2018-08-24T17:01:48Z</time>
    <children/>
    <issue href="https://github.com/dtmkeng/sa_g16_mytodo/issues/4">4</issue>
  </puzzle>
</puzzles>
