<?xml version="1.0"?>
<puzzles xmlns:xsi="http://www.w3.org/2001/XMLSchema-instance" xsi:noNamespaceSchemaLocation="http://www.0pdd.com/puzzles.xsd" date="2018-08-24T17:46:11+00:00" version="0.30.3">
  <puzzle alive="true">
    <issue href="https://github.com/dtmkeng/todo-list-with-pdd/issues/2">2</issue>
    <ticket>1</ticket>
    <estimate>30</estimate>
    <role>DEV</role>
    <id>1-bba3275e</id>
    <lines>1-1</lines>
    <body>...</body>
    <file>...</file>
    <author>...</author>
    <email>...</email>
    <time>2018-08-24T17:30:21Z</time>
    <children>
      <puzzle alive="true">
        <issue href="https://github.com/dtmkeng/todo-list-with-pdd/issues/3">3</issue>
        <ticket>2</ticket>
        <estimate>30</estimate>
        <role>DEV</role>
        <id>2-f67fbfb4</id>
        <lines>2-2</lines>
        <body>...</body>
        <file>...</file>
        <author>...</author>
        <email>...</email>
        <time>2018-08-24T17:30:21Z</time>
        <children>
          <puzzle alive="true">
            <issue href="https://github.com/dtmkeng/todo-list-with-pdd/issues/4">4</issue>
            <ticket>3</ticket>
            <estimate>120</estimate>
            <role>DEV</role>
            <id>3-d0320bbe</id>
            <lines>3-3</lines>
            <body>...</body>
            <file>...</file>
            <author>...</author>
            <email>...</email>
            <time>2018-08-24T17:30:21Z</time>
            <children/>
          </puzzle>
        </children>
      </puzzle>
    </children>
  </puzzle>
</puzzles>
