<?xml version="1.0"?>
<puzzles xmlns:xsi="http://www.w3.org/2001/XMLSchema-instance" xsi:noNamespaceSchemaLocation="http://www.0pdd.com/puzzles.xsd" date="2019-10-23T01:56:04+00:00" version="0.30.19">
  <puzzle alive="true">
    <issue href="https://github.com/sttc/stateful/issues/28">28</issue>
    <ticket>1</ticket>
    <estimate>30</estimate>
    <role>DEV</role>
    <id>1-748764b2</id>
    <lines>55-57</lines>
    <body>...</body>
    <file>...</file>
    <author>...</author>
    <email>...</email>
    <time>2019-10-19T10:22:24Z</time>
    <children/>
  </puzzle>
</puzzles>
