<?xml version="1.0"?>
<puzzles xmlns:xsi="http://www.w3.org/2001/XMLSchema-instance" xsi:noNamespaceSchemaLocation="http://www.0pdd.com/puzzles.xsd" date="2019-04-04T08:19:14+00:00" version="0.30.16">
  <puzzle alive="false">
    <issue href="https://github.com/ammaratef45/Attendance-API/issues/5" closed="2019-03-25T10:24:33+00:00">5</issue>
    <ticket>4</ticket>
    <estimate>0</estimate>
    <role>DEV</role>
    <id>4-73bd003c</id>
    <lines>23-23</lines>
    <body>...</body>
    <file>...</file>
    <author>...</author>
    <email>...</email>
    <time>2019-03-25T09:32:34Z</time>
    <children/>
  </puzzle>
  <puzzle alive="false">
    <issue href="https://github.com/ammaratef45/Attendance-API/issues/10" closed="2019-04-02T08:33:08+00:00">10</issue>
    <ticket>3</ticket>
    <estimate>0</estimate>
    <role>DEV</role>
    <id>3-36228132</id>
    <lines>8-8</lines>
    <body>...</body>
    <file>...</file>
    <author>...</author>
    <email>...</email>
    <time>2019-03-31T07:10:45Z</time>
    <children/>
  </puzzle>
  <puzzle alive="false">
    <issue href="https://github.com/ammaratef45/Attendance-API/issues/12" closed="2019-04-04T08:19:12+00:00">12</issue>
    <ticket>11</ticket>
    <estimate>0</estimate>
    <role>DEV</role>
    <id>11-0b96668c</id>
    <lines>4-4</lines>
    <body>...</body>
    <file>...</file>
    <author>...</author>
    <email>...</email>
    <time>2019-04-03T12:24:10Z</time>
    <children/>
  </puzzle>
  <puzzle alive="false">
    <issue href="https://github.com/ammaratef45/Attendance-API/issues/13" closed="2019-04-04T08:19:14+00:00">13</issue>
    <ticket>11</ticket>
    <estimate>0</estimate>
    <role>DEV</role>
    <id>11-78131179</id>
    <lines>13-13</lines>
    <body>...</body>
    <file>...</file>
    <author>...</author>
    <email>...</email>
    <time>2019-04-03T12:24:10Z</time>
    <children/>
  </puzzle>
</puzzles>
