<?xml version="1.0"?>
<puzzles xmlns:xsi="http://www.w3.org/2001/XMLSchema-instance" xsi:noNamespaceSchemaLocation="http://www.0pdd.com/puzzles.xsd" date="2019-05-27T11:05:52+00:00" version="0.30.17">
  <puzzle alive="false">
    <issue href="https://github.com/ammaratef45/FIX-CLI/issues/3" closed="2019-04-30T07:13:58+00:00">3</issue>
    <ticket>1</ticket>
    <estimate>0</estimate>
    <role>DEV</role>
    <id>1-1b83adb6</id>
    <lines>22-22</lines>
    <body>...</body>
    <file>...</file>
    <author>...</author>
    <email>...</email>
    <time>2019-04-24T12:54:59Z</time>
    <children/>
  </puzzle>
  <puzzle alive="false">
    <issue href="https://github.com/ammaratef45/FIX-CLI/issues/4" closed="2019-05-08T07:22:44+00:00">4</issue>
    <ticket>1</ticket>
    <estimate>0</estimate>
    <role>DEV</role>
    <id>1-a2578a3c</id>
    <lines>12-14</lines>
    <body>...</body>
    <file>...</file>
    <author>...</author>
    <email>...</email>
    <time>2019-04-24T12:54:59Z</time>
    <children>
      <puzzle alive="false">
        <issue href="https://github.com/ammaratef45/FIX-CLI/issues/15" closed="2019-05-20T05:54:21+00:00">15</issue>
        <ticket>4</ticket>
        <estimate>0</estimate>
        <role>DEV</role>
        <id>4-e3174739</id>
        <lines>23-25</lines>
        <body>...</body>
        <file>...</file>
        <author>...</author>
        <email>...</email>
        <time>2019-04-30T06:21:30Z</time>
        <children/>
      </puzzle>
    </children>
  </puzzle>
  <puzzle alive="false">
    <issue href="https://github.com/ammaratef45/FIX-CLI/issues/5" closed="2019-05-08T08:12:10+00:00">5</issue>
    <ticket>1</ticket>
    <estimate>0</estimate>
    <role>DEV</role>
    <id>1-19594c12</id>
    <lines>18-18</lines>
    <body>...</body>
    <file>...</file>
    <author>...</author>
    <email>...</email>
    <time>2019-04-24T12:54:59Z</time>
    <children/>
  </puzzle>
  <puzzle alive="true">
    <issue href="https://github.com/ammaratef45/FIX-CLI/issues/19">19</issue>
    <ticket>8</ticket>
    <estimate>0</estimate>
    <role>DEV</role>
    <id>8-777fbb9e</id>
    <lines>18-18</lines>
    <body>...</body>
    <file>...</file>
    <author>...</author>
    <email>...</email>
    <time>2019-05-15T09:12:25Z</time>
    <children/>
  </puzzle>
  <puzzle alive="true">
    <issue href="https://github.com/ammaratef45/FIX-CLI/issues/20">20</issue>
    <ticket>8</ticket>
    <estimate>0</estimate>
    <role>DEV</role>
    <id>8-13ac29de</id>
    <lines>52-53</lines>
    <body>...</body>
    <file>...</file>
    <author>...</author>
    <email>...</email>
    <time>2019-05-15T09:12:25Z</time>
    <children/>
  </puzzle>
  <puzzle alive="true">
    <issue href="https://github.com/ammaratef45/FIX-CLI/issues/21">21</issue>
    <ticket>8</ticket>
    <estimate>0</estimate>
    <role>DEV</role>
    <id>8-7ce1bde9</id>
    <lines>66-68</lines>
    <body>...</body>
    <file>...</file>
    <author>...</author>
    <email>...</email>
    <time>2019-05-15T09:12:25Z</time>
    <children/>
  </puzzle>
  <puzzle alive="true">
    <issue href="https://github.com/ammaratef45/FIX-CLI/issues/24">24</issue>
    <ticket>22</ticket>
    <estimate>0</estimate>
    <role>DEV</role>
    <id>22-a1fbfd0e</id>
    <lines>59-59</lines>
    <body>...</body>
    <file>...</file>
    <author>...</author>
    <email>...</email>
    <time>2019-05-20T05:54:16Z</time>
    <children/>
  </puzzle>
  <puzzle alive="true">
    <issue href="https://github.com/ammaratef45/FIX-CLI/issues/26">26</issue>
    <ticket>22</ticket>
    <estimate>0</estimate>
    <role>DEV</role>
    <id>22-895f2fff</id>
    <lines>8-8</lines>
    <body>...</body>
    <file>...</file>
    <author>...</author>
    <email>...</email>
    <time>2019-05-23T11:16:08Z</time>
    <children/>
  </puzzle>
  <puzzle alive="true">
    <issue href="https://github.com/ammaratef45/FIX-CLI/issues/27">27</issue>
    <ticket>22</ticket>
    <estimate>0</estimate>
    <role>DEV</role>
    <id>22-5b8fb261</id>
    <lines>57-57</lines>
    <body>...</body>
    <file>...</file>
    <author>...</author>
    <email>...</email>
    <time>2019-05-23T11:16:08Z</time>
    <children/>
  </puzzle>
</puzzles>
