<?xml version="1.0"?>
<puzzles xmlns:xsi="http://www.w3.org/2001/XMLSchema-instance" xsi:noNamespaceSchemaLocation="http://www.0pdd.com/puzzles.xsd" date="2018-12-04T01:09:32+00:00" version="0.30.13">
  <puzzle alive="false">
    <issue href="https://github.com/zold-io/java-api/issues/12" closed="2018-08-08T13:07:56+00:00">12</issue>
    <ticket>4</ticket>
    <estimate>30</estimate>
    <role>DEV</role>
    <id>4-968ad704</id>
    <lines>70-73</lines>
    <body>...</body>
    <file>...</file>
    <author>...</author>
    <email>...</email>
    <time>2018-07-03T19:41:24Z</time>
    <children>
      <puzzle alive="false">
        <issue href="https://github.com/zold-io/java-api/issues/65" closed="2018-12-04T01:09:21+00:00">65</issue>
        <ticket>12</ticket>
        <estimate>30</estimate>
        <role>DEV</role>
        <id>12-1be65647</id>
        <lines>93-95</lines>
        <body>...</body>
        <file>...</file>
        <author>...</author>
        <email>...</email>
        <time>2018-08-08T12:50:40Z</time>
        <children>
          <puzzle alive="true">
            <issue href="https://github.com/zold-io/java-api/issues/85">85</issue>
            <ticket>65</ticket>
            <estimate>30</estimate>
            <role>DEV</role>
            <id>65-14add99d</id>
            <lines>140-143</lines>
            <body>...</body>
            <file>...</file>
            <author>...</author>
            <email>...</email>
            <time>2018-08-16T02:24:28Z</time>
            <children/>
          </puzzle>
          <puzzle alive="true">
            <issue href="https://github.com/zold-io/java-api/issues/86">86</issue>
            <ticket>65</ticket>
            <estimate>30</estimate>
            <role>DEV</role>
            <id>65-64ffac10</id>
            <lines>96-102</lines>
            <body>...</body>
            <file>...</file>
            <author>...</author>
            <email>...</email>
            <time>2018-08-16T02:24:28Z</time>
            <children/>
          </puzzle>
        </children>
      </puzzle>
      <puzzle alive="false">
        <issue href="https://github.com/zold-io/java-api/issues/66" closed="2018-08-11T15:37:00+00:00">66</issue>
        <ticket>12</ticket>
        <estimate>30</estimate>
        <role>DEV</role>
        <id>12-99ac50e5</id>
        <lines>84-89</lines>
        <body>...</body>
        <file>...</file>
        <author>...</author>
        <email>...</email>
        <time>2018-08-08T12:50:40Z</time>
        <children/>
      </puzzle>
    </children>
  </puzzle>
  <puzzle alive="false">
    <issue href="https://github.com/zold-io/java-api/issues/13" closed="2018-07-16T13:37:34+00:00">13</issue>
    <ticket>4</ticket>
    <estimate>30</estimate>
    <role>DEV</role>
    <id>4-aab61a84</id>
    <lines>79-82</lines>
    <body>...</body>
    <file>...</file>
    <author>...</author>
    <email>...</email>
    <time>2018-07-03T19:41:24Z</time>
    <children/>
  </puzzle>
  <puzzle alive="false">
    <issue href="https://github.com/zold-io/java-api/issues/15" closed="2018-07-10T13:12:21+00:00">15</issue>
    <ticket>6</ticket>
    <estimate>30</estimate>
    <role>DEV</role>
    <id>6-f97f5c14</id>
    <lines>123-125</lines>
    <body>...</body>
    <file>...</file>
    <author>...</author>
    <email>...</email>
    <time>2018-07-04T15:36:52Z</time>
    <children>
      <puzzle alive="false">
        <issue href="https://github.com/zold-io/java-api/issues/21" closed="2018-08-14T15:24:16+00:00">21</issue>
        <ticket>15</ticket>
        <estimate>30</estimate>
        <role>DEV</role>
        <id>15-b88242e3</id>
        <lines>45-47</lines>
        <body>...</body>
        <file>...</file>
        <author>...</author>
        <email>...</email>
        <time>2018-07-06T18:32:39Z</time>
        <children>
          <puzzle alive="true">
            <issue href="https://github.com/zold-io/java-api/issues/77">77</issue>
            <ticket>21</ticket>
            <estimate>30</estimate>
            <role>DEV</role>
            <id>21-829d3247</id>
            <lines>81-84</lines>
            <body>...</body>
            <file>...</file>
            <author>...</author>
            <email>...</email>
            <time>2018-08-13T12:33:20Z</time>
            <children/>
          </puzzle>
        </children>
      </puzzle>
      <puzzle alive="false">
        <issue href="https://github.com/zold-io/java-api/issues/22" closed="2018-08-02T14:33:57+00:00">22</issue>
        <ticket>15</ticket>
        <estimate>30</estimate>
        <role>DEV</role>
        <id>15-4f67a35d</id>
        <lines>53-55</lines>
        <body>...</body>
        <file>...</file>
        <author>...</author>
        <email>...</email>
        <time>2018-07-06T18:32:39Z</time>
        <children/>
      </puzzle>
      <puzzle alive="false">
        <issue href="https://github.com/zold-io/java-api/issues/23" closed="2018-07-28T14:16:28+00:00">23</issue>
        <ticket>15</ticket>
        <estimate>30</estimate>
        <role>DEV</role>
        <id>15-1e017e66</id>
        <lines>62-64</lines>
        <body>...</body>
        <file>...</file>
        <author>...</author>
        <email>...</email>
        <time>2018-07-06T18:32:39Z</time>
        <children/>
      </puzzle>
      <puzzle alive="false">
        <issue href="https://github.com/zold-io/java-api/issues/24" closed="2018-08-01T19:54:05+00:00">24</issue>
        <ticket>15</ticket>
        <estimate>30</estimate>
        <role>DEV</role>
        <id>15-a01f2b41</id>
        <lines>70-72</lines>
        <body>...</body>
        <file>...</file>
        <author>...</author>
        <email>...</email>
        <time>2018-07-06T18:32:39Z</time>
        <children/>
      </puzzle>
      <puzzle alive="false">
        <issue href="https://github.com/zold-io/java-api/issues/25" closed="2018-07-21T15:19:57+00:00">25</issue>
        <ticket>15</ticket>
        <estimate>30</estimate>
        <role>DEV</role>
        <id>15-f9a60893</id>
        <lines>78-80</lines>
        <body>...</body>
        <file>...</file>
        <author>...</author>
        <email>...</email>
        <time>2018-07-06T18:32:39Z</time>
        <children/>
      </puzzle>
      <puzzle alive="false">
        <issue href="https://github.com/zold-io/java-api/issues/26" closed="2018-08-07T14:22:44+00:00">26</issue>
        <ticket>15</ticket>
        <estimate>30</estimate>
        <role>DEV</role>
        <id>15-957c2199</id>
        <lines>86-88</lines>
        <body>...</body>
        <file>...</file>
        <author>...</author>
        <email>...</email>
        <time>2018-07-06T18:32:39Z</time>
        <children/>
      </puzzle>
      <puzzle alive="false">
        <issue href="https://github.com/zold-io/java-api/issues/27" closed="2018-07-31T21:48:19+00:00">27</issue>
        <ticket>15</ticket>
        <estimate>30</estimate>
        <role>DEV</role>
        <id>15-ad2b4fa5</id>
        <lines>94-96</lines>
        <body>...</body>
        <file>...</file>
        <author>...</author>
        <email>...</email>
        <time>2018-07-06T18:32:39Z</time>
        <children/>
      </puzzle>
      <puzzle alive="false">
        <issue href="https://github.com/zold-io/java-api/issues/28" closed="2018-08-02T19:35:33+00:00">28</issue>
        <ticket>15</ticket>
        <estimate>30</estimate>
        <role>DEV</role>
        <id>15-0d2d728d</id>
        <lines>104-106</lines>
        <body>...</body>
        <file>...</file>
        <author>...</author>
        <email>...</email>
        <time>2018-07-06T18:32:39Z</time>
        <children/>
      </puzzle>
      <puzzle alive="false">
        <issue href="https://github.com/zold-io/java-api/issues/29" closed="2018-07-28T18:56:42+00:00">29</issue>
        <ticket>15</ticket>
        <estimate>30</estimate>
        <role>DEV</role>
        <id>15-0b8da355</id>
        <lines>123-126</lines>
        <body>...</body>
        <file>...</file>
        <author>...</author>
        <email>...</email>
        <time>2018-07-06T18:32:39Z</time>
        <children>
          <puzzle alive="false">
            <issue href="https://github.com/zold-io/java-api/issues/54" closed="2018-08-11T14:51:11+00:00">54</issue>
            <ticket>29</ticket>
            <estimate>30</estimate>
            <role>DEV</role>
            <id>29-4f17ced3</id>
            <lines>30-32</lines>
            <body>...</body>
            <file>...</file>
            <author>...</author>
            <email>...</email>
            <time>2018-07-25T11:59:29Z</time>
            <children>
              <puzzle alive="true">
                <issue href="https://github.com/zold-io/java-api/issues/73">73</issue>
                <ticket>54</ticket>
                <estimate>30</estimate>
                <role>DEV</role>
                <id>54-c02fec87</id>
                <lines>30-33</lines>
                <body>...</body>
                <file>...</file>
                <author>...</author>
                <email>...</email>
                <time>2018-08-11T14:40:42Z</time>
                <children/>
              </puzzle>
              <puzzle alive="true">
                <issue href="https://github.com/zold-io/java-api/issues/74">74</issue>
                <ticket>54</ticket>
                <estimate>30</estimate>
                <role>DEV</role>
                <id>54-605ff193</id>
                <lines>200-202</lines>
                <body>...</body>
                <file>...</file>
                <author>...</author>
                <email>...</email>
                <time>2018-08-11T14:40:42Z</time>
                <children/>
              </puzzle>
            </children>
          </puzzle>
        </children>
      </puzzle>
    </children>
  </puzzle>
  <puzzle alive="false">
    <issue href="https://github.com/zold-io/java-api/issues/16" closed="2018-08-12T21:28:11+00:00">16</issue>
    <ticket>6</ticket>
    <estimate>30</estimate>
    <role>DEV</role>
    <id>6-af7c6ffd</id>
    <lines>131-134</lines>
    <body>...</body>
    <file>...</file>
    <author>...</author>
    <email>...</email>
    <time>2018-07-04T15:36:52Z</time>
    <children>
      <puzzle alive="true">
        <issue href="https://github.com/zold-io/java-api/issues/75">75</issue>
        <ticket>16</ticket>
        <estimate>30</estimate>
        <role>DEV</role>
        <id>16-e32ec38b</id>
        <lines>47-50</lines>
        <body>...</body>
        <file>...</file>
        <author>...</author>
        <email>...</email>
        <time>2018-08-12T21:18:40Z</time>
        <children/>
      </puzzle>
      <puzzle alive="true">
        <issue href="https://github.com/zold-io/java-api/issues/76">76</issue>
        <ticket>16</ticket>
        <estimate>30</estimate>
        <role>DEV</role>
        <id>16-27c16652</id>
        <lines>205-213</lines>
        <body>...</body>
        <file>...</file>
        <author>...</author>
        <email>...</email>
        <time>2018-08-12T21:18:40Z</time>
        <children/>
      </puzzle>
    </children>
  </puzzle>
  <puzzle alive="false">
    <issue href="https://github.com/zold-io/java-api/issues/17" closed="2018-07-12T19:55:15+00:00">17</issue>
    <ticket>6</ticket>
    <estimate>30</estimate>
    <role>DEV</role>
    <id>6-2cc9aa8f</id>
    <lines>142-144</lines>
    <body>...</body>
    <file>...</file>
    <author>...</author>
    <email>...</email>
    <time>2018-07-04T15:36:52Z</time>
    <children/>
  </puzzle>
  <puzzle alive="false">
    <issue href="https://github.com/zold-io/java-api/issues/34" closed="2018-08-01T19:38:26+00:00">34</issue>
    <ticket>33</ticket>
    <estimate>30</estimate>
    <role>DEV</role>
    <id>33-65714492</id>
    <lines>43-46</lines>
    <body>...</body>
    <file>...</file>
    <author>...</author>
    <email>...</email>
    <time>2018-07-12T21:05:18Z</time>
    <children/>
  </puzzle>
  <puzzle alive="true">
    <issue href="https://github.com/zold-io/java-api/issues/38">38</issue>
    <ticket>5</ticket>
    <estimate>30</estimate>
    <role>DEV</role>
    <id>5-38f68f69</id>
    <lines>38-41</lines>
    <body>...</body>
    <file>...</file>
    <author>...</author>
    <email>...</email>
    <time>2018-07-19T03:37:49Z</time>
    <children/>
  </puzzle>
  <puzzle alive="true">
    <issue href="https://github.com/zold-io/java-api/issues/39">39</issue>
    <ticket>5</ticket>
    <estimate>30</estimate>
    <role>DEV</role>
    <id>5-fd3c6d54</id>
    <lines>32-35</lines>
    <body>...</body>
    <file>...</file>
    <author>...</author>
    <email>...</email>
    <time>2018-07-19T03:37:49Z</time>
    <children/>
  </puzzle>
  <puzzle alive="false">
    <issue href="https://github.com/zold-io/java-api/issues/40" closed="2018-08-07T19:29:12+00:00">40</issue>
    <ticket>5</ticket>
    <estimate>30</estimate>
    <role>DEV</role>
    <id>5-c56bb757</id>
    <lines>52-55</lines>
    <body>...</body>
    <file>...</file>
    <author>...</author>
    <email>...</email>
    <time>2018-07-19T03:37:49Z</time>
    <children>
      <puzzle alive="false">
        <issue href="https://github.com/zold-io/java-api/issues/61" closed="2018-12-04T00:55:02+00:00">61</issue>
        <ticket>40</ticket>
        <estimate>30</estimate>
        <role>DEV</role>
        <id>40-432fb579</id>
        <lines>34-40</lines>
        <body>...</body>
        <file>...</file>
        <author>...</author>
        <email>...</email>
        <time>2018-07-28T13:25:35Z</time>
        <children>
          <puzzle alive="true">
            <issue href="https://github.com/zold-io/java-api/issues/81">81</issue>
            <ticket>61</ticket>
            <estimate>30</estimate>
            <role>DEV</role>
            <id>61-94b7f6ca</id>
            <lines>145-148</lines>
            <body>...</body>
            <file>...</file>
            <author>...</author>
            <email>...</email>
            <time>2018-12-04T00:45:01Z</time>
            <children/>
          </puzzle>
          <puzzle alive="true">
            <issue href="https://github.com/zold-io/java-api/issues/82">82</issue>
            <ticket>61</ticket>
            <estimate>30</estimate>
            <role>DEV</role>
            <id>61-7c0a7e0c</id>
            <lines>34-41</lines>
            <body>...</body>
            <file>...</file>
            <author>...</author>
            <email>...</email>
            <time>2018-12-04T00:45:01Z</time>
            <children/>
          </puzzle>
          <puzzle alive="true">
            <issue href="https://github.com/zold-io/java-api/issues/83">83</issue>
            <ticket>61</ticket>
            <estimate>30</estimate>
            <role>DEV</role>
            <id>61-03d7ee35</id>
            <lines>95-99</lines>
            <body>...</body>
            <file>...</file>
            <author>...</author>
            <email>...</email>
            <time>2018-12-04T00:45:01Z</time>
            <children/>
          </puzzle>
          <puzzle alive="true">
            <issue href="https://github.com/zold-io/java-api/issues/84">84</issue>
            <ticket>61</ticket>
            <estimate>30</estimate>
            <role>DEV</role>
            <id>61-fb82e65a</id>
            <lines>114-119</lines>
            <body>...</body>
            <file>...</file>
            <author>...</author>
            <email>...</email>
            <time>2018-12-04T00:45:01Z</time>
            <children/>
          </puzzle>
        </children>
      </puzzle>
    </children>
  </puzzle>
  <puzzle alive="false">
    <issue href="https://github.com/zold-io/java-api/issues/41" closed="2018-07-29T19:36:15+00:00">41</issue>
    <ticket>5</ticket>
    <estimate>30</estimate>
    <role>DEV</role>
    <id>5-dec07794</id>
    <lines>63-67</lines>
    <body>...</body>
    <file>...</file>
    <author>...</author>
    <email>...</email>
    <time>2018-07-19T03:37:49Z</time>
    <children>
      <puzzle alive="false">
        <issue href="https://github.com/zold-io/java-api/issues/56" closed="2018-08-16T20:41:45+00:00">56</issue>
        <ticket>41</ticket>
        <estimate>30</estimate>
        <role>DEV</role>
        <id>41-44da2a34</id>
        <lines>35-41</lines>
        <body>...</body>
        <file>...</file>
        <author>...</author>
        <email>...</email>
        <time>2018-07-23T18:35:02Z</time>
        <children>
          <puzzle alive="true">
            <issue href="https://github.com/zold-io/java-api/issues/79">79</issue>
            <ticket>56</ticket>
            <estimate>30</estimate>
            <role>DEV</role>
            <id>56-e2c92447</id>
            <lines>85-87</lines>
            <body>...</body>
            <file>...</file>
            <author>...</author>
            <email>...</email>
            <time>2018-08-14T16:45:09Z</time>
            <children/>
          </puzzle>
          <puzzle alive="true">
            <issue href="https://github.com/zold-io/java-api/issues/80">80</issue>
            <ticket>56</ticket>
            <estimate>30</estimate>
            <role>DEV</role>
            <id>56-02b4f5e6</id>
            <lines>37-41</lines>
            <body>...</body>
            <file>...</file>
            <author>...</author>
            <email>...</email>
            <time>2018-08-06T06:22:26Z</time>
            <children/>
          </puzzle>
        </children>
      </puzzle>
    </children>
  </puzzle>
</puzzles>
