<?xml version="1.0"?>
<puzzles xmlns:xsi="http://www.w3.org/2001/XMLSchema-instance" xsi:noNamespaceSchemaLocation="http://www.0pdd.com/puzzles.xsd" date="2018-11-28T12:38:10+00:00" version="0.30.13">
  <puzzle alive="false">
    <issue href="https://github.com/zold-io/zold-score/issues/12" closed="2018-11-28T12:38:10+00:00">12</issue>
    <ticket>11</ticket>
    <estimate>30</estimate>
    <role>DEV</role>
    <id>11-160332e9</id>
    <lines>182-184</lines>
    <body>...</body>
    <file>...</file>
    <author>...</author>
    <email>...</email>
    <time>2018-11-24T04:50:32Z</time>
    <children/>
  </puzzle>
</puzzles>
