<?xml version="1.0"?>
<puzzles xmlns:xsi="http://www.w3.org/2001/XMLSchema-instance" xsi:noNamespaceSchemaLocation="http://www.0pdd.com/puzzles.xsd" date="2018-12-24T14:16:13+00:00" version="0.30.13">
  <puzzle alive="true">
    <issue href="https://github.com/zold-io/zold/issues/124">124</issue>
    <ticket>70</ticket>
    <estimate>30</estimate>
    <role>DEV</role>
    <id>70-ffaafc4f</id>
    <lines>35-37</lines>
    <body>...</body>
    <file>...</file>
    <author>...</author>
    <email>...</email>
    <time>2018-06-02T06:56:59Z</time>
    <children/>
  </puzzle>
  <puzzle alive="false">
    <issue href="https://github.com/zold-io/zold/issues/125" closed="2018-06-05T17:56:11+00:00">125</issue>
    <ticket>64</ticket>
    <estimate>30</estimate>
    <role>DEV</role>
    <id>64-220d800a</id>
    <lines>35-38</lines>
    <body>...</body>
    <file>...</file>
    <author>...</author>
    <email>...</email>
    <time>2018-06-02T06:56:59Z</time>
    <children/>
  </puzzle>
  <puzzle alive="false">
    <issue href="https://github.com/zold-io/zold/issues/214" closed="2018-08-04T16:53:55+00:00">214</issue>
    <ticket>212</ticket>
    <estimate>30</estimate>
    <role>DEV</role>
    <id>212-37109e23</id>
    <lines>71-73</lines>
    <body>...</body>
    <file>...</file>
    <author>...</author>
    <email>...</email>
    <time>2018-06-12T16:59:59Z</time>
    <children/>
  </puzzle>
  <puzzle alive="false">
    <issue href="https://github.com/zold-io/zold/issues/241" closed="2018-08-06T12:56:33+00:00">241</issue>
    <ticket>239</ticket>
    <estimate>30</estimate>
    <role>DEV</role>
    <id>239-8451ca17</id>
    <lines>87-90</lines>
    <body>...</body>
    <file>...</file>
    <author>...</author>
    <email>...</email>
    <time>2018-06-15T18:58:29Z</time>
    <children/>
  </puzzle>
  <puzzle alive="false">
    <issue href="https://github.com/zold-io/zold/issues/264" closed="2018-07-01T05:03:20+00:00">264</issue>
    <ticket>262</ticket>
    <estimate>30</estimate>
    <role>DEV</role>
    <id>262-ee9602d6</id>
    <lines>45-48</lines>
    <body>...</body>
    <file>...</file>
    <author>...</author>
    <email>...</email>
    <time>2018-06-21T03:00:29Z</time>
    <children/>
  </puzzle>
  <puzzle alive="false">
    <issue href="https://github.com/zold-io/zold/issues/322" closed="2018-07-11T14:54:15+00:00">322</issue>
    <ticket>279</ticket>
    <estimate>30</estimate>
    <role>DEV</role>
    <id>279-4664e37c</id>
    <lines>3-5</lines>
    <body>...</body>
    <file>...</file>
    <author>...</author>
    <email>...</email>
    <time>2018-07-02T06:05:13Z</time>
    <children>
      <puzzle alive="true">
        <issue href="https://github.com/zold-io/zold/issues/377">377</issue>
        <ticket>322</ticket>
        <estimate>30</estimate>
        <role>DEV</role>
        <id>322-7828612a</id>
        <lines>8-9</lines>
        <body>...</body>
        <file>...</file>
        <author>...</author>
        <email>...</email>
        <time>2018-07-11T14:49:51Z</time>
        <children/>
      </puzzle>
      <puzzle alive="true">
        <issue href="https://github.com/zold-io/zold/issues/378">378</issue>
        <ticket>322</ticket>
        <estimate>30</estimate>
        <role>DEV</role>
        <id>322-58c2b412</id>
        <lines>20-21</lines>
        <body>...</body>
        <file>...</file>
        <author>...</author>
        <email>...</email>
        <time>2018-07-11T14:49:51Z</time>
        <children/>
      </puzzle>
      <puzzle alive="true">
        <issue href="https://github.com/zold-io/zold/issues/379">379</issue>
        <ticket>322</ticket>
        <estimate>30</estimate>
        <role>DEV</role>
        <id>322-c77a5ea1</id>
        <lines>35-36</lines>
        <body>...</body>
        <file>...</file>
        <author>...</author>
        <email>...</email>
        <time>2018-07-11T14:49:51Z</time>
        <children/>
      </puzzle>
    </children>
  </puzzle>
  <puzzle alive="true">
    <issue href="https://github.com/zold-io/zold/issues/323">323</issue>
    <ticket>279</ticket>
    <estimate>30</estimate>
    <role>DEV</role>
    <id>279-d44ca5ec</id>
    <lines>31-33</lines>
    <body>...</body>
    <file>...</file>
    <author>...</author>
    <email>...</email>
    <time>2018-07-02T06:05:13Z</time>
    <children/>
  </puzzle>
  <puzzle alive="true">
    <issue href="https://github.com/zold-io/zold/issues/326">326</issue>
    <ticket>285</ticket>
    <estimate>30</estimate>
    <role>DEV</role>
    <id>285-7d7687a1</id>
    <lines>12-14</lines>
    <body>...</body>
    <file>...</file>
    <author>...</author>
    <email>...</email>
    <time>2018-07-02T09:08:45Z</time>
    <children/>
  </puzzle>
  <puzzle alive="false">
    <issue href="https://github.com/zold-io/zold/issues/327" closed="2018-07-13T08:53:08+00:00">327</issue>
    <ticket>285</ticket>
    <estimate>30</estimate>
    <role>DEV</role>
    <id>285-214c18b0</id>
    <lines>12-15</lines>
    <body>...</body>
    <file>...</file>
    <author>...</author>
    <email>...</email>
    <time>2018-06-30T15:33:07Z</time>
    <children>
      <puzzle alive="true">
        <issue href="https://github.com/zold-io/zold/issues/365">365</issue>
        <ticket>327</ticket>
        <estimate>30</estimate>
        <role>DEV</role>
        <id>327-60adc21c</id>
        <lines>31-32</lines>
        <body>...</body>
        <file>...</file>
        <author>...</author>
        <email>...</email>
        <time>2018-07-07T22:40:20Z</time>
        <children/>
      </puzzle>
      <puzzle alive="true">
        <issue href="https://github.com/zold-io/zold/issues/366">366</issue>
        <ticket>327</ticket>
        <estimate>30</estimate>
        <role>DEV</role>
        <id>327-2e6b0869</id>
        <lines>44-46</lines>
        <body>...</body>
        <file>...</file>
        <author>...</author>
        <email>...</email>
        <time>2018-07-07T22:40:20Z</time>
        <children/>
      </puzzle>
    </children>
  </puzzle>
  <puzzle alive="true">
    <issue href="https://github.com/zold-io/zold/issues/328">328</issue>
    <ticket>292</ticket>
    <estimate>30</estimate>
    <role>DEV</role>
    <id>292-732aceea</id>
    <lines>95-103</lines>
    <body>...</body>
    <file>...</file>
    <author>...</author>
    <email>...</email>
    <time>2018-06-30T13:46:13Z</time>
    <children/>
  </puzzle>
  <puzzle alive="false">
    <issue href="https://github.com/zold-io/zold/issues/329" closed="2018-07-12T08:42:37+00:00">329</issue>
    <ticket>292</ticket>
    <estimate>30</estimate>
    <role>DEV</role>
    <id>292-3bcf6540</id>
    <lines>254-255</lines>
    <body>...</body>
    <file>...</file>
    <author>...</author>
    <email>...</email>
    <time>2018-06-30T13:46:13Z</time>
    <children>
      <puzzle alive="false">
        <issue href="https://github.com/zold-io/zold/issues/388" closed="2018-11-19T07:09:04+00:00">388</issue>
        <ticket>329</ticket>
        <estimate>30</estimate>
        <role>DEV</role>
        <id>329-08487f44</id>
        <lines>120-122</lines>
        <body>...</body>
        <file>...</file>
        <author>...</author>
        <email>...</email>
        <time>2018-07-06T14:06:53Z</time>
        <children/>
      </puzzle>
    </children>
  </puzzle>
  <puzzle alive="false">
    <issue href="https://github.com/zold-io/zold/issues/333" closed="2018-12-16T13:10:43+00:00">333</issue>
    <ticket>280</ticket>
    <estimate>30</estimate>
    <role>DEV</role>
    <id>280-c0152986</id>
    <lines>6-7</lines>
    <body>...</body>
    <file>...</file>
    <author>...</author>
    <email>...</email>
    <time>2018-07-03T08:23:52Z</time>
    <children/>
  </puzzle>
  <puzzle alive="false">
    <issue href="https://github.com/zold-io/zold/issues/342" closed="2018-11-02T15:01:09+00:00">342</issue>
    <ticket>79</ticket>
    <estimate>40</estimate>
    <role>DEV</role>
    <id>79-aed0d144</id>
    <lines>110-112</lines>
    <body>...</body>
    <file>...</file>
    <author>...</author>
    <email>...</email>
    <time>2018-07-04T08:42:15Z</time>
    <children/>
  </puzzle>
  <puzzle alive="true">
    <issue href="https://github.com/zold-io/zold/issues/370">370</issue>
    <ticket>357</ticket>
    <estimate>30</estimate>
    <role>DEV</role>
    <id>357-e0152e73</id>
    <lines>93-94</lines>
    <body>...</body>
    <file>...</file>
    <author>...</author>
    <email>...</email>
    <time>2018-07-09T18:12:14Z</time>
    <children/>
  </puzzle>
  <puzzle alive="false">
    <issue href="https://github.com/zold-io/zold/issues/385" closed="2018-11-30T11:15:53+00:00">385</issue>
    <ticket>384</ticket>
    <estimate>30</estimate>
    <role>DEV</role>
    <id>384-9943eeb2</id>
    <lines>141-143</lines>
    <body>...</body>
    <file>...</file>
    <author>...</author>
    <email>...</email>
    <time>2018-07-11T19:43:54Z</time>
    <children/>
  </puzzle>
  <puzzle alive="false">
    <issue href="https://github.com/zold-io/zold/issues/389" closed="2018-12-16T12:50:20+00:00">389</issue>
    <ticket>306</ticket>
    <estimate>30</estimate>
    <role>DEV</role>
    <id>306-7716d232</id>
    <lines>42-44</lines>
    <body>...</body>
    <file>...</file>
    <author>...</author>
    <email>...</email>
    <time>2018-07-12T11:07:29Z</time>
    <children/>
  </puzzle>
  <puzzle alive="false">
    <issue href="https://github.com/zold-io/zold/issues/393" closed="2018-11-01T12:17:18+00:00">393</issue>
    <ticket>98</ticket>
    <estimate>30</estimate>
    <role>DEV</role>
    <id>98-ed836320</id>
    <lines>53-58</lines>
    <body>...</body>
    <file>...</file>
    <author>...</author>
    <email>...</email>
    <time>2018-07-12T15:42:16Z</time>
    <children/>
  </puzzle>
  <puzzle alive="false">
    <issue href="https://github.com/zold-io/zold/issues/394" closed="2018-07-26T08:56:49+00:00">394</issue>
    <ticket>98</ticket>
    <estimate>30</estimate>
    <role>DEV</role>
    <id>98-a72851ba</id>
    <lines>23-26</lines>
    <body>...</body>
    <file>...</file>
    <author>...</author>
    <email>...</email>
    <time>2018-07-12T15:42:16Z</time>
    <children>
      <puzzle alive="false">
        <issue href="https://github.com/zold-io/zold/issues/421" closed="2018-11-01T12:17:20+00:00">421</issue>
        <ticket>394</ticket>
        <estimate>30</estimate>
        <role>DEV</role>
        <id>394-fda9e6d8</id>
        <lines>23-27</lines>
        <body>...</body>
        <file>...</file>
        <author>...</author>
        <email>...</email>
        <time>2018-07-26T08:49:28Z</time>
        <children/>
      </puzzle>
    </children>
  </puzzle>
  <puzzle alive="false">
    <issue href="https://github.com/zold-io/zold/issues/511" closed="2018-11-28T10:38:26+00:00">511</issue>
    <ticket>507</ticket>
    <estimate>30</estimate>
    <role>DEV</role>
    <id>507-040930f5</id>
    <lines>54-56</lines>
    <body>...</body>
    <file>...</file>
    <author>...</author>
    <email>...</email>
    <time>2018-10-30T15:14:15Z</time>
    <children/>
  </puzzle>
  <puzzle alive="false">
    <issue href="https://github.com/zold-io/zold/issues/514" closed="2018-12-12T07:50:02+00:00">514</issue>
    <ticket>513</ticket>
    <estimate>30</estimate>
    <role>DEV</role>
    <id>513-3d9ea123</id>
    <lines>430-432</lines>
    <body>...</body>
    <file>...</file>
    <author>...</author>
    <email>...</email>
    <time>2018-10-31T12:29:25Z</time>
    <children/>
  </puzzle>
  <puzzle alive="true">
    <issue href="https://github.com/zold-io/zold/issues/529">529</issue>
    <ticket>527</ticket>
    <estimate>30</estimate>
    <role>DEV</role>
    <id>527-2b511bc2</id>
    <lines>62-67</lines>
    <body>...</body>
    <file>...</file>
    <author>...</author>
    <email>...</email>
    <time>2018-11-05T07:20:45Z</time>
    <children/>
  </puzzle>
  <puzzle alive="false">
    <issue href="https://github.com/zold-io/zold/issues/560" closed="2018-12-24T14:16:13+00:00">560</issue>
    <ticket>444</ticket>
    <estimate>30</estimate>
    <role>DEV</role>
    <id>444-c6c7b248</id>
    <lines>114-118</lines>
    <body>...</body>
    <file>...</file>
    <author>...</author>
    <email>...</email>
    <time>2018-11-19T13:32:07Z</time>
    <children/>
  </puzzle>
</puzzles>
