<?xml version="1.0"?>
<puzzles xmlns:xsi="http://www.w3.org/2001/XMLSchema-instance" xsi:noNamespaceSchemaLocation="http://www.0pdd.com/puzzles.xsd" date="2018-02-24T06:24:01+00:00" version="0.29">
  <puzzle alive="false">
    <issue href="https://github.com/hliimatta/tect/issues/3" closed="2018-02-21T04:18:24+00:00">3</issue>
    <ticket>1</ticket>
    <estimate>0</estimate>
    <role>IMP</role>
    <id>1-6889784f</id>
    <lines>3-3</lines>
    <body>...</body>
    <file>...</file>
    <author>...</author>
    <email>...</email>
    <time>2018-02-20T18:00:23Z</time>
    <children>
      <puzzle alive="false">
        <issue href="https://github.com/hliimatta/tect/issues/8" closed="2018-02-21T12:01:13+00:00">8</issue>
        <ticket>3</ticket>
        <estimate>0</estimate>
        <role>IMP</role>
        <id>3-379ae689</id>
        <lines>74-74</lines>
        <body>...</body>
        <file>...</file>
        <author>...</author>
        <email>...</email>
        <time>2018-02-21T04:18:15Z</time>
        <children>
          <puzzle alive="false">
            <issue href="https://github.com/hliimatta/tect/issues/11" closed="2018-02-23T10:08:36+00:00">11</issue>
            <ticket>8</ticket>
            <estimate>0</estimate>
            <role>IMP</role>
            <id>8-aa7c44f6</id>
            <lines>78-78</lines>
            <body>...</body>
            <file>...</file>
            <author>...</author>
            <email>...</email>
            <time>2018-02-21T12:00:58Z</time>
            <children/>
          </puzzle>
          <puzzle alive="false">
            <issue href="https://github.com/hliimatta/tect/issues/12" closed="2018-02-23T10:08:38+00:00">12</issue>
            <ticket>8</ticket>
            <estimate>0</estimate>
            <role>IMP</role>
            <id>8-cd34dc75</id>
            <lines>15-15</lines>
            <body>...</body>
            <file>...</file>
            <author>...</author>
            <email>...</email>
            <time>2018-02-21T12:00:58Z</time>
            <children/>
          </puzzle>
          <puzzle alive="false">
            <issue href="https://github.com/hliimatta/tect/issues/13" closed="2018-02-24T06:17:11+00:00">13</issue>
            <ticket>8</ticket>
            <estimate>30</estimate>
            <role>IMP</role>
            <id>8-e78ef2e3</id>
            <lines>19-19</lines>
            <body>...</body>
            <file>...</file>
            <author>...</author>
            <email>...</email>
            <time>2018-02-21T12:00:58Z</time>
            <children/>
          </puzzle>
        </children>
      </puzzle>
      <puzzle alive="false">
        <issue href="https://github.com/hliimatta/tect/issues/9" closed="2018-02-21T12:01:14+00:00">9</issue>
        <ticket>3</ticket>
        <estimate>0</estimate>
        <role>IMP</role>
        <id>3-def3cf74</id>
        <lines>15-15</lines>
        <body>...</body>
        <file>...</file>
        <author>...</author>
        <email>...</email>
        <time>2018-02-21T04:17:10Z</time>
        <children/>
      </puzzle>
    </children>
  </puzzle>
  <puzzle alive="false">
    <issue href="https://github.com/hliimatta/tect/issues/4" closed="2018-02-24T06:24:01+00:00">4</issue>
    <ticket>1</ticket>
    <estimate>0</estimate>
    <role>IMP</role>
    <id>1-6e6dd8f7</id>
    <lines>16-16</lines>
    <body>...</body>
    <file>...</file>
    <author>...</author>
    <email>...</email>
    <time>2018-02-20T18:00:23Z</time>
    <children/>
  </puzzle>
  <puzzle alive="false">
    <issue href="https://github.com/hliimatta/tect/issues/5" closed="2018-02-21T04:18:25+00:00">5</issue>
    <ticket>1</ticket>
    <estimate>0</estimate>
    <role>IMP</role>
    <id>1-14ce56ba</id>
    <lines>4-4</lines>
    <body>...</body>
    <file>...</file>
    <author>...</author>
    <email>...</email>
    <time>2018-02-20T18:00:23Z</time>
    <children/>
  </puzzle>
  <puzzle alive="false">
    <issue href="https://github.com/hliimatta/tect/issues/6" closed="2018-02-21T04:18:26+00:00">6</issue>
    <ticket>2</ticket>
    <estimate>0</estimate>
    <role>IMP</role>
    <id>2-039e3df3</id>
    <lines>7-7</lines>
    <body>...</body>
    <file>...</file>
    <author>...</author>
    <email>...</email>
    <time>2018-02-20T18:00:23Z</time>
    <children/>
  </puzzle>
  <puzzle alive="false">
    <issue href="https://github.com/hliimatta/tect/issues/7" closed="2018-02-21T04:18:27+00:00">7</issue>
    <ticket>2</ticket>
    <estimate>0</estimate>
    <role>IMP</role>
    <id>2-a5c40449</id>
    <lines>25-25</lines>
    <body>...</body>
    <file>...</file>
    <author>...</author>
    <email>...</email>
    <time>2018-02-20T18:00:23Z</time>
    <children/>
  </puzzle>
</puzzles>
