<?xml version="1.0"?>
<puzzles xmlns:xsi="http://www.w3.org/2001/XMLSchema-instance" xsi:noNamespaceSchemaLocation="http://www.0pdd.com/puzzles.xsd" date="2019-08-14T18:46:51+00:00" version="0.30.18">
  <puzzle alive="false">
    <issue href="https://github.com/codeforthailand/databuri/issues/2" closed="2019-08-14T16:23:25+00:00">2</issue>
    <ticket>1</ticket>
    <estimate>0</estimate>
    <role>DEV</role>
    <id>1-93cfb6f2</id>
    <lines>1-1</lines>
    <body>...</body>
    <file>...</file>
    <author>...</author>
    <email>...</email>
    <time>2019-05-13T15:42:51Z</time>
    <children/>
  </puzzle>
  <puzzle alive="true">
    <issue href="https://github.com/codeforthailand/databuri/issues/3">3</issue>
    <ticket>1</ticket>
    <estimate>0</estimate>
    <role>DEV</role>
    <id>1-545858dd</id>
    <lines>1-1</lines>
    <body>...</body>
    <file>...</file>
    <author>...</author>
    <email>...</email>
    <time>2019-05-13T15:45:25Z</time>
    <children/>
  </puzzle>
  <puzzle alive="false">
    <issue href="https://github.com/codeforthailand/databuri/issues/4" closed="2019-08-14T18:46:48+00:00">4</issue>
    <ticket>1</ticket>
    <estimate>0</estimate>
    <role>DEV</role>
    <id>1-3c46b67c</id>
    <lines>1-1</lines>
    <body>...</body>
    <file>...</file>
    <author>...</author>
    <email>...</email>
    <time>2019-05-13T15:45:25Z</time>
    <children/>
  </puzzle>
  <puzzle alive="true">
    <issue href="https://github.com/codeforthailand/databuri/issues/5">5</issue>
    <ticket>1</ticket>
    <estimate>0</estimate>
    <role>DEV</role>
    <id>1-8c39ab22</id>
    <lines>4-4</lines>
    <body>...</body>
    <file>...</file>
    <author>...</author>
    <email>...</email>
    <time>2019-08-14T11:51:15Z</time>
    <children/>
  </puzzle>
  <puzzle alive="true">
    <issue href="https://github.com/codeforthailand/databuri/issues/6">6</issue>
    <ticket>1</ticket>
    <estimate>0</estimate>
    <role>DEV</role>
    <id>1-7570cfb7</id>
    <lines>4-4</lines>
    <body>...</body>
    <file>...</file>
    <author>...</author>
    <email>...</email>
    <time>2019-08-14T11:51:15Z</time>
    <children/>
  </puzzle>
  <puzzle alive="false">
    <issue href="https://github.com/codeforthailand/databuri/issues/7" closed="2019-08-14T18:46:51+00:00">7</issue>
    <ticket>1</ticket>
    <estimate>0</estimate>
    <role>DEV</role>
    <id>1-7f5c64f1</id>
    <lines>33-33</lines>
    <body>...</body>
    <file>...</file>
    <author>...</author>
    <email>...</email>
    <time>2019-08-14T11:51:15Z</time>
    <children/>
  </puzzle>
  <puzzle alive="false">
    <issue href="https://github.com/codeforthailand/databuri/issues/8" closed="2019-08-14T18:45:05+00:00">8</issue>
    <ticket>1</ticket>
    <estimate>0</estimate>
    <role>DEV</role>
    <id>1-96e456d0</id>
    <lines>16-16</lines>
    <body>...</body>
    <file>...</file>
    <author>...</author>
    <email>...</email>
    <time>2019-08-14T11:51:15Z</time>
    <children/>
  </puzzle>
  <puzzle alive="false">
    <issue href="https://github.com/codeforthailand/databuri/issues/9" closed="2019-08-14T18:44:13+00:00">9</issue>
    <ticket>1</ticket>
    <estimate>0</estimate>
    <role>DEV</role>
    <id>1-084df456</id>
    <lines>23-23</lines>
    <body>...</body>
    <file>...</file>
    <author>...</author>
    <email>...</email>
    <time>2019-08-14T11:51:15Z</time>
    <children/>
  </puzzle>
</puzzles>
