<?xml version="1.0"?>
<puzzles xmlns:xsi="http://www.w3.org/2001/XMLSchema-instance" xsi:noNamespaceSchemaLocation="http://www.0pdd.com/puzzles.xsd" date="2019-08-09T18:37:48+00:00" version="0.30.18">
  <puzzle alive="false">
    <issue href="https://github.com/codeforthailand/parliament-listening/issues/3" closed="2019-08-06T16:55:18+00:00">3</issue>
    <ticket>2</ticket>
    <estimate>0</estimate>
    <role>DEV</role>
    <id>2-140cf70f</id>
    <lines>17-17</lines>
    <body>...</body>
    <file>...</file>
    <author>...</author>
    <email>...</email>
    <time>2019-08-06T16:42:37Z</time>
    <children/>
  </puzzle>
  <puzzle alive="false">
    <issue href="https://github.com/codeforthailand/parliament-listening/issues/4" closed="2019-08-07T16:27:32+00:00">4</issue>
    <ticket>2</ticket>
    <estimate>0</estimate>
    <role>DEV</role>
    <id>2-236bf04f</id>
    <lines>3-3</lines>
    <body>...</body>
    <file>...</file>
    <author>...</author>
    <email>...</email>
    <time>2019-08-06T16:55:00Z</time>
    <children/>
  </puzzle>
  <puzzle alive="false">
    <issue href="https://github.com/codeforthailand/parliament-listening/issues/5" closed="2019-08-07T14:40:55+00:00">5</issue>
    <ticket>2</ticket>
    <estimate>0</estimate>
    <role>DEV</role>
    <id>2-16aea894</id>
    <lines>14-14</lines>
    <body>...</body>
    <file>...</file>
    <author>...</author>
    <email>...</email>
    <time>2019-08-06T17:09:50Z</time>
    <children/>
  </puzzle>
  <puzzle alive="false">
    <issue href="https://github.com/codeforthailand/parliament-listening/issues/6" closed="2019-08-07T04:31:26+00:00">6</issue>
    <ticket>2</ticket>
    <estimate>0</estimate>
    <role>DEV</role>
    <id>2-27dd30a2</id>
    <lines>12-12</lines>
    <body>...</body>
    <file>...</file>
    <author>...</author>
    <email>...</email>
    <time>2019-08-06T17:09:50Z</time>
    <children/>
  </puzzle>
  <puzzle alive="false">
    <issue href="https://github.com/codeforthailand/parliament-listening/issues/7" closed="2019-08-06T18:13:00+00:00">7</issue>
    <ticket>2</ticket>
    <estimate>0</estimate>
    <role>DEV</role>
    <id>2-930b8800</id>
    <lines>3-3</lines>
    <body>...</body>
    <file>...</file>
    <author>...</author>
    <email>...</email>
    <time>2019-08-06T17:09:50Z</time>
    <children/>
  </puzzle>
  <puzzle alive="false">
    <issue href="https://github.com/codeforthailand/parliament-listening/issues/8" closed="2019-08-07T22:49:51+00:00">8</issue>
    <ticket>2</ticket>
    <estimate>0</estimate>
    <role>DEV</role>
    <id>2-362edf82</id>
    <lines>5-5</lines>
    <body>...</body>
    <file>...</file>
    <author>...</author>
    <email>...</email>
    <time>2019-08-06T17:02:19Z</time>
    <children/>
  </puzzle>
  <puzzle alive="false">
    <issue href="https://github.com/codeforthailand/parliament-listening/issues/9" closed="2019-08-07T06:34:23+00:00">9</issue>
    <ticket>2</ticket>
    <estimate>0</estimate>
    <role>DEV</role>
    <id>2-0cc85777</id>
    <lines>32-32</lines>
    <body>...</body>
    <file>...</file>
    <author>...</author>
    <email>...</email>
    <time>2019-08-06T17:12:56Z</time>
    <children/>
  </puzzle>
  <puzzle alive="false">
    <issue href="https://github.com/codeforthailand/parliament-listening/issues/10" closed="2019-08-08T10:46:00+00:00">10</issue>
    <ticket>2</ticket>
    <estimate>0</estimate>
    <role>DEV</role>
    <id>2-cb3f7fdd</id>
    <lines>4-4</lines>
    <body>...</body>
    <file>...</file>
    <author>...</author>
    <email>...</email>
    <time>2019-08-06T17:19:31Z</time>
    <children/>
  </puzzle>
  <puzzle alive="true">
    <issue href="https://github.com/codeforthailand/parliament-listening/issues/11">11</issue>
    <ticket>2</ticket>
    <estimate>0</estimate>
    <role>DEV</role>
    <id>2-751ad43d</id>
    <lines>6-6</lines>
    <body>...</body>
    <file>...</file>
    <author>...</author>
    <email>...</email>
    <time>2019-08-07T07:32:02Z</time>
    <children/>
  </puzzle>
  <puzzle alive="false">
    <issue href="https://github.com/codeforthailand/parliament-listening/issues/21" closed="2019-08-09T05:14:36+00:00">21</issue>
    <ticket>2</ticket>
    <estimate>0</estimate>
    <role>DEV</role>
    <id>2-0e752bc8</id>
    <lines>43-43</lines>
    <body>...</body>
    <file>...</file>
    <author>...</author>
    <email>...</email>
    <time>2019-08-07T16:33:01Z</time>
    <children/>
  </puzzle>
  <puzzle alive="false">
    <issue href="https://github.com/codeforthailand/parliament-listening/issues/23" closed="2019-08-09T15:07:58+00:00">23</issue>
    <ticket>2</ticket>
    <estimate>0</estimate>
    <role>DEV</role>
    <id>2-8981ce61</id>
    <lines>4-4</lines>
    <body>...</body>
    <file>...</file>
    <author>...</author>
    <email>...</email>
    <time>2019-08-08T10:45:48Z</time>
    <children/>
  </puzzle>
  <puzzle alive="false">
    <issue href="https://github.com/codeforthailand/parliament-listening/issues/26" closed="2019-08-09T18:37:48+00:00">26</issue>
    <ticket>2</ticket>
    <estimate>0</estimate>
    <role>DEV</role>
    <id>2-3557174c</id>
    <lines>70-70</lines>
    <body>...</body>
    <file>...</file>
    <author>...</author>
    <email>...</email>
    <time>2019-08-09T15:11:03Z</time>
    <children/>
  </puzzle>
</puzzles>
