<?xml version="1.0"?>
<puzzles xmlns:xsi="http://www.w3.org/2001/XMLSchema-instance" xsi:noNamespaceSchemaLocation="http://www.0pdd.com/puzzles.xsd" date="2020-03-05T10:28:55+00:00" version="0.30.21">
  <puzzle alive="true">
    <issue href="https://github.com/devsuperstars/m16/issues/1895">1895</issue>
    <ticket>1517</ticket>
    <estimate>0</estimate>
    <role>DEV</role>
    <id>1517-071ba15f</id>
    <lines>135-135</lines>
    <body>...</body>
    <file>...</file>
    <author>...</author>
    <email>...</email>
    <time>2019-10-10T09:23:47Z</time>
    <children/>
  </puzzle>
  <puzzle alive="true">
    <issue href="https://github.com/devsuperstars/m16/issues/1896">1896</issue>
    <ticket>1518</ticket>
    <estimate>0</estimate>
    <role>DEV</role>
    <id>1518-147661a2</id>
    <lines>147-147</lines>
    <body>...</body>
    <file>...</file>
    <author>...</author>
    <email>...</email>
    <time>2019-10-10T09:23:47Z</time>
    <children/>
  </puzzle>
  <puzzle alive="false">
    <issue href="https://github.com/devsuperstars/m16/issues/1897" closed="2019-12-06T14:59:00+00:00">1897</issue>
    <ticket>1385</ticket>
    <estimate>0</estimate>
    <role>DEV</role>
    <id>1385-b72dbb62</id>
    <lines>5-5</lines>
    <body>...</body>
    <file>...</file>
    <author>...</author>
    <email>...</email>
    <time>2019-10-10T08:07:41Z</time>
    <children/>
  </puzzle>
  <puzzle alive="false">
    <issue href="https://github.com/devsuperstars/m16/issues/1898" closed="2019-12-06T15:12:43+00:00">1898</issue>
    <ticket>1334</ticket>
    <estimate>0</estimate>
    <role>DEV</role>
    <id>1334-6533f455</id>
    <lines>1-3</lines>
    <body>...</body>
    <file>...</file>
    <author>...</author>
    <email>...</email>
    <time>2019-10-10T08:07:41Z</time>
    <children/>
  </puzzle>
  <puzzle alive="false">
    <issue href="https://github.com/devsuperstars/m16/issues/2121" closed="2019-12-17T11:09:32+00:00">2121</issue>
    <ticket>2120</ticket>
    <estimate>0</estimate>
    <role>DEV</role>
    <id>2120-6d5bb4cc</id>
    <lines>8-8</lines>
    <body>...</body>
    <file>...</file>
    <author>...</author>
    <email>...</email>
    <time>2019-12-12T14:55:20Z</time>
    <children/>
  </puzzle>
  <puzzle alive="false">
    <issue href="https://github.com/devsuperstars/m16/issues/2156" closed="2019-12-16T16:51:57+00:00">2156</issue>
    <ticket>123</ticket>
    <estimate>0</estimate>
    <role>DEV</role>
    <id>123-e4ca3920</id>
    <lines>438-438</lines>
    <body>...</body>
    <file>...</file>
    <author>...</author>
    <email>...</email>
    <time>2019-12-16T10:41:28Z</time>
    <children/>
  </puzzle>
  <puzzle alive="false">
    <issue href="https://github.com/devsuperstars/m16/issues/2157" closed="2019-12-16T16:53:16+00:00">2157</issue>
    <ticket>123</ticket>
    <estimate>0</estimate>
    <role>DEV</role>
    <id>123-7a407c28</id>
    <lines>446-448</lines>
    <body>...</body>
    <file>...</file>
    <author>...</author>
    <email>...</email>
    <time>2019-12-16T10:41:28Z</time>
    <children/>
  </puzzle>
  <puzzle alive="false">
    <issue href="https://github.com/devsuperstars/m16/issues/2287" closed="2019-12-27T11:20:21+00:00">2287</issue>
    <ticket>2259</ticket>
    <estimate>0</estimate>
    <role>DEV</role>
    <id>2259-a7c794e1</id>
    <lines>48-49</lines>
    <body>...</body>
    <file>...</file>
    <author>...</author>
    <email>...</email>
    <time>2019-12-25T13:47:56Z</time>
    <children/>
  </puzzle>
  <puzzle alive="true">
    <issue href="https://github.com/devsuperstars/m16/issues/2817">2817</issue>
    <ticket>2383</ticket>
    <estimate>0</estimate>
    <role>DEV</role>
    <id>2383-078c0ebb</id>
    <lines>50-50</lines>
    <body>...</body>
    <file>...</file>
    <author>...</author>
    <email>...</email>
    <time>2020-02-25T16:10:56Z</time>
    <children/>
  </puzzle>
  <puzzle alive="true">
    <issue href="https://github.com/devsuperstars/m16/issues/2819">2819</issue>
    <ticket>2733</ticket>
    <estimate>0</estimate>
    <role>DEV</role>
    <id>2733-04887458</id>
    <lines>69-69</lines>
    <body>...</body>
    <file>...</file>
    <author>...</author>
    <email>...</email>
    <time>2020-02-25T16:10:56Z</time>
    <children/>
  </puzzle>
  <puzzle alive="true">
    <issue href="https://github.com/devsuperstars/m16/issues/2820">2820</issue>
    <ticket>2575</ticket>
    <estimate>0</estimate>
    <role>DEV</role>
    <id>2575-03bfa985</id>
    <lines>187-187</lines>
    <body>...</body>
    <file>...</file>
    <author>...</author>
    <email>...</email>
    <time>2020-02-25T16:10:56Z</time>
    <children/>
  </puzzle>
  <puzzle alive="true">
    <issue href="https://github.com/devsuperstars/m16/issues/2821">2821</issue>
    <ticket>2615</ticket>
    <estimate>0</estimate>
    <role>DEV</role>
    <id>2615-0d89fcf7</id>
    <lines>285-285</lines>
    <body>...</body>
    <file>...</file>
    <author>...</author>
    <email>...</email>
    <time>2020-02-25T16:10:56Z</time>
    <children/>
  </puzzle>
  <puzzle alive="true">
    <issue href="https://github.com/devsuperstars/m16/issues/2822">2822</issue>
    <ticket>1</ticket>
    <estimate>0</estimate>
    <role>DEV</role>
    <id>1-14d2c14f</id>
    <lines>424-424</lines>
    <body>...</body>
    <file>...</file>
    <author>...</author>
    <email>...</email>
    <time>2020-02-25T16:10:56Z</time>
    <children/>
  </puzzle>
  <puzzle alive="true">
    <issue href="https://github.com/devsuperstars/m16/issues/2823">2823</issue>
    <ticket>1</ticket>
    <estimate>0</estimate>
    <role>DEV</role>
    <id>1-dcdc5d79</id>
    <lines>448-448</lines>
    <body>...</body>
    <file>...</file>
    <author>...</author>
    <email>...</email>
    <time>2020-02-25T16:10:56Z</time>
    <children/>
  </puzzle>
  <puzzle alive="true">
    <issue href="https://github.com/devsuperstars/m16/issues/2824">2824</issue>
    <ticket>2747</ticket>
    <estimate>0</estimate>
    <role>DEV</role>
    <id>2747-42567ab6</id>
    <lines>50-52</lines>
    <body>...</body>
    <file>...</file>
    <author>...</author>
    <email>...</email>
    <time>2020-02-26T11:09:55Z</time>
    <children/>
  </puzzle>
  <puzzle alive="true">
    <issue href="https://github.com/devsuperstars/m16/issues/2825">2825</issue>
    <ticket>2465</ticket>
    <estimate>0</estimate>
    <role>DEV</role>
    <id>2465-ac5e7d29</id>
    <lines>2571-2571</lines>
    <body>...</body>
    <file>...</file>
    <author>...</author>
    <email>...</email>
    <time>2020-02-25T16:10:56Z</time>
    <children/>
  </puzzle>
  <puzzle alive="true">
    <issue href="https://github.com/devsuperstars/m16/issues/2826">2826</issue>
    <ticket>2465</ticket>
    <estimate>0</estimate>
    <role>DEV</role>
    <id>2465-719b3f08</id>
    <lines>2572-2573</lines>
    <body>...</body>
    <file>...</file>
    <author>...</author>
    <email>...</email>
    <time>2020-02-25T16:10:56Z</time>
    <children/>
  </puzzle>
  <puzzle alive="true">
    <issue href="https://github.com/devsuperstars/m16/issues/2840">2840</issue>
    <ticket>2828</ticket>
    <estimate>0</estimate>
    <role>DEV</role>
    <id>2828-17f28770</id>
    <lines>3-3</lines>
    <body>...</body>
    <file>...</file>
    <author>...</author>
    <email>...</email>
    <time>2020-03-03T13:51:37Z</time>
    <children/>
  </puzzle>
  <puzzle alive="true">
    <issue href="https://github.com/devsuperstars/m16/issues/2841">2841</issue>
    <ticket>2828</ticket>
    <estimate>0</estimate>
    <role>DEV</role>
    <id>2828-cc94da7e</id>
    <lines>26-26</lines>
    <body>...</body>
    <file>...</file>
    <author>...</author>
    <email>...</email>
    <time>2020-03-03T14:03:22Z</time>
    <children/>
  </puzzle>
  <puzzle alive="true">
    <issue href="https://github.com/devsuperstars/m16/issues/2847">2847</issue>
    <ticket>2813</ticket>
    <estimate>0</estimate>
    <role>DEV</role>
    <id>2813-ccf14a1a</id>
    <lines>1-2</lines>
    <body>...</body>
    <file>...</file>
    <author>...</author>
    <email>...</email>
    <time>2020-03-04T12:55:24Z</time>
    <children/>
  </puzzle>
</puzzles>
