<?xml version="1.0"?>
<puzzles xmlns:xsi="http://www.w3.org/2001/XMLSchema-instance" xsi:noNamespaceSchemaLocation="http://www.0pdd.com/puzzles.xsd" date="2021-07-22T16:03:29+00:00" version="0.30.23">
  <puzzle alive="false">
    <issue href="https://github.com/LarryHsiao/Arete/issues/7" closed="2021-05-05T17:25:09+00:00">7</issue>
    <ticket>3</ticket>
    <estimate>0</estimate>
    <role>DEV</role>
    <id>3-e1b46233</id>
    <lines>15-15</lines>
    <body>...</body>
    <file>...</file>
    <author>...</author>
    <email>...</email>
    <time>2021-05-04T16:23:36Z</time>
    <children/>
  </puzzle>
  <puzzle alive="false">
    <issue>unknown</issue>
    <ticket>4</ticket>
    <estimate>0</estimate>
    <role>DEV</role>
    <id>4-d0719260</id>
    <lines>15-15</lines>
    <body>...</body>
    <file>...</file>
    <author>...</author>
    <email>...</email>
    <time>2021-05-05T16:28:21Z</time>
    <children/>
  </puzzle>
  <puzzle alive="false">
    <issue>unknown</issue>
    <ticket>1</ticket>
    <estimate>0</estimate>
    <role>DEV</role>
    <id>1-3f41acda</id>
    <lines>15-15</lines>
    <body>...</body>
    <file>...</file>
    <author>...</author>
    <email>...</email>
    <time>2021-05-05T16:28:21Z</time>
    <children/>
  </puzzle>
  <puzzle alive="false">
    <issue>unknown</issue>
    <ticket>2</ticket>
    <estimate>0</estimate>
    <role>DEV</role>
    <id>2-1ffd9230</id>
    <lines>12-12</lines>
    <body>...</body>
    <file>...</file>
    <author>...</author>
    <email>...</email>
    <time>2021-05-05T16:28:21Z</time>
    <children/>
  </puzzle>
  <puzzle alive="true">
    <issue href="https://github.com/LarryHsiao/Arete/issues/12">12</issue>
    <ticket>10-1</ticket>
    <estimate>0</estimate>
    <role>DEV</role>
    <id>10-1-997c695e</id>
    <lines>16-16</lines>
    <body>...</body>
    <file>...</file>
    <author>...</author>
    <email>...</email>
    <time>2021-05-05T18:37:16Z</time>
    <children/>
  </puzzle>
  <puzzle alive="false">
    <issue href="https://github.com/LarryHsiao/Arete/issues/13" closed="2021-05-16T19:48:36+00:00">13</issue>
    <ticket>1</ticket>
    <estimate>0</estimate>
    <role>DEV</role>
    <id>1-13834a68</id>
    <lines>15-15</lines>
    <body>...</body>
    <file>...</file>
    <author>...</author>
    <email>...</email>
    <time>2021-05-05T18:37:16Z</time>
    <children>
      <puzzle alive="true">
        <issue href="https://github.com/LarryHsiao/Arete/issues/9">9</issue>
        <ticket>13</ticket>
        <estimate>0</estimate>
        <role>DEV</role>
        <id>13-7f3bc91a</id>
        <lines>12-12</lines>
        <body>...</body>
        <file>...</file>
        <author>...</author>
        <email>...</email>
        <time>2021-05-05T18:37:16Z</time>
        <children/>
      </puzzle>
    </children>
  </puzzle>
  <puzzle alive="false">
    <issue>unknown</issue>
    <ticket>11</ticket>
    <estimate>0</estimate>
    <role>DEV</role>
    <id>11-46f5ad8b</id>
    <lines>12-12</lines>
    <body>...</body>
    <file>...</file>
    <author>...</author>
    <email>...</email>
    <time>2021-05-05T18:37:16Z</time>
    <children/>
  </puzzle>
  <puzzle alive="false">
    <issue>unknown</issue>
    <ticket>10</ticket>
    <estimate>0</estimate>
    <role>DEV</role>
    <id>10-9a312376</id>
    <lines>15-15</lines>
    <body>...</body>
    <file>...</file>
    <author>...</author>
    <email>...</email>
    <time>2021-05-05T18:37:16Z</time>
    <children/>
  </puzzle>
  <puzzle alive="false">
    <issue href="https://github.com/LarryHsiao/Arete/issues/17" closed="2021-05-16T19:48:40+00:00">17</issue>
    <ticket>18</ticket>
    <estimate>0</estimate>
    <role>DEV</role>
    <id>18-3568e337</id>
    <lines>22-22</lines>
    <body>...</body>
    <file>...</file>
    <author>...</author>
    <email>...</email>
    <time>2021-05-05T23:53:45Z</time>
    <children>
      <puzzle alive="true">
        <issue href="https://github.com/LarryHsiao/Arete/issues/15">15</issue>
        <ticket>17</ticket>
        <estimate>0</estimate>
        <role>DEV</role>
        <id>17-d6f43ebd</id>
        <lines>12-12</lines>
        <body>...</body>
        <file>...</file>
        <author>...</author>
        <email>...</email>
        <time>2021-05-05T18:37:16Z</time>
        <children>
          <puzzle alive="true">
            <issue href="https://github.com/LarryHsiao/Arete/issues/14">14</issue>
            <ticket>15</ticket>
            <estimate>0</estimate>
            <role>DEV</role>
            <id>15-72dcad49</id>
            <lines>12-12</lines>
            <body>...</body>
            <file>...</file>
            <author>...</author>
            <email>...</email>
            <time>2021-05-05T18:37:16Z</time>
            <children>
              <puzzle alive="true">
                <issue href="https://github.com/LarryHsiao/Arete/issues/8">8</issue>
                <ticket>14</ticket>
                <estimate>0</estimate>
                <role>DEV</role>
                <id>14-bc93e1df</id>
                <lines>12-12</lines>
                <body>...</body>
                <file>...</file>
                <author>...</author>
                <email>...</email>
                <time>2021-05-05T18:37:16Z</time>
                <children/>
              </puzzle>
            </children>
          </puzzle>
        </children>
      </puzzle>
    </children>
  </puzzle>
  <puzzle alive="true">
    <issue>unknown</issue>
    <ticket>16</ticket>
    <estimate>0</estimate>
    <role>DEV</role>
    <id>16-2f50c36e</id>
    <lines>12-12</lines>
    <body>...</body>
    <file>...</file>
    <author>...</author>
    <email>...</email>
    <time>2021-05-05T18:37:16Z</time>
    <children/>
  </puzzle>
  <puzzle alive="true">
    <issue href="https://github.com/LarryHsiao/Arete/issues/19">19</issue>
    <ticket>31</ticket>
    <estimate>0</estimate>
    <role>DEV</role>
    <id>31-825789c8</id>
    <lines>80-80</lines>
    <body>...</body>
    <file>...</file>
    <author>...</author>
    <email>...</email>
    <time>2021-05-16T19:07:14Z</time>
    <children/>
  </puzzle>
  <puzzle alive="false">
    <issue href="https://github.com/LarryHsiao/Arete/issues/20" closed="2021-05-16T20:58:17+00:00">20</issue>
    <ticket>32</ticket>
    <estimate>0</estimate>
    <role>DEV</role>
    <id>32-e760e1d5</id>
    <lines>81-81</lines>
    <body>...</body>
    <file>...</file>
    <author>...</author>
    <email>...</email>
    <time>2021-05-16T19:07:14Z</time>
    <children/>
  </puzzle>
  <puzzle alive="false">
    <issue href="https://github.com/LarryHsiao/Arete/issues/21" closed="2021-05-16T20:58:21+00:00">21</issue>
    <ticket>33</ticket>
    <estimate>0</estimate>
    <role>DEV</role>
    <id>33-3d8d6d61</id>
    <lines>82-82</lines>
    <body>...</body>
    <file>...</file>
    <author>...</author>
    <email>...</email>
    <time>2021-05-16T19:07:14Z</time>
    <children/>
  </puzzle>
</puzzles>
