<?xml version="1.0"?>
<puzzles xmlns:xsi="http://www.w3.org/2001/XMLSchema-instance" xsi:noNamespaceSchemaLocation="http://www.0pdd.com/puzzles.xsd" date="2019-12-25T02:25:45+00:00" version="0.30.21">
  <puzzle alive="true">
    <issue href="https://github.com/LarryHsiao/Auxo/issues/7">7</issue>
    <ticket>1</ticket>
    <estimate>0</estimate>
    <role>DEV</role>
    <id>1-3564c389</id>
    <lines>25-25</lines>
    <body>...</body>
    <file>...</file>
    <author>...</author>
    <email>...</email>
    <time>2019-12-24T05:17:33Z</time>
    <children/>
  </puzzle>
</puzzles>
