<?xml version="1.0"?>
<puzzles xmlns:xsi="http://www.w3.org/2001/XMLSchema-instance" xsi:noNamespaceSchemaLocation="http://www.0pdd.com/puzzles.xsd" date="2019-03-31T17:07:21+00:00" version="0.30.16">
  <puzzle alive="true">
    <ticket>1</ticket>
    <estimate>0</estimate>
    <role>DEV</role>
    <id>1-344c5da7</id>
    <lines>34-34</lines>
    <body>...</body>
    <file>...</file>
    <author>...</author>
    <email>...</email>
    <time>2019-03-31T17:07:09Z</time>
    <children/>
    <issue href="https://github.com/LarryHsiao/Ourea/issues/1">1</issue>
  </puzzle>
  <puzzle alive="true">
    <ticket>2</ticket>
    <estimate>0</estimate>
    <role>DEV</role>
    <id>2-a0d3744d</id>
    <lines>35-35</lines>
    <body>...</body>
    <file>...</file>
    <author>...</author>
    <email>...</email>
    <time>2019-03-31T17:07:09Z</time>
    <children/>
    <issue href="https://github.com/LarryHsiao/Ourea/issues/2">2</issue>
  </puzzle>
</puzzles>
