<?xml version="1.0"?>
<puzzles xmlns:xsi="http://www.w3.org/2001/XMLSchema-instance" xsi:noNamespaceSchemaLocation="http://www.0pdd.com/puzzles.xsd" date="2018-02-07T16:00:32+00:00" version="0.28.5">
  <puzzle alive="true">
    <issue href="https://github.com/pchmielowski/dotfiles/issues/11">11</issue>
    <ticket>2</ticket>
    <estimate>0</estimate>
    <role>IMP</role>
    <id>2-2441e45f</id>
    <lines>5-5</lines>
    <body>...</body>
    <file>...</file>
    <author>...</author>
    <email>...</email>
    <time>2017-04-06T11:30:56Z</time>
    <children/>
  </puzzle>
  <puzzle alive="true">
    <issue href="https://github.com/pchmielowski/dotfiles/issues/12">12</issue>
    <ticket>3</ticket>
    <estimate>0</estimate>
    <role>IMP</role>
    <id>3-76963e8d</id>
    <lines>6-6</lines>
    <body>...</body>
    <file>...</file>
    <author>...</author>
    <email>...</email>
    <time>2017-04-06T11:30:56Z</time>
    <children/>
  </puzzle>
  <puzzle alive="true">
    <issue href="https://github.com/pchmielowski/dotfiles/issues/14">14</issue>
    <ticket>1</ticket>
    <estimate>0</estimate>
    <role>IMP</role>
    <id>1-ec948649</id>
    <lines>4-4</lines>
    <body>...</body>
    <file>...</file>
    <author>...</author>
    <email>...</email>
    <time>2017-04-06T11:50:42Z</time>
    <children/>
  </puzzle>
  <puzzle alive="false">
    <issue href="https://github.com/pchmielowski/dotfiles/issues/17" closed="2018-02-07T15:45:42+00:00">17</issue>
    <ticket>4</ticket>
    <estimate>0</estimate>
    <role>IMP</role>
    <id>4-7807c30e</id>
    <lines>105-105</lines>
    <body>...</body>
    <file>...</file>
    <author>...</author>
    <email>...</email>
    <time>2017-04-06T15:05:46Z</time>
    <children/>
  </puzzle>
  <puzzle alive="false">
    <issue href="https://github.com/pchmielowski/dotfiles/issues/18" closed="2018-02-07T15:45:43+00:00">18</issue>
    <ticket>8</ticket>
    <estimate>0</estimate>
    <role>IMP</role>
    <id>8-fc987d01</id>
    <lines>125-125</lines>
    <body>...</body>
    <file>...</file>
    <author>...</author>
    <email>...</email>
    <time>2017-04-06T15:05:46Z</time>
    <children/>
  </puzzle>
  <puzzle alive="false">
    <issue href="https://github.com/pchmielowski/dotfiles/issues/28" closed="2018-02-07T16:00:32+00:00">28</issue>
    <ticket>1</ticket>
    <estimate>0</estimate>
    <role>IMP</role>
    <id>1-7807c30e</id>
    <lines>101-101</lines>
    <body>...</body>
    <file>...</file>
    <author>...</author>
    <email>...</email>
    <time>2017-04-07T14:45:16Z</time>
    <children/>
  </puzzle>
  <puzzle alive="true">
    <issue href="https://github.com/pchmielowski/dotfiles/issues/29">29</issue>
    <ticket>1</ticket>
    <estimate>0</estimate>
    <role>IMP</role>
    <id>1-2c1c89f4</id>
    <lines>132-132</lines>
    <body>...</body>
    <file>...</file>
    <author>...</author>
    <email>...</email>
    <time>2017-04-08T11:58:10Z</time>
    <children/>
  </puzzle>
</puzzles>
