<?xml version="1.0"?>
<puzzles xmlns:xsi="http://www.w3.org/2001/XMLSchema-instance" xsi:noNamespaceSchemaLocation="http://www.0pdd.com/puzzles.xsd" date="2017-11-12T20:47:00+00:00" version="0.25.8">
  <puzzle alive="false">
    <issue href="https://github.com/pchmielowski/MoodOfTheSong/issues/15">15</issue>
    <ticket>0</ticket>
    <estimate>0</estimate>
    <role>IMP</role>
    <id>0-ebf38af4</id>
    <lines>18-18</lines>
    <body>...</body>
    <file>...</file>
    <author>...</author>
    <email>...</email>
    <time>2017-04-08T12:37:21Z</time>
    <children/>
  </puzzle>
  <puzzle alive="false">
    <issue href="https://github.com/pchmielowski/MoodOfTheSong/issues/16">16</issue>
    <ticket>0</ticket>
    <estimate>0</estimate>
    <role>IMP</role>
    <id>0-0df6c1c5</id>
    <lines>41-41</lines>
    <body>...</body>
    <file>...</file>
    <author>...</author>
    <email>...</email>
    <time>2017-04-08T12:37:21Z</time>
    <children/>
  </puzzle>
  <puzzle alive="false">
    <issue href="https://github.com/pchmielowski/MoodOfTheSong/issues/17">17</issue>
    <ticket>0</ticket>
    <estimate>0</estimate>
    <role>IMP</role>
    <id>0-2776c93b</id>
    <lines>101-101</lines>
    <body>...</body>
    <file>...</file>
    <author>...</author>
    <email>...</email>
    <time>2017-04-08T12:37:21Z</time>
    <children/>
  </puzzle>
  <puzzle alive="false">
    <issue href="https://github.com/pchmielowski/MoodOfTheSong/issues/18">18</issue>
    <ticket>0</ticket>
    <estimate>0</estimate>
    <role>IMP</role>
    <id>0-1a6b5bdf</id>
    <lines>102-102</lines>
    <body>...</body>
    <file>...</file>
    <author>...</author>
    <email>...</email>
    <time>2017-04-08T12:37:21Z</time>
    <children/>
  </puzzle>
  <puzzle alive="true">
    <issue href="https://github.com/pchmielowski/MoodOfTheSong/issues/19">19</issue>
    <ticket>0</ticket>
    <estimate>0</estimate>
    <role>IMP</role>
    <id>0-aba931c9</id>
    <lines>103-103</lines>
    <body>...</body>
    <file>...</file>
    <author>...</author>
    <email>...</email>
    <time>2017-04-08T12:37:21Z</time>
    <children/>
  </puzzle>
  <puzzle alive="false">
    <issue href="https://github.com/pchmielowski/MoodOfTheSong/issues/22">22</issue>
    <ticket>0</ticket>
    <estimate>0</estimate>
    <role>IMP</role>
    <id>0-d7fba04f</id>
    <lines>88-88</lines>
    <body>...</body>
    <file>...</file>
    <author>...</author>
    <email>...</email>
    <time>2017-04-08T13:19:18Z</time>
    <children/>
  </puzzle>
  <puzzle alive="false">
    <issue href="https://github.com/pchmielowski/MoodOfTheSong/issues/27">27</issue>
    <ticket>0</ticket>
    <estimate>0</estimate>
    <role>IMP</role>
    <id>0-169743e1</id>
    <lines>14-14</lines>
    <body>...</body>
    <file>...</file>
    <author>...</author>
    <email>...</email>
    <time>2017-04-11T19:25:11Z</time>
    <children/>
  </puzzle>
  <puzzle alive="true">
    <issue href="https://github.com/pchmielowski/MoodOfTheSong/issues/28">28</issue>
    <ticket>0</ticket>
    <estimate>0</estimate>
    <role>IMP</role>
    <id>0-b01178cc</id>
    <lines>9-9</lines>
    <body>...</body>
    <file>...</file>
    <author>...</author>
    <email>...</email>
    <time>2017-04-11T19:25:11Z</time>
    <children/>
  </puzzle>
  <puzzle alive="true">
    <issue href="https://github.com/pchmielowski/MoodOfTheSong/issues/29">29</issue>
    <ticket>0</ticket>
    <estimate>0</estimate>
    <role>IMP</role>
    <id>0-8ab79a22</id>
    <lines>50-50</lines>
    <body>...</body>
    <file>...</file>
    <author>...</author>
    <email>...</email>
    <time>2017-04-11T19:25:11Z</time>
    <children/>
  </puzzle>
  <puzzle alive="true">
    <issue href="https://github.com/pchmielowski/MoodOfTheSong/issues/30">30</issue>
    <ticket>0</ticket>
    <estimate>0</estimate>
    <role>IMP</role>
    <id>0-65e0518f</id>
    <lines>20-20</lines>
    <body>...</body>
    <file>...</file>
    <author>...</author>
    <email>...</email>
    <time>2017-04-11T19:25:11Z</time>
    <children/>
  </puzzle>
  <puzzle alive="false">
    <issue href="https://github.com/pchmielowski/MoodOfTheSong/issues/31">31</issue>
    <ticket>0</ticket>
    <estimate>0</estimate>
    <role>IMP</role>
    <id>0-9e8d743b</id>
    <lines>25-25</lines>
    <body>...</body>
    <file>...</file>
    <author>...</author>
    <email>...</email>
    <time>2017-04-11T19:25:11Z</time>
    <children/>
  </puzzle>
  <puzzle alive="false">
    <issue href="https://github.com/pchmielowski/MoodOfTheSong/issues/34">34</issue>
    <ticket>0</ticket>
    <estimate>0</estimate>
    <role>IMP</role>
    <id>0-31ffb63f</id>
    <lines>32-32</lines>
    <body>...</body>
    <file>...</file>
    <author>...</author>
    <email>...</email>
    <time>2017-04-12T18:22:31Z</time>
    <children/>
  </puzzle>
  <puzzle alive="false">
    <issue href="https://github.com/pchmielowski/MoodOfTheSong/issues/36">36</issue>
    <ticket>0</ticket>
    <estimate>0</estimate>
    <role>IMP</role>
    <id>0-730f7ea0</id>
    <lines>21-21</lines>
    <body>...</body>
    <file>...</file>
    <author>...</author>
    <email>...</email>
    <time>2017-04-14T08:34:37Z</time>
    <children/>
  </puzzle>
  <puzzle alive="true">
    <issue href="https://github.com/pchmielowski/MoodOfTheSong/issues/37">37</issue>
    <ticket>0</ticket>
    <estimate>0</estimate>
    <role>IMP</role>
    <id>0-32dc6f46</id>
    <lines>15-15</lines>
    <body>...</body>
    <file>...</file>
    <author>...</author>
    <email>...</email>
    <time>2017-04-14T08:34:37Z</time>
    <children/>
  </puzzle>
  <puzzle alive="true">
    <issue href="https://github.com/pchmielowski/MoodOfTheSong/issues/38">38</issue>
    <ticket>0</ticket>
    <estimate>0</estimate>
    <role>IMP</role>
    <id>0-d426a831</id>
    <lines>20-21</lines>
    <body>...</body>
    <file>...</file>
    <author>...</author>
    <email>...</email>
    <time>2017-04-14T08:34:37Z</time>
    <children/>
  </puzzle>
  <puzzle alive="true">
    <issue href="https://github.com/pchmielowski/MoodOfTheSong/issues/41">41</issue>
    <ticket>0</ticket>
    <estimate>0</estimate>
    <role>IMP</role>
    <id>0-710de999</id>
    <lines>4-4</lines>
    <body>...</body>
    <file>...</file>
    <author>...</author>
    <email>...</email>
    <time>2017-04-15T13:59:14Z</time>
    <children/>
  </puzzle>
  <puzzle alive="true">
    <issue href="https://github.com/pchmielowski/MoodOfTheSong/issues/42">42</issue>
    <ticket>0</ticket>
    <estimate>0</estimate>
    <role>IMP</role>
    <id>0-03ca4cf3</id>
    <lines>11-11</lines>
    <body>...</body>
    <file>...</file>
    <author>...</author>
    <email>...</email>
    <time>2017-04-15T13:59:14Z</time>
    <children/>
  </puzzle>
  <puzzle alive="true">
    <issue href="https://github.com/pchmielowski/MoodOfTheSong/issues/43">43</issue>
    <ticket>inject</ticket>
    <estimate>0</estimate>
    <role>IMP</role>
    <id>inject-50894a23</id>
    <lines>15-15</lines>
    <body>...</body>
    <file>...</file>
    <author>...</author>
    <email>...</email>
    <time>2017-04-15T13:59:14Z</time>
    <children/>
  </puzzle>
  <puzzle alive="true">
    <issue href="https://github.com/pchmielowski/MoodOfTheSong/issues/48">48</issue>
    <ticket>0</ticket>
    <estimate>0</estimate>
    <role>IMP</role>
    <id>0-8a1e875c</id>
    <lines>15-21</lines>
    <body>...</body>
    <file>...</file>
    <author>...</author>
    <email>...</email>
    <time>2017-04-17T10:52:01Z</time>
    <children/>
  </puzzle>
  <puzzle alive="false">
    <issue href="https://github.com/pchmielowski/MoodOfTheSong/issues/51">51</issue>
    <ticket>0</ticket>
    <estimate>0</estimate>
    <role>IMP</role>
    <id>0-fe22610f</id>
    <lines>54-54</lines>
    <body>...</body>
    <file>...</file>
    <author>...</author>
    <email>...</email>
    <time>2017-05-13T11:26:18Z</time>
    <children/>
  </puzzle>
</puzzles>
