<?xml version="1.0"?>
<puzzles xmlns:xsi="http://www.w3.org/2001/XMLSchema-instance" xsi:noNamespaceSchemaLocation="http://www.0pdd.com/puzzles.xsd" date="2019-04-28T10:35:37+00:00" version="0.30.16">
  <puzzle alive="true">
    <issue href="https://github.com/supakornbabe/data_mining_project/issues/4">4</issue>
    <ticket>1</ticket>
    <estimate>0</estimate>
    <role>DEV</role>
    <id>1-500f1852</id>
    <lines>44-44</lines>
    <body>...</body>
    <file>...</file>
    <author>...</author>
    <email>...</email>
    <time>2019-04-26T10:41:37Z</time>
    <children/>
  </puzzle>
  <puzzle alive="true">
    <issue>unknown</issue>
    <ticket>2</ticket>
    <estimate>0</estimate>
    <role>DEV</role>
    <id>2-f378450a</id>
    <lines>45-45</lines>
    <body>...</body>
    <file>...</file>
    <author>...</author>
    <email>...</email>
    <time>2019-04-28T10:35:24Z</time>
    <children/>
  </puzzle>
  <puzzle alive="true">
    <issue>unknown</issue>
    <ticket>3</ticket>
    <estimate>0</estimate>
    <role>DEV</role>
    <id>3-723ae97f</id>
    <lines>46-46</lines>
    <body>...</body>
    <file>...</file>
    <author>...</author>
    <email>...</email>
    <time>2019-04-28T10:35:24Z</time>
    <children/>
  </puzzle>
</puzzles>
