<?xml version="1.0"?>
<puzzles xmlns:xsi="http://www.w3.org/2001/XMLSchema-instance" xsi:noNamespaceSchemaLocation="http://www.0pdd.com/puzzles.xsd" date="2021-07-02T06:38:37+00:00" version="0.30.23">
  <puzzle alive="true">
    <issue href="https://github.com/polystat/polystat/issues/3">3</issue>
    <ticket>1</ticket>
    <estimate>60</estimate>
    <role>DEV</role>
    <id>1-9db318e4</id>
    <lines>80-83</lines>
    <body>...</body>
    <file>...</file>
    <author>...</author>
    <email>...</email>
    <time>2021-07-02T05:12:09Z</time>
    <children/>
  </puzzle>
  <puzzle alive="true">
    <issue href="https://github.com/polystat/polystat/issues/4">4</issue>
    <ticket>1</ticket>
    <estimate>60</estimate>
    <role>DEV</role>
    <id>1-408fd3a6</id>
    <lines>44-47</lines>
    <body>...</body>
    <file>...</file>
    <author>...</author>
    <email>...</email>
    <time>2021-07-02T05:16:45Z</time>
    <children/>
  </puzzle>
  <puzzle alive="true">
    <issue href="https://github.com/polystat/polystat/issues/5">5</issue>
    <ticket>1</ticket>
    <estimate>60</estimate>
    <role>DEV</role>
    <id>1-f1256350</id>
    <lines>37-39</lines>
    <body>...</body>
    <file>...</file>
    <author>...</author>
    <email>...</email>
    <time>2021-07-02T05:28:46Z</time>
    <children/>
  </puzzle>
  <puzzle alive="true">
    <issue href="https://github.com/polystat/polystat/issues/6">6</issue>
    <ticket>1</ticket>
    <estimate>60</estimate>
    <role>DEV</role>
    <id>1-6f8eb0a3</id>
    <lines>70-76</lines>
    <body>...</body>
    <file>...</file>
    <author>...</author>
    <email>...</email>
    <time>2021-07-02T05:28:46Z</time>
    <children/>
  </puzzle>
  <puzzle alive="true">
    <issue href="https://github.com/polystat/polystat/issues/7">7</issue>
    <ticket>1</ticket>
    <estimate>60</estimate>
    <role>DEV</role>
    <id>1-0cf4e1de</id>
    <lines>34-36</lines>
    <body>...</body>
    <file>...</file>
    <author>...</author>
    <email>...</email>
    <time>2021-07-02T05:30:06Z</time>
    <children/>
  </puzzle>
</puzzles>
