<?xml version="1.0"?>
<puzzles xmlns:xsi="http://www.w3.org/2001/XMLSchema-instance" xsi:noNamespaceSchemaLocation="http://www.0pdd.com/puzzles.xsd" date="2017-12-26T16:47:12+00:00" version="0.28.5">
  <puzzle alive="false">
    <issue href="https://github.com/smallcreep/jb-hub-client/issues/23" closed="2017-11-11T15:42:33+00:00">23</issue>
    <ticket>6</ticket>
    <estimate>15</estimate>
    <role>DEV</role>
    <id>6-b6fff8c8</id>
    <lines>36-38</lines>
    <body>...</body>
    <file>...</file>
    <author>...</author>
    <email>...</email>
    <time>2017-11-11T12:46:47Z</time>
    <children/>
  </puzzle>
  <puzzle alive="false">
    <issue href="https://github.com/smallcreep/jb-hub-client/issues/26" closed="2017-11-13T15:39:56+00:00">26</issue>
    <ticket>6</ticket>
    <estimate>15</estimate>
    <role>DEV</role>
    <id>6-fcc5bbea</id>
    <lines>34-39</lines>
    <body>...</body>
    <file>...</file>
    <author>...</author>
    <email>...</email>
    <time>2017-11-11T16:08:46Z</time>
    <children/>
  </puzzle>
  <puzzle alive="false">
    <issue href="https://github.com/smallcreep/jb-hub-client/issues/27" closed="2017-11-13T14:50:17+00:00">27</issue>
    <ticket>6</ticket>
    <estimate>15</estimate>
    <role>DEV</role>
    <id>6-9e31355b</id>
    <lines>34-36</lines>
    <body>...</body>
    <file>...</file>
    <author>...</author>
    <email>...</email>
    <time>2017-11-11T16:08:46Z</time>
    <children/>
  </puzzle>
  <puzzle alive="false">
    <issue href="https://github.com/smallcreep/jb-hub-client/issues/28" closed="2017-11-11T16:52:57+00:00">28</issue>
    <ticket>6</ticket>
    <estimate>15</estimate>
    <role>DEV</role>
    <id>6-70a37ec0</id>
    <lines>34-36</lines>
    <body>...</body>
    <file>...</file>
    <author>...</author>
    <email>...</email>
    <time>2017-11-11T16:08:46Z</time>
    <children/>
  </puzzle>
  <puzzle alive="false">
    <issue href="https://github.com/smallcreep/jb-hub-client/issues/33" closed="2017-12-03T20:38:30+00:00">33</issue>
    <ticket>9</ticket>
    <estimate>20</estimate>
    <role>DEV</role>
    <id>9-44e5f0f2</id>
    <lines>35-37</lines>
    <body>...</body>
    <file>...</file>
    <author>...</author>
    <email>...</email>
    <time>2017-11-13T21:33:23Z</time>
    <children/>
  </puzzle>
  <puzzle alive="false">
    <issue href="https://github.com/smallcreep/jb-hub-client/issues/34" closed="2017-11-20T15:42:46+00:00">34</issue>
    <ticket>9</ticket>
    <estimate>20</estimate>
    <role>TEST</role>
    <id>9-2c947e12</id>
    <lines>39-41</lines>
    <body>...</body>
    <file>...</file>
    <author>...</author>
    <email>...</email>
    <time>2017-11-13T21:33:23Z</time>
    <children>
      <puzzle alive="false">
        <issue href="https://github.com/smallcreep/jb-hub-client/issues/36" closed="2017-11-21T17:11:46+00:00">36</issue>
        <ticket>34</ticket>
        <estimate>15</estimate>
        <role>DEV</role>
        <id>34-520c215a</id>
        <lines>14-17</lines>
        <body>...</body>
        <file>...</file>
        <author>...</author>
        <email>...</email>
        <time>2017-11-20T15:32:39Z</time>
        <children/>
      </puzzle>
    </children>
  </puzzle>
  <puzzle alive="false">
    <issue href="https://github.com/smallcreep/jb-hub-client/issues/76" closed="2017-12-24T19:46:44+00:00">76</issue>
    <ticket>45</ticket>
    <estimate>30</estimate>
    <role>DEV</role>
    <id>45-577610cc</id>
    <lines>126-128</lines>
    <body>...</body>
    <file>...</file>
    <author>...</author>
    <email>...</email>
    <time>2017-12-19T20:59:31Z</time>
    <children/>
  </puzzle>
  <puzzle alive="true">
    <issue href="https://github.com/smallcreep/jb-hub-client/issues/91">91</issue>
    <ticket>82</ticket>
    <estimate>15</estimate>
    <role>DEV</role>
    <id>82-c3b657ca</id>
    <lines>37-38</lines>
    <body>...</body>
    <file>...</file>
    <author>...</author>
    <email>...</email>
    <time>2017-12-26T15:25:35Z</time>
    <children/>
  </puzzle>
</puzzles>
