<?xml version="1.0"?>
<puzzles xmlns:xsi="http://www.w3.org/2001/XMLSchema-instance" xsi:noNamespaceSchemaLocation="http://www.0pdd.com/puzzles.xsd" date="2020-01-05T14:23:25+00:00" version="0.30.21">
  <puzzle alive="false">
    <issue href="https://github.com/php-coder/mystamps-country/issues/2" closed="2020-01-04T16:45:35+00:00">2</issue>
    <ticket>1</ticket>
    <estimate>0</estimate>
    <role>DEV</role>
    <id>1-b4f4b8f8</id>
    <lines>10-10</lines>
    <body>...</body>
    <file>...</file>
    <author>...</author>
    <email>...</email>
    <time>2019-12-05T23:05:39Z</time>
    <children/>
  </puzzle>
  <puzzle alive="true">
    <issue href="https://github.com/php-coder/mystamps-country/issues/3">3</issue>
    <ticket>1</ticket>
    <estimate>0</estimate>
    <role>DEV</role>
    <id>1-dc444d0d</id>
    <lines>14-14</lines>
    <body>...</body>
    <file>...</file>
    <author>...</author>
    <email>...</email>
    <time>2019-12-05T23:05:39Z</time>
    <children/>
  </puzzle>
  <puzzle alive="true">
    <issue href="https://github.com/php-coder/mystamps-country/issues/4">4</issue>
    <ticket>1</ticket>
    <estimate>0</estimate>
    <role>DEV</role>
    <id>1-17053c05</id>
    <lines>32-32</lines>
    <body>...</body>
    <file>...</file>
    <author>...</author>
    <email>...</email>
    <time>2019-12-05T23:05:39Z</time>
    <children/>
  </puzzle>
  <puzzle alive="false">
    <issue href="https://github.com/php-coder/mystamps-country/issues/5" closed="2020-01-02T22:31:35+00:00">5</issue>
    <ticket>1</ticket>
    <estimate>0</estimate>
    <role>DEV</role>
    <id>1-66be58ad</id>
    <lines>49-49</lines>
    <body>...</body>
    <file>...</file>
    <author>...</author>
    <email>...</email>
    <time>2019-12-05T23:05:39Z</time>
    <children/>
  </puzzle>
  <puzzle alive="true">
    <issue href="https://github.com/php-coder/mystamps-country/issues/6">6</issue>
    <ticket>1</ticket>
    <estimate>0</estimate>
    <role>DEV</role>
    <id>1-7ce40e39</id>
    <lines>50-50</lines>
    <body>...</body>
    <file>...</file>
    <author>...</author>
    <email>...</email>
    <time>2019-12-05T23:05:39Z</time>
    <children/>
  </puzzle>
  <puzzle alive="false">
    <issue href="https://github.com/php-coder/mystamps-country/issues/7" closed="2019-12-11T23:07:20+00:00">7</issue>
    <ticket>1</ticket>
    <estimate>0</estimate>
    <role>DEV</role>
    <id>1-a33c1958</id>
    <lines>51-51</lines>
    <body>...</body>
    <file>...</file>
    <author>...</author>
    <email>...</email>
    <time>2019-12-05T23:05:39Z</time>
    <children/>
  </puzzle>
  <puzzle alive="true">
    <issue href="https://github.com/php-coder/mystamps-country/issues/16">16</issue>
    <ticket>1</ticket>
    <estimate>0</estimate>
    <role>DEV</role>
    <id>1-d3517f90</id>
    <lines>12-12</lines>
    <body>...</body>
    <file>...</file>
    <author>...</author>
    <email>...</email>
    <time>2020-01-04T16:36:04Z</time>
    <children/>
  </puzzle>
</puzzles>
