<?xml version="1.0"?>
<puzzles xmlns:xsi="http://www.w3.org/2001/XMLSchema-instance" xsi:noNamespaceSchemaLocation="http://www.0pdd.com/puzzles.xsd" date="2018-02-08T01:20:46+00:00" version="0.28.5">
  <puzzle alive="true">
    <issue href="https://github.com/SOOlutions/HomeTaskApp/issues/12">12</issue>
    <ticket>2</ticket>
    <estimate>15</estimate>
    <role>DEV</role>
    <id>2-a973335b</id>
    <lines>4-4</lines>
    <body>...</body>
    <file>...</file>
    <author>...</author>
    <email>...</email>
    <time>2018-02-05T20:39:08Z</time>
    <children/>
  </puzzle>
</puzzles>
