<?xml version="1.0"?>
<puzzles xmlns:xsi="http://www.w3.org/2001/XMLSchema-instance" xsi:noNamespaceSchemaLocation="http://www.0pdd.com/puzzles.xsd" date="2019-04-30T05:51:43+00:00" version="0.30.16">
  <puzzle alive="false">
    <issue>unknown</issue>
    <ticket>1</ticket>
    <estimate>0</estimate>
    <role>DEV</role>
    <id>1-d5473f3b</id>
    <lines>12-12</lines>
    <body>...</body>
    <file>...</file>
    <author>...</author>
    <email>...</email>
    <time>2019-02-12T08:51:52Z</time>
    <children/>
  </puzzle>
  <puzzle alive="false">
    <issue href="https://github.com/miroque/fast-cook/issues/6" closed="2019-02-13T10:41:03+00:00">6</issue>
    <ticket>2</ticket>
    <estimate>0</estimate>
    <role>DEV</role>
    <id>2-5bc1e27e</id>
    <lines>21-21</lines>
    <body>...</body>
    <file>...</file>
    <author>...</author>
    <email>...</email>
    <time>2019-02-12T09:08:58Z</time>
    <children/>
  </puzzle>
  <puzzle alive="false">
    <issue href="https://github.com/miroque/fast-cook/issues/7" closed="2019-02-14T03:26:27+00:00">7</issue>
    <ticket>1</ticket>
    <estimate>0</estimate>
    <role>DEV</role>
    <id>1-50a0c233</id>
    <lines>9-9</lines>
    <body>...</body>
    <file>...</file>
    <author>...</author>
    <email>...</email>
    <time>2019-02-12T09:20:34Z</time>
    <children/>
  </puzzle>
  <puzzle alive="false">
    <issue href="https://github.com/miroque/fast-cook/issues/8" closed="2019-02-13T10:41:06+00:00">8</issue>
    <ticket>1</ticket>
    <estimate>0</estimate>
    <role>DEV</role>
    <id>1-9f187a44</id>
    <lines>14-14</lines>
    <body>...</body>
    <file>...</file>
    <author>...</author>
    <email>...</email>
    <time>2019-02-12T09:20:34Z</time>
    <children/>
  </puzzle>
  <puzzle alive="false">
    <issue href="https://github.com/miroque/fast-cook/issues/10" closed="2019-02-18T02:34:15+00:00">10</issue>
    <ticket>9</ticket>
    <estimate>0</estimate>
    <role>DEV</role>
    <id>9-4ca69dfc</id>
    <lines>35-35</lines>
    <body>...</body>
    <file>...</file>
    <author>...</author>
    <email>...</email>
    <time>2019-02-14T05:29:34Z</time>
    <children/>
  </puzzle>
  <puzzle alive="true">
    <issue href="https://github.com/miroque/fast-cook/issues/11">11</issue>
    <ticket>3</ticket>
    <estimate>0</estimate>
    <role>DEV</role>
    <id>3-cc6f0fac</id>
    <lines>56-56</lines>
    <body>...</body>
    <file>...</file>
    <author>...</author>
    <email>...</email>
    <time>2019-02-28T03:55:54Z</time>
    <children/>
  </puzzle>
</puzzles>
