<?xml version="1.0"?>
<puzzles xmlns:xsi="http://www.w3.org/2001/XMLSchema-instance" xsi:noNamespaceSchemaLocation="http://www.0pdd.com/puzzles.xsd" date="2021-02-05T17:34:15+00:00" version="0.30.22">
  <puzzle alive="true">
    <ticket>1</ticket>
    <estimate>0</estimate>
    <role>DEV</role>
    <id>1-d068bdd7</id>
    <lines>1-1</lines>
    <body>...</body>
    <file>...</file>
    <author>...</author>
    <email>...</email>
    <time>2021-02-05T17:33:19Z</time>
    <children/>
    <issue href="https://github.com/qapquiz/do-something/issues/1">1</issue>
  </puzzle>
</puzzles>
