<?xml version="1.0"?>
<puzzles xmlns:xsi="http://www.w3.org/2001/XMLSchema-instance" xsi:noNamespaceSchemaLocation="http://www.0pdd.com/puzzles.xsd" date="2019-04-09T11:06:23+00:00" version="0.30.16">
  <puzzle alive="true">
    <ticket>1</ticket>
    <estimate>0</estimate>
    <role>DEV</role>
    <id>1-a0c7174a</id>
    <lines>6-9</lines>
    <body>...</body>
    <file>...</file>
    <author>...</author>
    <email>...</email>
    <time>2019-04-09T11:06:13Z</time>
    <children/>
    <issue href="https://github.com/qapquiz/TestPDD/issues/1">1</issue>
  </puzzle>
</puzzles>
