<?xml version="1.0"?>
<puzzles xmlns:xsi="http://www.w3.org/2001/XMLSchema-instance" xsi:noNamespaceSchemaLocation="http://www.0pdd.com/puzzles.xsd" date="2020-06-18T20:37:35+00:00" version="0.30.21">
  <puzzle alive="false">
    <issue href="https://github.com/Mentorioum/mentorioum-platform/issues/2" closed="2020-06-14T16:41:57+00:00">2</issue>
    <ticket>1</ticket>
    <estimate>0</estimate>
    <role>DEV</role>
    <id>1-2f4fc159</id>
    <lines>84-84</lines>
    <body>...</body>
    <file>...</file>
    <author>...</author>
    <email>...</email>
    <time>2020-05-30T07:13:34Z</time>
    <children/>
  </puzzle>
  <puzzle alive="true">
    <issue href="https://github.com/Mentorioum/mentorioum-platform/issues/3">3</issue>
    <ticket>1</ticket>
    <estimate>55</estimate>
    <role>DEV</role>
    <id>1-9247272c</id>
    <lines>24-26</lines>
    <body>...</body>
    <file>...</file>
    <author>...</author>
    <email>...</email>
    <time>2020-05-30T07:20:04Z</time>
    <children/>
  </puzzle>
  <puzzle alive="true">
    <issue href="https://github.com/Mentorioum/mentorioum-platform/issues/4">4</issue>
    <ticket>1</ticket>
    <estimate>55</estimate>
    <role>DEV</role>
    <id>1-5bf5d879</id>
    <lines>6-7</lines>
    <body>...</body>
    <file>...</file>
    <author>...</author>
    <email>...</email>
    <time>2020-05-30T07:24:37Z</time>
    <children/>
  </puzzle>
  <puzzle alive="true">
    <issue href="https://github.com/Mentorioum/mentorioum-platform/issues/5">5</issue>
    <ticket>1</ticket>
    <estimate>15</estimate>
    <role>DEV</role>
    <id>1-7ac8819a</id>
    <lines>20-20</lines>
    <body>...</body>
    <file>...</file>
    <author>...</author>
    <email>...</email>
    <time>2020-05-30T07:20:04Z</time>
    <children/>
  </puzzle>
  <puzzle alive="true">
    <issue href="https://github.com/Mentorioum/mentorioum-platform/issues/6">6</issue>
    <ticket>1</ticket>
    <estimate>0</estimate>
    <role>DEV</role>
    <id>1-f105dc40</id>
    <lines>10-10</lines>
    <body>...</body>
    <file>...</file>
    <author>...</author>
    <email>...</email>
    <time>2020-05-30T07:13:34Z</time>
    <children/>
  </puzzle>
  <puzzle alive="true">
    <issue href="https://github.com/Mentorioum/mentorioum-platform/issues/7">7</issue>
    <ticket>1</ticket>
    <estimate>45</estimate>
    <role>DEV</role>
    <id>1-78ea7b97</id>
    <lines>47-48</lines>
    <body>...</body>
    <file>...</file>
    <author>...</author>
    <email>...</email>
    <time>2020-05-30T07:30:17Z</time>
    <children/>
  </puzzle>
  <puzzle alive="true">
    <issue href="https://github.com/Mentorioum/mentorioum-platform/issues/8">8</issue>
    <ticket>1</ticket>
    <estimate>30</estimate>
    <role>DEV</role>
    <id>1-a3f260bb</id>
    <lines>35-36</lines>
    <body>...</body>
    <file>...</file>
    <author>...</author>
    <email>...</email>
    <time>2020-05-30T07:30:17Z</time>
    <children/>
  </puzzle>
  <puzzle alive="true">
    <issue href="https://github.com/Mentorioum/mentorioum-platform/issues/9">9</issue>
    <ticket>1</ticket>
    <estimate>45</estimate>
    <role>DEV</role>
    <id>1-1c542a2b</id>
    <lines>5-7</lines>
    <body>...</body>
    <file>...</file>
    <author>...</author>
    <email>...</email>
    <time>2020-05-30T07:30:17Z</time>
    <children/>
  </puzzle>
  <puzzle alive="false">
    <issue href="https://github.com/Mentorioum/mentorioum-platform/issues/12" closed="2020-06-18T20:37:24+00:00">12</issue>
    <ticket>11</ticket>
    <estimate>55</estimate>
    <role>DEV</role>
    <id>11-492c48e6</id>
    <lines>16-16</lines>
    <body>...</body>
    <file>...</file>
    <author>...</author>
    <email>...</email>
    <time>2020-05-30T09:07:32Z</time>
    <children>
      <puzzle alive="true">
        <ticket>12</ticket>
        <estimate>60</estimate>
        <role>DEV</role>
        <id>12-ec28fd76</id>
        <lines>24-25</lines>
        <body>...</body>
        <file>...</file>
        <author>...</author>
        <email>...</email>
        <time>2020-06-18T20:29:37Z</time>
        <children/>
        <issue href="https://github.com/Mentorioum/mentorioum-platform/issues/21">21</issue>
      </puzzle>
      <puzzle alive="true">
        <ticket>12</ticket>
        <estimate>60</estimate>
        <role>DEV</role>
        <id>12-d220f026</id>
        <lines>20-21</lines>
        <body>...</body>
        <file>...</file>
        <author>...</author>
        <email>...</email>
        <time>2020-06-18T20:25:45Z</time>
        <children/>
        <issue href="https://github.com/Mentorioum/mentorioum-platform/issues/22">22</issue>
      </puzzle>
    </children>
  </puzzle>
  <puzzle alive="true">
    <issue href="https://github.com/Mentorioum/mentorioum-platform/issues/13">13</issue>
    <ticket>11</ticket>
    <estimate>55</estimate>
    <role>DEV</role>
    <id>11-5f78fe33</id>
    <lines>16-16</lines>
    <body>...</body>
    <file>...</file>
    <author>...</author>
    <email>...</email>
    <time>2020-05-30T09:07:32Z</time>
    <children/>
  </puzzle>
  <puzzle alive="false">
    <issue href="https://github.com/Mentorioum/mentorioum-platform/issues/15" closed="2020-06-14T16:42:03+00:00">15</issue>
    <ticket>10</ticket>
    <estimate>50</estimate>
    <role>DEV</role>
    <id>10-1d9136ab</id>
    <lines>85-86</lines>
    <body>...</body>
    <file>...</file>
    <author>...</author>
    <email>...</email>
    <time>2020-06-04T15:28:47Z</time>
    <children>
      <puzzle alive="true">
        <issue href="https://github.com/Mentorioum/mentorioum-platform/issues/17">17</issue>
        <ticket>15</ticket>
        <estimate>35</estimate>
        <role>DEV</role>
        <id>15-598abdc0</id>
        <lines>49-49</lines>
        <body>...</body>
        <file>...</file>
        <author>...</author>
        <email>...</email>
        <time>2020-06-13T20:53:51Z</time>
        <children/>
      </puzzle>
      <puzzle alive="true">
        <issue href="https://github.com/Mentorioum/mentorioum-platform/issues/18">18</issue>
        <ticket>15</ticket>
        <estimate>20</estimate>
        <role>DEV</role>
        <id>15-59ccec4f</id>
        <lines>26-26</lines>
        <body>...</body>
        <file>...</file>
        <author>...</author>
        <email>...</email>
        <time>2020-06-13T20:14:27Z</time>
        <children/>
      </puzzle>
    </children>
  </puzzle>
</puzzles>
