<?xml version="1.0"?>
<puzzles xmlns:xsi="http://www.w3.org/2001/XMLSchema-instance" xsi:noNamespaceSchemaLocation="http://www.0pdd.com/puzzles.xsd" date="2019-12-26T11:56:39+00:00" version="0.30.21">
  <puzzle alive="true">
    <ticket>39</ticket>
    <estimate>60</estimate>
    <role>DEV</role>
    <id>39-c872791a</id>
    <lines>2-8</lines>
    <body>...</body>
    <file>...</file>
    <author>...</author>
    <email>...</email>
    <time>2019-12-26T11:53:13Z</time>
    <children/>
    <issue href="https://github.com/Mentorioum/reactjs-web-app-mentorium/issues/42">42</issue>
  </puzzle>
</puzzles>
