<?xml version="1.0"?>
<puzzles xmlns:xsi="http://www.w3.org/2001/XMLSchema-instance" xsi:noNamespaceSchemaLocation="http://www.0pdd.com/puzzles.xsd" date="2018-07-18T21:26:37+00:00" version="0.30.3">
  <puzzle alive="true">
    <issue>unknown</issue>
    <ticket>165</ticket>
    <estimate>0</estimate>
    <role>DEV</role>
    <id>165-87a3cb52</id>
    <lines>27-27</lines>
    <body>...</body>
    <file>...</file>
    <author>...</author>
    <email>...</email>
    <time>2018-07-18T21:22:35Z</time>
    <children/>
  </puzzle>
  <puzzle alive="true">
    <issue>unknown</issue>
    <ticket>165</ticket>
    <estimate>0</estimate>
    <role>DEV</role>
    <id>165-4d4e7dc8</id>
    <lines>13-13</lines>
    <body>...</body>
    <file>...</file>
    <author>...</author>
    <email>...</email>
    <time>2018-07-18T21:22:35Z</time>
    <children/>
  </puzzle>
</puzzles>
