<?xml version="1.0"?>
<puzzles xmlns:xsi="http://www.w3.org/2001/XMLSchema-instance" xsi:noNamespaceSchemaLocation="http://www.0pdd.com/puzzles.xsd" date="2020-02-04T19:33:56+00:00" version="0.30.21">
  <puzzle alive="false">
    <issue href="https://github.com/proshin-roman/finapi-java-client/issues/13" closed="2018-11-05T12:23:57+00:00">13</issue>
    <ticket>8</ticket>
    <estimate>0</estimate>
    <role>DEV</role>
    <id>8-13f76134</id>
    <lines>23-24</lines>
    <body>...</body>
    <file>...</file>
    <author>...</author>
    <email>...</email>
    <time>2018-08-25T14:07:57Z</time>
    <children/>
  </puzzle>
  <puzzle alive="false">
    <issue href="https://github.com/proshin-roman/finapi-java-client/issues/14" closed="2018-11-05T12:23:59+00:00">14</issue>
    <ticket>8</ticket>
    <estimate>30</estimate>
    <role>DEV</role>
    <id>8-aa4baa15</id>
    <lines>21-21</lines>
    <body>...</body>
    <file>...</file>
    <author>...</author>
    <email>...</email>
    <time>2018-08-25T13:58:12Z</time>
    <children>
      <puzzle alive="true">
        <issue href="https://github.com/proshin-roman/finapi-java-client/issues/37">37</issue>
        <ticket>14</ticket>
        <estimate>0</estimate>
        <role>DEV</role>
        <id>14-fde3094d</id>
        <lines>21-23</lines>
        <body>...</body>
        <file>...</file>
        <author>...</author>
        <email>...</email>
        <time>2018-08-26T14:27:09Z</time>
        <children/>
      </puzzle>
      <puzzle alive="false">
        <issue href="https://github.com/proshin-roman/finapi-java-client/issues/38" closed="2018-10-13T19:42:24+00:00">38</issue>
        <ticket>14</ticket>
        <estimate>0</estimate>
        <role>DEV</role>
        <id>14-3c717faa</id>
        <lines>47-47</lines>
        <body>...</body>
        <file>...</file>
        <author>...</author>
        <email>...</email>
        <time>2018-08-26T14:32:34Z</time>
        <children>
          <puzzle alive="false">
            <issue href="https://github.com/proshin-roman/finapi-java-client/issues/42" closed="2019-05-01T20:05:09+00:00">42</issue>
            <ticket>38</ticket>
            <estimate>0</estimate>
            <role>DEV</role>
            <id>38-5fdcd749</id>
            <lines>22-22</lines>
            <body>...</body>
            <file>...</file>
            <author>...</author>
            <email>...</email>
            <time>2018-10-13T19:34:56Z</time>
            <children/>
          </puzzle>
          <puzzle alive="false">
            <issue href="https://github.com/proshin-roman/finapi-java-client/issues/43" closed="2019-01-19T13:30:30+00:00">43</issue>
            <ticket>38</ticket>
            <estimate>0</estimate>
            <role>DEV</role>
            <id>38-627238dd</id>
            <lines>25-25</lines>
            <body>...</body>
            <file>...</file>
            <author>...</author>
            <email>...</email>
            <time>2018-10-13T19:34:56Z</time>
            <children/>
          </puzzle>
        </children>
      </puzzle>
      <puzzle alive="false">
        <issue href="https://github.com/proshin-roman/finapi-java-client/issues/74" closed="2019-05-01T20:36:07+00:00">74</issue>
        <ticket>14</ticket>
        <estimate>0</estimate>
        <role>DEV</role>
        <id>14-3e81ebaf</id>
        <lines>22-22</lines>
        <body>...</body>
        <file>...</file>
        <author>...</author>
        <email>...</email>
        <time>2018-11-05T12:19:45Z</time>
        <children/>
      </puzzle>
    </children>
  </puzzle>
  <puzzle alive="true">
    <issue>unknown</issue>
    <ticket>16</ticket>
    <estimate>0</estimate>
    <role>DEV</role>
    <id>16-d1c62362</id>
    <lines>119-119</lines>
    <body>...</body>
    <file>...</file>
    <author>...</author>
    <email>...</email>
    <time>2018-08-25T19:30:20Z</time>
    <children/>
  </puzzle>
  <puzzle alive="false">
    <issue href="https://github.com/proshin-roman/finapi-java-client/issues/34" closed="2019-05-01T12:27:34+00:00">34</issue>
    <ticket>32</ticket>
    <estimate>0</estimate>
    <role>DEV</role>
    <id>32-187cdbbc</id>
    <lines>86-86</lines>
    <body>...</body>
    <file>...</file>
    <author>...</author>
    <email>...</email>
    <time>2018-08-26T13:02:49Z</time>
    <children/>
  </puzzle>
  <puzzle alive="false">
    <issue href="https://github.com/proshin-roman/finapi-java-client/issues/46" closed="2019-02-16T11:01:43+00:00">46</issue>
    <ticket>20</ticket>
    <estimate>0</estimate>
    <role>DEV</role>
    <id>20-cd0c1d70</id>
    <lines>36-36</lines>
    <body>...</body>
    <file>...</file>
    <author>...</author>
    <email>...</email>
    <time>2018-10-13T21:04:14Z</time>
    <children>
      <puzzle alive="false">
        <issue href="https://github.com/proshin-roman/finapi-java-client/issues/122" closed="2019-02-16T11:15:15+00:00">122</issue>
        <ticket>46</ticket>
        <estimate>0</estimate>
        <role>DEV</role>
        <id>46-9714cd58</id>
        <lines>131-132</lines>
        <body>...</body>
        <file>...</file>
        <author>...</author>
        <email>...</email>
        <time>2019-02-16T10:55:23Z</time>
        <children/>
      </puzzle>
      <puzzle alive="false">
        <issue href="https://github.com/proshin-roman/finapi-java-client/issues/123" closed="2019-05-01T19:53:43+00:00">123</issue>
        <ticket>46</ticket>
        <estimate>0</estimate>
        <role>DEV</role>
        <id>46-db29cf43</id>
        <lines>453-454</lines>
        <body>...</body>
        <file>...</file>
        <author>...</author>
        <email>...</email>
        <time>2019-02-16T10:55:23Z</time>
        <children/>
      </puzzle>
    </children>
  </puzzle>
  <puzzle alive="false">
    <issue href="https://github.com/proshin-roman/finapi-java-client/issues/47" closed="2019-05-01T19:53:44+00:00">47</issue>
    <ticket>20</ticket>
    <estimate>0</estimate>
    <role>DEV</role>
    <id>20-04e79bd8</id>
    <lines>45-45</lines>
    <body>...</body>
    <file>...</file>
    <author>...</author>
    <email>...</email>
    <time>2018-10-13T21:04:14Z</time>
    <children/>
  </puzzle>
  <puzzle alive="false">
    <issue>unknown</issue>
    <ticket>19</ticket>
    <estimate>0</estimate>
    <role>DEV</role>
    <id>19-99ebf4c3</id>
    <lines>29-29</lines>
    <body>...</body>
    <file>...</file>
    <author>...</author>
    <email>...</email>
    <time>2018-10-24T08:42:17Z</time>
    <children/>
  </puzzle>
  <puzzle alive="false">
    <issue href="https://github.com/proshin-roman/finapi-java-client/issues/69" closed="2019-01-19T13:47:45+00:00">69</issue>
    <ticket>21</ticket>
    <estimate>0</estimate>
    <role>DEV</role>
    <id>21-a5443397</id>
    <lines>40-40</lines>
    <body>...</body>
    <file>...</file>
    <author>...</author>
    <email>...</email>
    <time>2018-10-24T21:19:00Z</time>
    <children>
      <puzzle alive="true">
        <issue href="https://github.com/proshin-roman/finapi-java-client/issues/108">108</issue>
        <ticket>69</ticket>
        <estimate>0</estimate>
        <role>DEV</role>
        <id>69-65086ef3</id>
        <lines>62-63</lines>
        <body>...</body>
        <file>...</file>
        <author>...</author>
        <email>...</email>
        <time>2019-01-19T13:38:35Z</time>
        <children/>
      </puzzle>
      <puzzle alive="false">
        <issue href="https://github.com/proshin-roman/finapi-java-client/issues/109" closed="2019-05-01T22:20:53+00:00">109</issue>
        <ticket>69</ticket>
        <estimate>0</estimate>
        <role>DEV</role>
        <id>69-1c011289</id>
        <lines>163-164</lines>
        <body>...</body>
        <file>...</file>
        <author>...</author>
        <email>...</email>
        <time>2019-01-19T13:38:35Z</time>
        <children/>
      </puzzle>
    </children>
  </puzzle>
  <puzzle alive="false">
    <issue>unknown</issue>
    <ticket>21</ticket>
    <estimate>0</estimate>
    <role>DEV</role>
    <id>21-cc2d2d03</id>
    <lines>170-170</lines>
    <body>...</body>
    <file>...</file>
    <author>...</author>
    <email>...</email>
    <time>2018-10-24T21:19:00Z</time>
    <children/>
  </puzzle>
  <puzzle alive="false">
    <issue>unknown</issue>
    <ticket>21</ticket>
    <estimate>0</estimate>
    <role>DEV</role>
    <id>21-829188e3</id>
    <lines>178-178</lines>
    <body>...</body>
    <file>...</file>
    <author>...</author>
    <email>...</email>
    <time>2018-10-24T21:19:00Z</time>
    <children/>
  </puzzle>
  <puzzle alive="true">
    <issue href="https://github.com/proshin-roman/finapi-java-client/issues/70">70</issue>
    <ticket>21</ticket>
    <estimate>0</estimate>
    <role>DEV</role>
    <id>21-51ebd5b2</id>
    <lines>19-19</lines>
    <body>...</body>
    <file>...</file>
    <author>...</author>
    <email>...</email>
    <time>2018-10-24T21:19:00Z</time>
    <children/>
  </puzzle>
  <puzzle alive="false">
    <issue href="https://github.com/proshin-roman/finapi-java-client/issues/71" closed="2019-04-21T13:58:34+00:00">71</issue>
    <ticket>21</ticket>
    <estimate>0</estimate>
    <role>DEV</role>
    <id>21-ebdc1456</id>
    <lines>26-26</lines>
    <body>...</body>
    <file>...</file>
    <author>...</author>
    <email>...</email>
    <time>2018-10-24T21:19:00Z</time>
    <children/>
  </puzzle>
  <puzzle alive="false">
    <issue>unknown</issue>
    <ticket>21</ticket>
    <estimate>0</estimate>
    <role>DEV</role>
    <id>21-c7c28d57</id>
    <lines>68-68</lines>
    <body>...</body>
    <file>...</file>
    <author>...</author>
    <email>...</email>
    <time>2018-10-24T21:19:00Z</time>
    <children/>
  </puzzle>
  <puzzle alive="true">
    <issue href="https://github.com/proshin-roman/finapi-java-client/issues/81">81</issue>
    <ticket>77</ticket>
    <estimate>0</estimate>
    <role>DEV</role>
    <id>77-c5cfef39</id>
    <lines>23-23</lines>
    <body>...</body>
    <file>...</file>
    <author>...</author>
    <email>...</email>
    <time>2018-11-05T15:26:22Z</time>
    <children/>
  </puzzle>
  <puzzle alive="false">
    <issue href="https://github.com/proshin-roman/finapi-java-client/issues/138" closed="2019-02-16T13:49:26+00:00">138</issue>
    <ticket>130</ticket>
    <estimate>0</estimate>
    <role>DEV</role>
    <id>130-4183f3d2</id>
    <lines>24-24</lines>
    <body>...</body>
    <file>...</file>
    <author>...</author>
    <email>...</email>
    <time>2019-02-16T13:03:12Z</time>
    <children/>
  </puzzle>
  <puzzle alive="false">
    <issue href="https://github.com/proshin-roman/finapi-java-client/issues/139" closed="2019-02-16T14:27:53+00:00">139</issue>
    <ticket>130</ticket>
    <estimate>0</estimate>
    <role>DEV</role>
    <id>130-c3cfd35c</id>
    <lines>74-74</lines>
    <body>...</body>
    <file>...</file>
    <author>...</author>
    <email>...</email>
    <time>2019-02-16T13:03:12Z</time>
    <children>
      <puzzle alive="false">
        <issue href="https://github.com/proshin-roman/finapi-java-client/issues/143" closed="2019-05-01T22:20:55+00:00">143</issue>
        <ticket>139</ticket>
        <estimate>0</estimate>
        <role>DEV</role>
        <id>139-69030b2f</id>
        <lines>30-31</lines>
        <body>...</body>
        <file>...</file>
        <author>...</author>
        <email>...</email>
        <time>2019-02-16T14:21:41Z</time>
        <children/>
      </puzzle>
    </children>
  </puzzle>
  <puzzle alive="true">
    <issue href="https://github.com/proshin-roman/finapi-java-client/issues/169">169</issue>
    <ticket>164</ticket>
    <estimate>0</estimate>
    <role>DEV</role>
    <id>164-3cefcf91</id>
    <lines>103-104</lines>
    <body>...</body>
    <file>...</file>
    <author>...</author>
    <email>...</email>
    <time>2019-04-21T11:56:41Z</time>
    <children/>
  </puzzle>
  <puzzle alive="true">
    <issue href="https://github.com/proshin-roman/finapi-java-client/issues/170">170</issue>
    <ticket>164</ticket>
    <estimate>0</estimate>
    <role>DEV</role>
    <id>164-4f8bbc5d</id>
    <lines>23-24</lines>
    <body>...</body>
    <file>...</file>
    <author>...</author>
    <email>...</email>
    <time>2019-04-21T11:56:41Z</time>
    <children/>
  </puzzle>
  <puzzle alive="false">
    <issue href="https://github.com/proshin-roman/finapi-java-client/issues/261" closed="2020-02-04T19:33:44+00:00">261</issue>
    <ticket>240</ticket>
    <estimate>0</estimate>
    <role>DEV</role>
    <id>240-0a8671b5</id>
    <lines>21-21</lines>
    <body>...</body>
    <file>...</file>
    <author>...</author>
    <email>...</email>
    <time>2019-12-26T16:14:24Z</time>
    <children/>
  </puzzle>
  <puzzle alive="false">
    <issue href="https://github.com/proshin-roman/finapi-java-client/issues/262" closed="2020-02-04T19:33:50+00:00">262</issue>
    <ticket>240</ticket>
    <estimate>0</estimate>
    <role>DEV</role>
    <id>240-f094b8d9</id>
    <lines>23-23</lines>
    <body>...</body>
    <file>...</file>
    <author>...</author>
    <email>...</email>
    <time>2019-12-26T16:14:24Z</time>
    <children/>
  </puzzle>
  <puzzle alive="false">
    <issue href="https://github.com/proshin-roman/finapi-java-client/issues/263" closed="2020-02-04T19:33:56+00:00">263</issue>
    <ticket>240</ticket>
    <estimate>0</estimate>
    <role>DEV</role>
    <id>240-1cce1227</id>
    <lines>23-23</lines>
    <body>...</body>
    <file>...</file>
    <author>...</author>
    <email>...</email>
    <time>2019-12-26T16:14:24Z</time>
    <children/>
  </puzzle>
  <puzzle alive="false">
    <issue href="https://github.com/proshin-roman/finapi-java-client/issues/264" closed="2020-01-21T22:17:17+00:00">264</issue>
    <ticket>240</ticket>
    <estimate>0</estimate>
    <role>DEV</role>
    <id>240-aa44702e</id>
    <lines>21-21</lines>
    <body>...</body>
    <file>...</file>
    <author>...</author>
    <email>...</email>
    <time>2019-12-26T16:14:24Z</time>
    <children/>
  </puzzle>
  <puzzle alive="false">
    <issue href="https://github.com/proshin-roman/finapi-java-client/issues/265" closed="2020-01-21T22:10:37+00:00">265</issue>
    <ticket>240</ticket>
    <estimate>0</estimate>
    <role>DEV</role>
    <id>240-151bdcb9</id>
    <lines>28-28</lines>
    <body>...</body>
    <file>...</file>
    <author>...</author>
    <email>...</email>
    <time>2019-12-26T16:14:24Z</time>
    <children/>
  </puzzle>
  <puzzle alive="false">
    <issue href="https://github.com/proshin-roman/finapi-java-client/issues/266" closed="2020-01-21T21:33:56+00:00">266</issue>
    <ticket>240</ticket>
    <estimate>0</estimate>
    <role>DEV</role>
    <id>240-b59b1e87</id>
    <lines>23-23</lines>
    <body>...</body>
    <file>...</file>
    <author>...</author>
    <email>...</email>
    <time>2019-12-26T16:14:24Z</time>
    <children/>
  </puzzle>
  <puzzle alive="false">
    <issue href="https://github.com/proshin-roman/finapi-java-client/issues/267" closed="2020-01-21T21:20:23+00:00">267</issue>
    <ticket>240</ticket>
    <estimate>0</estimate>
    <role>DEV</role>
    <id>240-b8d747ad</id>
    <lines>21-21</lines>
    <body>...</body>
    <file>...</file>
    <author>...</author>
    <email>...</email>
    <time>2019-12-26T16:14:24Z</time>
    <children/>
  </puzzle>
  <puzzle alive="false">
    <issue href="https://github.com/proshin-roman/finapi-java-client/issues/268" closed="2020-01-21T21:13:37+00:00">268</issue>
    <ticket>240</ticket>
    <estimate>0</estimate>
    <role>DEV</role>
    <id>240-1a46962f</id>
    <lines>21-21</lines>
    <body>...</body>
    <file>...</file>
    <author>...</author>
    <email>...</email>
    <time>2019-12-26T16:14:24Z</time>
    <children/>
  </puzzle>
</puzzles>
