<?xml version="1.0"?>
<puzzles xmlns:xsi="http://www.w3.org/2001/XMLSchema-instance" xsi:noNamespaceSchemaLocation="http://www.0pdd.com/puzzles.xsd" date="2019-04-10T23:40:59+00:00" version="0.30.16">
  <puzzle alive="true">
    <issue href="https://github.com/bryanapperson/blog/issues/14">14</issue>
    <ticket>1</ticket>
    <estimate>30</estimate>
    <role>DEV</role>
    <id>1-cc38f9d8</id>
    <lines>6-6</lines>
    <body>...</body>
    <file>...</file>
    <author>...</author>
    <email>...</email>
    <time>2019-04-03T23:20:40Z</time>
    <children/>
  </puzzle>
  <puzzle alive="true">
    <issue href="https://github.com/bryanapperson/blog/issues/16">16</issue>
    <ticket>1</ticket>
    <estimate>30</estimate>
    <role>DEV</role>
    <id>1-1c54f3a0</id>
    <lines>6-6</lines>
    <body>...</body>
    <file>...</file>
    <author>...</author>
    <email>...</email>
    <time>2019-04-03T23:24:30Z</time>
    <children/>
  </puzzle>
  <puzzle alive="false">
    <issue href="https://github.com/bryanapperson/blog/issues/19" closed="2019-04-06T18:46:40+00:00">19</issue>
    <ticket>1</ticket>
    <estimate>60</estimate>
    <role>DEV</role>
    <id>1-ecc1d8cd</id>
    <lines>16-16</lines>
    <body>...</body>
    <file>...</file>
    <author>...</author>
    <email>...</email>
    <time>2019-04-04T02:57:12Z</time>
    <children/>
  </puzzle>
  <puzzle alive="true">
    <issue href="https://github.com/bryanapperson/blog/issues/22">22</issue>
    <ticket>2</ticket>
    <estimate>30</estimate>
    <role>DEV</role>
    <id>2-9b7768ff</id>
    <lines>27-27</lines>
    <body>...</body>
    <file>...</file>
    <author>...</author>
    <email>...</email>
    <time>2019-04-06T01:49:00Z</time>
    <children/>
  </puzzle>
  <puzzle alive="true">
    <issue href="https://github.com/bryanapperson/blog/issues/24">24</issue>
    <ticket>1</ticket>
    <estimate>30</estimate>
    <role>DEV</role>
    <id>1-83fbcea6</id>
    <lines>131-131</lines>
    <body>...</body>
    <file>...</file>
    <author>...</author>
    <email>...</email>
    <time>2019-04-06T18:46:32Z</time>
    <children/>
  </puzzle>
  <puzzle alive="true">
    <issue href="https://github.com/bryanapperson/blog/issues/25">25</issue>
    <ticket>1</ticket>
    <estimate>30</estimate>
    <role>DEV</role>
    <id>1-90c071d9</id>
    <lines>132-132</lines>
    <body>...</body>
    <file>...</file>
    <author>...</author>
    <email>...</email>
    <time>2019-04-06T18:46:32Z</time>
    <children/>
  </puzzle>
  <puzzle alive="true">
    <issue href="https://github.com/bryanapperson/blog/issues/26">26</issue>
    <ticket>1</ticket>
    <estimate>30</estimate>
    <role>DEV</role>
    <id>1-8a3430ce</id>
    <lines>133-133</lines>
    <body>...</body>
    <file>...</file>
    <author>...</author>
    <email>...</email>
    <time>2019-04-06T18:46:32Z</time>
    <children/>
  </puzzle>
  <puzzle alive="true">
    <issue href="https://github.com/bryanapperson/blog/issues/32">32</issue>
    <ticket>1</ticket>
    <estimate>30</estimate>
    <role>DEV</role>
    <id>1-fff4f7cf</id>
    <lines>22-22</lines>
    <body>...</body>
    <file>...</file>
    <author>...</author>
    <email>...</email>
    <time>2019-04-07T04:50:26Z</time>
    <children/>
  </puzzle>
</puzzles>
