<?xml version="1.0"?>
<puzzles xmlns:xsi="http://www.w3.org/2001/XMLSchema-instance" xsi:noNamespaceSchemaLocation="http://www.0pdd.com/puzzles.xsd" date="2019-05-15T14:46:23+00:00" version="0.30.17">
  <puzzle alive="false">
    <issue href="https://github.com/aofleejay/aofleejay.com/issues/9" closed="2019-05-15T14:46:23+00:00">9</issue>
    <ticket>8</ticket>
    <estimate>60</estimate>
    <role>DEV</role>
    <id>8-268fd4c7</id>
    <lines>7-7</lines>
    <body>...</body>
    <file>...</file>
    <author>...</author>
    <email>...</email>
    <time>2019-05-02T14:52:32Z</time>
    <children/>
  </puzzle>
</puzzles>
