<?xml version="1.0"?>
<puzzles xmlns:xsi="http://www.w3.org/2001/XMLSchema-instance" xsi:noNamespaceSchemaLocation="http://www.0pdd.com/puzzles.xsd" date="2018-09-02T06:48:57+00:00" version="0.30.3">
  <puzzle alive="false">
    <issue>unknown</issue>
    <ticket>100</ticket>
    <estimate>0</estimate>
    <role>DEV</role>
    <id>100-b7c56319</id>
    <lines>304-304</lines>
    <body>...</body>
    <file>...</file>
    <author>...</author>
    <email>...</email>
    <time>2018-09-02T06:25:33Z</time>
    <children/>
  </puzzle>
  <puzzle alive="false">
    <issue>unknown</issue>
    <ticket>5</ticket>
    <estimate>30</estimate>
    <role>DEV</role>
    <id>5-4cd181ba</id>
    <lines>1-1</lines>
    <body>...</body>
    <file>...</file>
    <author>...</author>
    <email>...</email>
    <time>2018-09-02T06:25:33Z</time>
    <children/>
  </puzzle>
  <puzzle alive="false">
    <issue>unknown</issue>
    <ticket>6</ticket>
    <estimate>30</estimate>
    <role>DEV</role>
    <id>6-18f0c0e2</id>
    <lines>2-2</lines>
    <body>...</body>
    <file>...</file>
    <author>...</author>
    <email>...</email>
    <time>2018-09-02T06:25:33Z</time>
    <children/>
  </puzzle>
  <puzzle alive="false">
    <issue>unknown</issue>
    <ticket>6</ticket>
    <estimate>30</estimate>
    <role>DEV</role>
    <id>6-4cd181ba</id>
    <lines>1-1</lines>
    <body>...</body>
    <file>...</file>
    <author>...</author>
    <email>...</email>
    <time>2018-09-02T06:33:32Z</time>
    <children/>
  </puzzle>
  <puzzle alive="true">
    <issue>unknown</issue>
    <ticket>7</ticket>
    <estimate>30</estimate>
    <role>DEV</role>
    <id>7-18f0c0e2</id>
    <lines>2-2</lines>
    <body>...</body>
    <file>...</file>
    <author>...</author>
    <email>...</email>
    <time>2018-09-02T06:33:32Z</time>
    <children/>
  </puzzle>
  <puzzle alive="true">
    <issue>unknown</issue>
    <ticket>8</ticket>
    <estimate>30</estimate>
    <role>DEV</role>
    <id>8-f87da0bd</id>
    <lines>3-3</lines>
    <body>...</body>
    <file>...</file>
    <author>...</author>
    <email>...</email>
    <time>2018-09-02T06:48:49Z</time>
    <children/>
  </puzzle>
</puzzles>
