<?xml version="1.0"?>
<puzzles xmlns:xsi="http://www.w3.org/2001/XMLSchema-instance" xsi:noNamespaceSchemaLocation="http://www.0pdd.com/puzzles.xsd" date="2019-01-11T09:50:57+00:00" version="0.30.15">
  <puzzle alive="true">
    <issue href="https://github.com/dgroup/laconic-velocity/issues/31">31</issue>
    <ticket>DEV</ticket>
    <estimate>30</estimate>
    <role>DEV</role>
    <id>DEV-354e6fd2</id>
    <lines>44-45</lines>
    <body>...</body>
    <file>...</file>
    <author>...</author>
    <email>...</email>
    <time>2019-01-02T20:49:15Z</time>
    <children/>
  </puzzle>
</puzzles>
