<?xml version="1.0"?>
<puzzles xmlns:xsi="http://www.w3.org/2001/XMLSchema-instance" xsi:noNamespaceSchemaLocation="http://www.0pdd.com/puzzles.xsd" date="2019-04-06T12:57:59+00:00" version="0.30.16">
  <puzzle alive="true">
    <ticket>DEV</ticket>
    <estimate>0</estimate>
    <role>DEV</role>
    <id>DEV-7f93aed3</id>
    <lines>7-8</lines>
    <body>...</body>
    <file>...</file>
    <author>...</author>
    <email>...</email>
    <time>2019-04-06T12:44:10Z</time>
    <children/>
    <issue href="https://github.com/dgroup/mat/issues/4">4</issue>
  </puzzle>
</puzzles>
