<?xml version="1.0"?>
<puzzles xmlns:xsi="http://www.w3.org/2001/XMLSchema-instance" xsi:noNamespaceSchemaLocation="http://www.0pdd.com/puzzles.xsd" date="2021-06-26T10:01:14+00:00" version="0.30.23">
  <puzzle alive="false">
    <issue href="https://github.com/dgroup/mpro2j/issues/3" closed="2020-12-28T00:16:42+00:00">3</issue>
    <ticket>DEV</ticket>
    <estimate>0</estimate>
    <role>DEV</role>
    <id>DEV-0fa1f15f</id>
    <lines>33-34</lines>
    <body>...</body>
    <file>...</file>
    <author>...</author>
    <email>...</email>
    <time>2020-12-27T21:49:43Z</time>
    <children/>
  </puzzle>
  <puzzle alive="true">
    <issue href="https://github.com/dgroup/mpro2j/issues/4">4</issue>
    <ticket>DEV</ticket>
    <estimate>0</estimate>
    <role>DEV</role>
    <id>DEV-8084d74e</id>
    <lines>7-16</lines>
    <body>...</body>
    <file>...</file>
    <author>...</author>
    <email>...</email>
    <time>2020-12-27T21:49:43Z</time>
    <children/>
  </puzzle>
  <puzzle alive="true">
    <issue href="https://github.com/dgroup/mpro2j/issues/5">5</issue>
    <ticket>DEV</ticket>
    <estimate>0</estimate>
    <role>DEV</role>
    <id>DEV-c5e35e81</id>
    <lines>19-19</lines>
    <body>...</body>
    <file>...</file>
    <author>...</author>
    <email>...</email>
    <time>2020-12-27T21:49:43Z</time>
    <children/>
  </puzzle>
  <puzzle alive="true">
    <issue href="https://github.com/dgroup/mpro2j/issues/6">6</issue>
    <ticket>DEV</ticket>
    <estimate>0</estimate>
    <role>DEV</role>
    <id>DEV-08faa53a</id>
    <lines>161-161</lines>
    <body>...</body>
    <file>...</file>
    <author>...</author>
    <email>...</email>
    <time>2020-12-27T21:49:43Z</time>
    <children/>
  </puzzle>
  <puzzle alive="true">
    <issue href="https://github.com/dgroup/mpro2j/issues/7">7</issue>
    <ticket>DEV</ticket>
    <estimate>0</estimate>
    <role>DEV</role>
    <id>DEV-498a8074</id>
    <lines>11-12</lines>
    <body>...</body>
    <file>...</file>
    <author>...</author>
    <email>...</email>
    <time>2020-12-28T01:48:09Z</time>
    <children/>
  </puzzle>
  <puzzle alive="false">
    <issue href="https://github.com/dgroup/mpro2j/issues/9" closed="2021-01-01T13:06:28+00:00">9</issue>
    <ticket>DEV</ticket>
    <estimate>0</estimate>
    <role>DEV</role>
    <id>DEV-b5aca976</id>
    <lines>35-35</lines>
    <body>...</body>
    <file>...</file>
    <author>...</author>
    <email>...</email>
    <time>2020-12-30T22:59:22Z</time>
    <children/>
  </puzzle>
  <puzzle alive="false">
    <issue href="https://github.com/dgroup/mpro2j/issues/10" closed="2021-01-01T11:23:15+00:00">10</issue>
    <ticket>DEV</ticket>
    <estimate>0</estimate>
    <role>DEV</role>
    <id>DEV-b0f0ea1b</id>
    <lines>29-29</lines>
    <body>...</body>
    <file>...</file>
    <author>...</author>
    <email>...</email>
    <time>2020-12-30T22:59:22Z</time>
    <children/>
  </puzzle>
  <puzzle alive="false">
    <issue href="https://github.com/dgroup/mpro2j/issues/13" closed="2021-01-01T21:38:17+00:00">13</issue>
    <ticket>DEV</ticket>
    <estimate>0</estimate>
    <role>DEV</role>
    <id>DEV-032235e8</id>
    <lines>43-43</lines>
    <body>...</body>
    <file>...</file>
    <author>...</author>
    <email>...</email>
    <time>2021-01-01T11:22:58Z</time>
    <children/>
  </puzzle>
  <puzzle alive="false">
    <issue href="https://github.com/dgroup/mpro2j/issues/14" closed="2021-01-24T16:24:44+00:00">14</issue>
    <ticket>DEV</ticket>
    <estimate>0</estimate>
    <role>DEV</role>
    <id>DEV-4a67352f</id>
    <lines>35-41</lines>
    <body>...</body>
    <file>...</file>
    <author>...</author>
    <email>...</email>
    <time>2021-01-01T21:38:01Z</time>
    <children>
      <puzzle alive="false">
        <issue href="https://github.com/dgroup/mpro2j/issues/17" closed="2021-01-24T18:44:58+00:00">17</issue>
        <ticket>14</ticket>
        <estimate>0</estimate>
        <role>DEV</role>
        <id>14-31715f0e</id>
        <lines>39-40</lines>
        <body>...</body>
        <file>...</file>
        <author>...</author>
        <email>...</email>
        <time>2021-01-24T16:24:27Z</time>
        <children/>
      </puzzle>
    </children>
  </puzzle>
  <puzzle alive="false">
    <issue href="https://github.com/dgroup/mpro2j/issues/18" closed="2021-01-24T18:45:02+00:00">18</issue>
    <ticket>DEV</ticket>
    <estimate>0</estimate>
    <role>DEV</role>
    <id>DEV-c3697ef6</id>
    <lines>100-100</lines>
    <body>...</body>
    <file>...</file>
    <author>...</author>
    <email>...</email>
    <time>2021-01-24T16:24:27Z</time>
    <children/>
  </puzzle>
  <puzzle alive="false">
    <issue href="https://github.com/dgroup/mpro2j/issues/24" closed="2021-02-06T20:37:27+00:00">24</issue>
    <ticket>DEV</ticket>
    <estimate>0</estimate>
    <role>DEV</role>
    <id>DEV-891537f9</id>
    <lines>48-50</lines>
    <body>...</body>
    <file>...</file>
    <author>...</author>
    <email>...</email>
    <time>2021-02-01T18:54:03Z</time>
    <children/>
  </puzzle>
  <puzzle alive="true">
    <issue href="https://github.com/dgroup/mpro2j/issues/28">28</issue>
    <ticket>DEV</ticket>
    <estimate>0</estimate>
    <role>DEV</role>
    <id>DEV-c71980f1</id>
    <lines>99-100</lines>
    <body>...</body>
    <file>...</file>
    <author>...</author>
    <email>...</email>
    <time>2021-02-04T19:59:29Z</time>
    <children/>
  </puzzle>
  <puzzle alive="true">
    <issue href="https://github.com/dgroup/mpro2j/issues/29">29</issue>
    <ticket>DEV</ticket>
    <estimate>0</estimate>
    <role>DEV</role>
    <id>DEV-2edf37d7</id>
    <lines>312-312</lines>
    <body>...</body>
    <file>...</file>
    <author>...</author>
    <email>...</email>
    <time>2021-02-06T20:37:02Z</time>
    <children/>
  </puzzle>
  <puzzle alive="true">
    <issue href="https://github.com/dgroup/mpro2j/issues/30">30</issue>
    <ticket>DEV</ticket>
    <estimate>0</estimate>
    <role>DEV</role>
    <id>DEV-dde1dd29</id>
    <lines>30-31</lines>
    <body>...</body>
    <file>...</file>
    <author>...</author>
    <email>...</email>
    <time>2021-02-06T20:37:02Z</time>
    <children/>
  </puzzle>
  <puzzle alive="true">
    <issue href="https://github.com/dgroup/mpro2j/issues/31">31</issue>
    <ticket>DEV</ticket>
    <estimate>0</estimate>
    <role>DEV</role>
    <id>DEV-96948ecb</id>
    <lines>52-54</lines>
    <body>...</body>
    <file>...</file>
    <author>...</author>
    <email>...</email>
    <time>2021-02-06T20:37:02Z</time>
    <children/>
  </puzzle>
</puzzles>
