<?xml version="1.0"?>
<puzzles xmlns:xsi="http://www.w3.org/2001/XMLSchema-instance" xsi:noNamespaceSchemaLocation="http://www.0pdd.com/puzzles.xsd" date="2020-05-25T20:24:53+00:00" version="0.30.21">
  <puzzle alive="false">
    <issue href="https://github.com/dgroup/rll/issues/1" closed="2020-03-22T18:06:30+00:00">1</issue>
    <ticket>DEV</ticket>
    <estimate>0</estimate>
    <role>DEV</role>
    <id>DEV-fd6bfbb2</id>
    <lines>42-48</lines>
    <body>...</body>
    <file>...</file>
    <author>...</author>
    <email>...</email>
    <time>2020-01-19T09:08:25Z</time>
    <children/>
  </puzzle>
  <puzzle alive="true">
    <issue href="https://github.com/dgroup/rll/issues/2">2</issue>
    <ticket>DEV</ticket>
    <estimate>0</estimate>
    <role>DEV</role>
    <id>DEV-d797d8a4</id>
    <lines>24-25</lines>
    <body>...</body>
    <file>...</file>
    <author>...</author>
    <email>...</email>
    <time>2020-01-19T09:08:25Z</time>
    <children/>
  </puzzle>
  <puzzle alive="false">
    <issue href="https://github.com/dgroup/rll/issues/3" closed="2020-03-28T23:25:56+00:00">3</issue>
    <ticket>DEV</ticket>
    <estimate>0</estimate>
    <role>DEV</role>
    <id>DEV-fed294d6</id>
    <lines>32-32</lines>
    <body>...</body>
    <file>...</file>
    <author>...</author>
    <email>...</email>
    <time>2020-01-19T09:13:51Z</time>
    <children/>
  </puzzle>
  <puzzle alive="true">
    <issue href="https://github.com/dgroup/rll/issues/4">4</issue>
    <ticket>DEV</ticket>
    <estimate>0</estimate>
    <role>DEV</role>
    <id>DEV-28470fe4</id>
    <lines>49-49</lines>
    <body>...</body>
    <file>...</file>
    <author>...</author>
    <email>...</email>
    <time>2020-01-19T09:08:25Z</time>
    <children/>
  </puzzle>
  <puzzle alive="true">
    <issue href="https://github.com/dgroup/rll/issues/5">5</issue>
    <ticket>DEV</ticket>
    <estimate>0</estimate>
    <role>DEV</role>
    <id>DEV-64f216db</id>
    <lines>56-56</lines>
    <body>...</body>
    <file>...</file>
    <author>...</author>
    <email>...</email>
    <time>2020-01-19T09:08:25Z</time>
    <children/>
  </puzzle>
  <puzzle alive="false">
    <issue href="https://github.com/dgroup/rll/issues/6" closed="2020-04-26T19:08:27+00:00">6</issue>
    <ticket>DEV</ticket>
    <estimate>0</estimate>
    <role>DEV</role>
    <id>DEV-347aeee3</id>
    <lines>69-69</lines>
    <body>...</body>
    <file>...</file>
    <author>...</author>
    <email>...</email>
    <time>2020-01-19T09:08:25Z</time>
    <children/>
  </puzzle>
  <puzzle alive="true">
    <issue href="https://github.com/dgroup/rll/issues/7">7</issue>
    <ticket>DEV</ticket>
    <estimate>0</estimate>
    <role>DEV</role>
    <id>DEV-dd5a7571</id>
    <lines>3-3</lines>
    <body>...</body>
    <file>...</file>
    <author>...</author>
    <email>...</email>
    <time>2020-01-19T09:13:51Z</time>
    <children/>
  </puzzle>
  <puzzle alive="false">
    <issue href="https://github.com/dgroup/rll/issues/8" closed="2020-03-27T20:24:53+00:00">8</issue>
    <ticket>DEV</ticket>
    <estimate>0</estimate>
    <role>DEV</role>
    <id>DEV-aeb32344</id>
    <lines>14-14</lines>
    <body>...</body>
    <file>...</file>
    <author>...</author>
    <email>...</email>
    <time>2020-01-19T09:08:25Z</time>
    <children/>
  </puzzle>
  <puzzle alive="false">
    <issue href="https://github.com/dgroup/rll/issues/9" closed="2020-03-27T18:27:32+00:00">9</issue>
    <ticket>DEV</ticket>
    <estimate>0</estimate>
    <role>DEV</role>
    <id>DEV-be3211ba</id>
    <lines>33-35</lines>
    <body>...</body>
    <file>...</file>
    <author>...</author>
    <email>...</email>
    <time>2020-01-19T09:08:25Z</time>
    <children/>
  </puzzle>
  <puzzle alive="false">
    <issue href="https://github.com/dgroup/rll/issues/10" closed="2020-01-28T21:54:44+00:00">10</issue>
    <ticket>DEV</ticket>
    <estimate>0</estimate>
    <role>DEV</role>
    <id>DEV-0fd396d9</id>
    <lines>40-40</lines>
    <body>...</body>
    <file>...</file>
    <author>...</author>
    <email>...</email>
    <time>2020-01-19T09:08:25Z</time>
    <children>
      <puzzle alive="true">
        <issue href="https://github.com/dgroup/rll/issues/24" closed="2020-03-03T22:20:50+00:00">24</issue>
        <ticket>10</ticket>
        <estimate>0</estimate>
        <role>DEV</role>
        <id>10-74e00feb</id>
        <lines>74-81</lines>
        <body>...</body>
        <file>...</file>
        <author>...</author>
        <email>...</email>
        <time>2020-01-28T21:53:42Z</time>
        <children/>
      </puzzle>
    </children>
  </puzzle>
  <puzzle alive="true">
    <issue href="https://github.com/dgroup/rll/issues/11">11</issue>
    <ticket>DEV</ticket>
    <estimate>0</estimate>
    <role>DEV</role>
    <id>DEV-1214b7cd</id>
    <lines>1-2</lines>
    <body>...</body>
    <file>...</file>
    <author>...</author>
    <email>...</email>
    <time>2020-01-19T09:08:25Z</time>
    <children/>
  </puzzle>
  <puzzle alive="true">
    <issue href="https://github.com/dgroup/rll/issues/12">12</issue>
    <ticket>DEV</ticket>
    <estimate>0</estimate>
    <role>DEV</role>
    <id>DEV-7f4f0ad5</id>
    <lines>4-5</lines>
    <body>...</body>
    <file>...</file>
    <author>...</author>
    <email>...</email>
    <time>2020-01-19T09:08:25Z</time>
    <children/>
  </puzzle>
  <puzzle alive="true">
    <issue href="https://github.com/dgroup/rll/issues/13">13</issue>
    <ticket>DEV</ticket>
    <estimate>0</estimate>
    <role>DEV</role>
    <id>DEV-6c09bce3</id>
    <lines>7-10</lines>
    <body>...</body>
    <file>...</file>
    <author>...</author>
    <email>...</email>
    <time>2020-01-19T09:08:25Z</time>
    <children/>
  </puzzle>
  <puzzle alive="false">
    <issue href="https://github.com/dgroup/rll/issues/14" closed="2020-04-12T00:10:08+00:00">14</issue>
    <ticket>DEV</ticket>
    <estimate>0</estimate>
    <role>DEV</role>
    <id>DEV-dab00982</id>
    <lines>12-13</lines>
    <body>...</body>
    <file>...</file>
    <author>...</author>
    <email>...</email>
    <time>2020-01-19T09:08:25Z</time>
    <children/>
  </puzzle>
  <puzzle alive="true">
    <issue href="https://github.com/dgroup/rll/issues/15">15</issue>
    <ticket>DEV</ticket>
    <estimate>0</estimate>
    <role>DEV</role>
    <id>DEV-6347430d</id>
    <lines>15-16</lines>
    <body>...</body>
    <file>...</file>
    <author>...</author>
    <email>...</email>
    <time>2020-01-19T09:08:25Z</time>
    <children/>
  </puzzle>
  <puzzle alive="false">
    <issue href="https://github.com/dgroup/rll/issues/16" closed="2020-01-26T14:32:58+00:00">16</issue>
    <ticket>DEV</ticket>
    <estimate>0</estimate>
    <role>DEV</role>
    <id>DEV-9c14b40d</id>
    <lines>68-68</lines>
    <body>...</body>
    <file>...</file>
    <author>...</author>
    <email>...</email>
    <time>2020-01-19T11:49:21Z</time>
    <children/>
  </puzzle>
  <puzzle alive="true">
    <issue href="https://github.com/dgroup/rll/issues/17">17</issue>
    <ticket>DEV</ticket>
    <estimate>0</estimate>
    <role>DEV</role>
    <id>DEV-474a56c9</id>
    <lines>31-37</lines>
    <body>...</body>
    <file>...</file>
    <author>...</author>
    <email>...</email>
    <time>2020-01-19T12:12:29Z</time>
    <children/>
  </puzzle>
  <puzzle alive="true">
    <issue href="https://github.com/dgroup/rll/issues/18">18</issue>
    <ticket>DEV</ticket>
    <estimate>0</estimate>
    <role>DEV</role>
    <id>DEV-2823e14f</id>
    <lines>24-25</lines>
    <body>...</body>
    <file>...</file>
    <author>...</author>
    <email>...</email>
    <time>2020-01-26T14:32:37Z</time>
    <children/>
  </puzzle>
  <puzzle alive="true">
    <issue href="https://github.com/dgroup/rll/issues/19">19</issue>
    <ticket>DEV</ticket>
    <estimate>0</estimate>
    <role>DEV</role>
    <id>DEV-54a63de1</id>
    <lines>30-31</lines>
    <body>...</body>
    <file>...</file>
    <author>...</author>
    <email>...</email>
    <time>2020-01-26T14:32:37Z</time>
    <children/>
  </puzzle>
  <puzzle alive="true">
    <issue href="https://github.com/dgroup/rll/issues/20">20</issue>
    <ticket>DEV</ticket>
    <estimate>0</estimate>
    <role>DEV</role>
    <id>DEV-7d63e4e1</id>
    <lines>73-73</lines>
    <body>...</body>
    <file>...</file>
    <author>...</author>
    <email>...</email>
    <time>2020-01-26T14:32:37Z</time>
    <children/>
  </puzzle>
  <puzzle alive="false">
    <issue href="https://github.com/dgroup/rll/issues/21" closed="2020-05-10T12:30:39+00:00">21</issue>
    <ticket>DEV</ticket>
    <estimate>0</estimate>
    <role>DEV</role>
    <id>DEV-6ce436fe</id>
    <lines>30-31</lines>
    <body>...</body>
    <file>...</file>
    <author>...</author>
    <email>...</email>
    <time>2020-01-26T14:32:37Z</time>
    <children/>
  </puzzle>
  <puzzle alive="false">
    <issue href="https://github.com/dgroup/rll/issues/22" closed="2020-03-09T20:37:29+00:00">22</issue>
    <ticket>DEV</ticket>
    <estimate>0</estimate>
    <role>DEV</role>
    <id>DEV-988fcfd0</id>
    <lines>30-31</lines>
    <body>...</body>
    <file>...</file>
    <author>...</author>
    <email>...</email>
    <time>2020-01-26T14:32:37Z</time>
    <children/>
  </puzzle>
  <puzzle alive="false">
    <issue href="https://github.com/dgroup/rll/issues/23" closed="2020-04-11T18:19:50+00:00">23</issue>
    <ticket>DEV</ticket>
    <estimate>0</estimate>
    <role>DEV</role>
    <id>DEV-7c4e32db</id>
    <lines>33-34</lines>
    <body>...</body>
    <file>...</file>
    <author>...</author>
    <email>...</email>
    <time>2020-01-26T14:32:37Z</time>
    <children/>
  </puzzle>
  <puzzle alive="true">
    <issue href="https://github.com/dgroup/rll/issues/25">25</issue>
    <ticket>DEV</ticket>
    <estimate>0</estimate>
    <role>DEV</role>
    <id>DEV-6508c131</id>
    <lines>68-71</lines>
    <body>...</body>
    <file>...</file>
    <author>...</author>
    <email>...</email>
    <time>2020-01-28T21:53:42Z</time>
    <children/>
  </puzzle>
  <puzzle alive="false">
    <issue href="https://github.com/dgroup/rll/issues/26" closed="2020-02-02T08:45:22+00:00">26</issue>
    <ticket>DEV</ticket>
    <estimate>0</estimate>
    <role>DEV</role>
    <id>DEV-c9c1af80</id>
    <lines>29-33</lines>
    <body>...</body>
    <file>...</file>
    <author>...</author>
    <email>...</email>
    <time>2020-01-28T21:53:42Z</time>
    <children/>
  </puzzle>
  <puzzle alive="true">
    <issue href="https://github.com/dgroup/rll/issues/27">27</issue>
    <ticket>DEV</ticket>
    <estimate>0</estimate>
    <role>DEV</role>
    <id>DEV-5c42e854</id>
    <lines>42-43</lines>
    <body>...</body>
    <file>...</file>
    <author>...</author>
    <email>...</email>
    <time>2020-01-28T21:53:42Z</time>
    <children/>
  </puzzle>
  <puzzle alive="true">
    <issue href="https://github.com/dgroup/rll/issues/28">28</issue>
    <ticket>DEV</ticket>
    <estimate>0</estimate>
    <role>DEV</role>
    <id>DEV-baa3bb14</id>
    <lines>52-53</lines>
    <body>...</body>
    <file>...</file>
    <author>...</author>
    <email>...</email>
    <time>2020-01-28T21:53:42Z</time>
    <children/>
  </puzzle>
  <puzzle alive="true">
    <issue href="https://github.com/dgroup/rll/issues/29">29</issue>
    <ticket>DEV</ticket>
    <estimate>0</estimate>
    <role>DEV</role>
    <id>DEV-a49d8230</id>
    <lines>61-62</lines>
    <body>...</body>
    <file>...</file>
    <author>...</author>
    <email>...</email>
    <time>2020-01-28T21:53:42Z</time>
    <children/>
  </puzzle>
  <puzzle alive="false">
    <issue href="https://github.com/dgroup/rll/issues/30" closed="2020-01-28T23:15:17+00:00">30</issue>
    <ticket>DEV</ticket>
    <estimate>0</estimate>
    <role>DEV</role>
    <id>DEV-e588f40c</id>
    <lines>1-1</lines>
    <body>...</body>
    <file>...</file>
    <author>...</author>
    <email>...</email>
    <time>2020-01-28T21:53:42Z</time>
    <children/>
  </puzzle>
  <puzzle alive="true">
    <issue href="https://github.com/dgroup/rll/issues/31">31</issue>
    <ticket>DEV</ticket>
    <estimate>0</estimate>
    <role>DEV</role>
    <id>DEV-a80e719e</id>
    <lines>74-75</lines>
    <body>...</body>
    <file>...</file>
    <author>...</author>
    <email>...</email>
    <time>2020-01-28T23:14:54Z</time>
    <children/>
  </puzzle>
  <puzzle alive="false">
    <issue href="https://github.com/dgroup/rll/issues/32" closed="2020-03-29T22:11:13+00:00">32</issue>
    <ticket>DEV</ticket>
    <estimate>0</estimate>
    <role>DEV</role>
    <id>DEV-a001c4bc</id>
    <lines>36-36</lines>
    <body>...</body>
    <file>...</file>
    <author>...</author>
    <email>...</email>
    <time>2020-01-29T17:16:41Z</time>
    <children/>
  </puzzle>
  <puzzle alive="false">
    <issue href="https://github.com/dgroup/rll/issues/33" closed="2020-03-09T20:37:35+00:00">33</issue>
    <ticket>DEV</ticket>
    <estimate>0</estimate>
    <role>DEV</role>
    <id>DEV-6babc231</id>
    <lines>41-41</lines>
    <body>...</body>
    <file>...</file>
    <author>...</author>
    <email>...</email>
    <time>2020-01-29T17:16:41Z</time>
    <children/>
  </puzzle>
  <puzzle alive="false">
    <issue href="https://github.com/dgroup/rll/issues/34" closed="2020-04-05T13:07:12+00:00">34</issue>
    <ticket>DEV</ticket>
    <estimate>0</estimate>
    <role>DEV</role>
    <id>DEV-ca28f6c3</id>
    <lines>46-47</lines>
    <body>...</body>
    <file>...</file>
    <author>...</author>
    <email>...</email>
    <time>2020-01-29T17:16:41Z</time>
    <children/>
  </puzzle>
  <puzzle alive="true">
    <issue href="https://github.com/dgroup/rll/issues/35">35</issue>
    <ticket>DEV</ticket>
    <estimate>0</estimate>
    <role>DEV</role>
    <id>DEV-b03280fb</id>
    <lines>18-18</lines>
    <body>...</body>
    <file>...</file>
    <author>...</author>
    <email>...</email>
    <time>2020-01-29T17:16:41Z</time>
    <children/>
  </puzzle>
  <puzzle alive="true">
    <issue href="https://github.com/dgroup/rll/issues/36">36</issue>
    <ticket>DEV</ticket>
    <estimate>0</estimate>
    <role>DEV</role>
    <id>DEV-4b6e05a1</id>
    <lines>20-20</lines>
    <body>...</body>
    <file>...</file>
    <author>...</author>
    <email>...</email>
    <time>2020-01-29T17:16:41Z</time>
    <children/>
  </puzzle>
  <puzzle alive="true">
    <issue href="https://github.com/dgroup/rll/issues/37">37</issue>
    <ticket>DEV</ticket>
    <estimate>0</estimate>
    <role>DEV</role>
    <id>DEV-d24b2c34</id>
    <lines>31-31</lines>
    <body>...</body>
    <file>...</file>
    <author>...</author>
    <email>...</email>
    <time>2020-02-02T01:48:16Z</time>
    <children/>
  </puzzle>
  <puzzle alive="false">
    <issue href="https://github.com/dgroup/rll/issues/38" closed="2020-05-09T10:34:08+00:00">38</issue>
    <ticket>DEV</ticket>
    <estimate>0</estimate>
    <role>DEV</role>
    <id>DEV-52306078</id>
    <lines>39-39</lines>
    <body>...</body>
    <file>...</file>
    <author>...</author>
    <email>...</email>
    <time>2020-02-02T01:48:16Z</time>
    <children/>
  </puzzle>
  <puzzle alive="false">
    <issue href="https://github.com/dgroup/rll/issues/39" closed="2020-05-09T10:34:14+00:00">39</issue>
    <ticket>DEV</ticket>
    <estimate>0</estimate>
    <role>DEV</role>
    <id>DEV-cb7e14b7</id>
    <lines>47-47</lines>
    <body>...</body>
    <file>...</file>
    <author>...</author>
    <email>...</email>
    <time>2020-02-02T01:48:16Z</time>
    <children/>
  </puzzle>
  <puzzle alive="false">
    <issue href="https://github.com/dgroup/rll/issues/40" closed="2020-05-09T10:34:19+00:00">40</issue>
    <ticket>DEV</ticket>
    <estimate>0</estimate>
    <role>DEV</role>
    <id>DEV-0ecce5e3</id>
    <lines>55-55</lines>
    <body>...</body>
    <file>...</file>
    <author>...</author>
    <email>...</email>
    <time>2020-02-02T00:04:18Z</time>
    <children/>
  </puzzle>
  <puzzle alive="true">
    <issue href="https://github.com/dgroup/rll/issues/41">41</issue>
    <ticket>DEV</ticket>
    <estimate>0</estimate>
    <role>DEV</role>
    <id>DEV-c02ff152</id>
    <lines>26-27</lines>
    <body>...</body>
    <file>...</file>
    <author>...</author>
    <email>...</email>
    <time>2020-02-02T08:44:57Z</time>
    <children/>
  </puzzle>
  <puzzle alive="true">
    <issue href="https://github.com/dgroup/rll/issues/42">42</issue>
    <ticket>DEV</ticket>
    <estimate>0</estimate>
    <role>DEV</role>
    <id>DEV-409171ee</id>
    <lines>28-29</lines>
    <body>...</body>
    <file>...</file>
    <author>...</author>
    <email>...</email>
    <time>2020-02-02T08:44:57Z</time>
    <children/>
  </puzzle>
  <puzzle alive="false">
    <issue href="https://github.com/dgroup/rll/issues/43" closed="2020-03-03T22:27:07+00:00">43</issue>
    <ticket>DEV</ticket>
    <estimate>0</estimate>
    <role>DEV</role>
    <id>DEV-bab89fde</id>
    <lines>72-77</lines>
    <body>...</body>
    <file>...</file>
    <author>...</author>
    <email>...</email>
    <time>2020-02-02T08:44:57Z</time>
    <children>
      <puzzle alive="true">
        <issue href="https://github.com/dgroup/rll/issues/45">45</issue>
        <ticket>43</ticket>
        <estimate>0</estimate>
        <role>DEV</role>
        <id>43-ceb63fe6</id>
        <lines>28-29</lines>
        <body>...</body>
        <file>...</file>
        <author>...</author>
        <email>...</email>
        <time>2020-03-03T22:26:42Z</time>
        <children/>
      </puzzle>
      <puzzle alive="true">
        <issue href="https://github.com/dgroup/rll/issues/46">46</issue>
        <ticket>43</ticket>
        <estimate>0</estimate>
        <role>DEV</role>
        <id>43-fd5cb077</id>
        <lines>42-42</lines>
        <body>...</body>
        <file>...</file>
        <author>...</author>
        <email>...</email>
        <time>2020-03-03T22:26:42Z</time>
        <children/>
      </puzzle>
    </children>
  </puzzle>
  <puzzle alive="false">
    <issue href="https://github.com/dgroup/rll/issues/44" closed="2020-03-03T22:27:12+00:00">44</issue>
    <ticket>DEV</ticket>
    <estimate>0</estimate>
    <role>DEV</role>
    <id>DEV-fd5cb077</id>
    <lines>30-30</lines>
    <body>...</body>
    <file>...</file>
    <author>...</author>
    <email>...</email>
    <time>2020-03-03T22:20:16Z</time>
    <children/>
  </puzzle>
  <puzzle alive="false">
    <issue href="https://github.com/dgroup/rll/issues/47" closed="2020-04-26T16:57:06+00:00">47</issue>
    <ticket>DEV</ticket>
    <estimate>0</estimate>
    <role>DEV</role>
    <id>DEV-f44f13e9</id>
    <lines>48-50</lines>
    <body>...</body>
    <file>...</file>
    <author>...</author>
    <email>...</email>
    <time>2020-03-08T02:03:49Z</time>
    <children/>
  </puzzle>
  <puzzle alive="false">
    <issue href="https://github.com/dgroup/rll/issues/48" closed="2020-03-29T22:11:19+00:00">48</issue>
    <ticket>DEV</ticket>
    <estimate>0</estimate>
    <role>DEV</role>
    <id>DEV-37ffac78</id>
    <lines>69-71</lines>
    <body>...</body>
    <file>...</file>
    <author>...</author>
    <email>...</email>
    <time>2020-03-09T20:33:58Z</time>
    <children/>
  </puzzle>
  <puzzle alive="false">
    <issue href="https://github.com/dgroup/rll/issues/49" closed="2020-03-13T00:10:30+00:00">49</issue>
    <ticket>DEV</ticket>
    <estimate>0</estimate>
    <role>DEV</role>
    <id>DEV-92891e42</id>
    <lines>30-31</lines>
    <body>...</body>
    <file>...</file>
    <author>...</author>
    <email>...</email>
    <time>2020-03-09T20:30:29Z</time>
    <children/>
  </puzzle>
  <puzzle alive="false">
    <issue href="https://github.com/dgroup/rll/issues/50" closed="2020-03-21T02:23:20+00:00">50</issue>
    <ticket>DEV</ticket>
    <estimate>0</estimate>
    <role>DEV</role>
    <id>DEV-1608ed06</id>
    <lines>32-33</lines>
    <body>...</body>
    <file>...</file>
    <author>...</author>
    <email>...</email>
    <time>2020-03-13T00:10:05Z</time>
    <children/>
  </puzzle>
  <puzzle alive="true">
    <issue href="https://github.com/dgroup/rll/issues/51">51</issue>
    <ticket>DEV</ticket>
    <estimate>0</estimate>
    <role>DEV</role>
    <id>DEV-7b40ca17</id>
    <lines>31-32</lines>
    <body>...</body>
    <file>...</file>
    <author>...</author>
    <email>...</email>
    <time>2020-03-21T02:19:40Z</time>
    <children/>
  </puzzle>
  <puzzle alive="false">
    <issue href="https://github.com/dgroup/rll/issues/52" closed="2020-03-21T12:04:35+00:00">52</issue>
    <ticket>DEV</ticket>
    <estimate>0</estimate>
    <role>DEV</role>
    <id>DEV-90bcfbbd</id>
    <lines>30-30</lines>
    <body>...</body>
    <file>...</file>
    <author>...</author>
    <email>...</email>
    <time>2020-03-21T02:19:40Z</time>
    <children/>
  </puzzle>
  <puzzle alive="false">
    <issue href="https://github.com/dgroup/rll/issues/53" closed="2020-03-21T22:59:40+00:00">53</issue>
    <ticket>DEV</ticket>
    <estimate>0</estimate>
    <role>DEV</role>
    <id>DEV-d54fb681</id>
    <lines>36-41</lines>
    <body>...</body>
    <file>...</file>
    <author>...</author>
    <email>...</email>
    <time>2020-03-21T02:19:40Z</time>
    <children/>
  </puzzle>
  <puzzle alive="false">
    <issue href="https://github.com/dgroup/rll/issues/54" closed="2020-03-24T22:07:33+00:00">54</issue>
    <ticket>DEV</ticket>
    <estimate>0</estimate>
    <role>DEV</role>
    <id>DEV-d9dac641</id>
    <lines>151-151</lines>
    <body>...</body>
    <file>...</file>
    <author>...</author>
    <email>...</email>
    <time>2020-03-21T02:19:40Z</time>
    <children/>
  </puzzle>
  <puzzle alive="false">
    <issue href="https://github.com/dgroup/rll/issues/55" closed="2020-05-13T19:44:00+00:00">55</issue>
    <ticket>DEV</ticket>
    <estimate>0</estimate>
    <role>DEV</role>
    <id>DEV-302db2bb</id>
    <lines>156-156</lines>
    <body>...</body>
    <file>...</file>
    <author>...</author>
    <email>...</email>
    <time>2020-03-21T02:19:40Z</time>
    <children/>
  </puzzle>
  <puzzle alive="false">
    <issue href="https://github.com/dgroup/rll/issues/56" closed="2020-03-24T21:46:44+00:00">56</issue>
    <ticket>DEV</ticket>
    <estimate>0</estimate>
    <role>DEV</role>
    <id>DEV-9345ce65</id>
    <lines>165-167</lines>
    <body>...</body>
    <file>...</file>
    <author>...</author>
    <email>...</email>
    <time>2020-03-21T02:22:54Z</time>
    <children/>
  </puzzle>
  <puzzle alive="true">
    <issue href="https://github.com/dgroup/rll/issues/57">57</issue>
    <ticket>DEV</ticket>
    <estimate>0</estimate>
    <role>DEV</role>
    <id>DEV-dbf04b02</id>
    <lines>80-83</lines>
    <body>...</body>
    <file>...</file>
    <author>...</author>
    <email>...</email>
    <time>2020-03-21T22:59:09Z</time>
    <children>
      <puzzle alive="false">
        <issue href="https://github.com/dgroup/rll/issues/81" closed="2020-05-07T04:43:59+00:00">81</issue>
        <ticket>57</ticket>
        <estimate>0</estimate>
        <role>DEV</role>
        <id>57-e2f91111</id>
        <lines>35-37</lines>
        <body>...</body>
        <file>...</file>
        <author>...</author>
        <email>...</email>
        <time>2020-05-01T17:21:02Z</time>
        <children/>
      </puzzle>
      <puzzle alive="true">
        <issue href="https://github.com/dgroup/rll/issues/87">87</issue>
        <ticket>57</ticket>
        <estimate>0</estimate>
        <role>DEV</role>
        <id>57-65436478</id>
        <lines>35-37</lines>
        <body>...</body>
        <file>...</file>
        <author>...</author>
        <email>...</email>
        <time>2020-05-07T04:43:38Z</time>
        <children/>
      </puzzle>
    </children>
  </puzzle>
  <puzzle alive="true">
    <issue href="https://github.com/dgroup/rll/issues/58">58</issue>
    <ticket>DEV</ticket>
    <estimate>0</estimate>
    <role>DEV</role>
    <id>DEV-356982e5</id>
    <lines>14-14</lines>
    <body>...</body>
    <file>...</file>
    <author>...</author>
    <email>...</email>
    <time>2020-03-27T20:24:29Z</time>
    <children/>
  </puzzle>
  <puzzle alive="false">
    <issue href="https://github.com/dgroup/rll/issues/61" closed="2020-03-29T19:11:19+00:00">61</issue>
    <ticket>DEV</ticket>
    <estimate>0</estimate>
    <role>DEV</role>
    <id>DEV-bfe2367b</id>
    <lines>31-32</lines>
    <body>...</body>
    <file>...</file>
    <author>...</author>
    <email>...</email>
    <time>2020-03-28T23:25:32Z</time>
    <children/>
  </puzzle>
  <puzzle alive="false">
    <issue href="https://github.com/dgroup/rll/issues/63" closed="2020-04-11T18:19:56+00:00">63</issue>
    <ticket>DEV</ticket>
    <estimate>0</estimate>
    <role>DEV</role>
    <id>DEV-dc1f81d9</id>
    <lines>32-33</lines>
    <body>...</body>
    <file>...</file>
    <author>...</author>
    <email>...</email>
    <time>2020-04-11T16:41:37Z</time>
    <children/>
  </puzzle>
  <puzzle alive="false">
    <issue href="https://github.com/dgroup/rll/issues/66" closed="2020-04-26T16:57:11+00:00">66</issue>
    <ticket>DEV</ticket>
    <estimate>0</estimate>
    <role>DEV</role>
    <id>DEV-eb8c6841</id>
    <lines>20-21</lines>
    <body>...</body>
    <file>...</file>
    <author>...</author>
    <email>...</email>
    <time>2020-04-18T22:02:03Z</time>
    <children/>
  </puzzle>
  <puzzle alive="false">
    <issue href="https://github.com/dgroup/rll/issues/76" closed="2020-04-26T19:08:32+00:00">76</issue>
    <ticket>DEV</ticket>
    <estimate>0</estimate>
    <role>DEV</role>
    <id>DEV-5e6b375f</id>
    <lines>24-24</lines>
    <body>...</body>
    <file>...</file>
    <author>...</author>
    <email>...</email>
    <time>2020-04-26T15:46:44Z</time>
    <children/>
  </puzzle>
  <puzzle alive="true">
    <issue href="https://github.com/dgroup/rll/issues/77">77</issue>
    <ticket>DEV</ticket>
    <estimate>0</estimate>
    <role>DEV</role>
    <id>DEV-d00213da</id>
    <lines>34-35</lines>
    <body>...</body>
    <file>...</file>
    <author>...</author>
    <email>...</email>
    <time>2020-04-25T02:20:59Z</time>
    <children/>
  </puzzle>
  <puzzle alive="true">
    <issue href="https://github.com/dgroup/rll/issues/78">78</issue>
    <ticket>DEV</ticket>
    <estimate>0</estimate>
    <role>DEV</role>
    <id>DEV-7fdcbc6e</id>
    <lines>32-35</lines>
    <body>...</body>
    <file>...</file>
    <author>...</author>
    <email>...</email>
    <time>2020-04-25T02:20:59Z</time>
    <children/>
  </puzzle>
  <puzzle alive="true">
    <issue href="https://github.com/dgroup/rll/issues/79">79</issue>
    <ticket>DEV</ticket>
    <estimate>0</estimate>
    <role>DEV</role>
    <id>DEV-e234446b</id>
    <lines>36-41</lines>
    <body>...</body>
    <file>...</file>
    <author>...</author>
    <email>...</email>
    <time>2020-05-01T04:21:54Z</time>
    <children/>
  </puzzle>
  <puzzle alive="false">
    <issue href="https://github.com/dgroup/rll/issues/85" closed="2020-05-10T12:32:17+00:00">85</issue>
    <ticket>DEV</ticket>
    <estimate>0</estimate>
    <role>DEV</role>
    <id>DEV-c22ea46a</id>
    <lines>167-172</lines>
    <body>...</body>
    <file>...</file>
    <author>...</author>
    <email>...</email>
    <time>2020-05-05T23:40:33Z</time>
    <children/>
  </puzzle>
  <puzzle alive="true">
    <issue href="https://github.com/dgroup/rll/issues/89">89</issue>
    <ticket>DEV</ticket>
    <estimate>0</estimate>
    <role>DEV</role>
    <id>DEV-b4174fd6</id>
    <lines>3-7</lines>
    <body>...</body>
    <file>...</file>
    <author>...</author>
    <email>...</email>
    <time>2020-05-09T10:26:50Z</time>
    <children/>
  </puzzle>
  <puzzle alive="true">
    <issue href="https://github.com/dgroup/rll/issues/90">90</issue>
    <ticket>DEV</ticket>
    <estimate>0</estimate>
    <role>DEV</role>
    <id>DEV-068f1520</id>
    <lines>32-36</lines>
    <body>...</body>
    <file>...</file>
    <author>...</author>
    <email>...</email>
    <time>2020-05-09T10:25:16Z</time>
    <children/>
  </puzzle>
  <puzzle alive="true">
    <issue href="https://github.com/dgroup/rll/issues/91">91</issue>
    <ticket>DEV</ticket>
    <estimate>0</estimate>
    <role>DEV</role>
    <id>DEV-d8746366</id>
    <lines>34-35</lines>
    <body>...</body>
    <file>...</file>
    <author>...</author>
    <email>...</email>
    <time>2020-05-09T10:25:16Z</time>
    <children/>
  </puzzle>
  <puzzle alive="false">
    <issue href="https://github.com/dgroup/rll/issues/92" closed="2020-05-10T00:25:35+00:00">92</issue>
    <ticket>DEV</ticket>
    <estimate>0</estimate>
    <role>DEV</role>
    <id>DEV-9857969a</id>
    <lines>80-81</lines>
    <body>...</body>
    <file>...</file>
    <author>...</author>
    <email>...</email>
    <time>2020-05-09T10:30:39Z</time>
    <children/>
  </puzzle>
  <puzzle alive="true">
    <issue href="https://github.com/dgroup/rll/issues/94">94</issue>
    <ticket>DEV</ticket>
    <estimate>0</estimate>
    <role>DEV</role>
    <id>DEV-0fc56aa1</id>
    <lines>31-32</lines>
    <body>...</body>
    <file>...</file>
    <author>...</author>
    <email>...</email>
    <time>2020-05-10T00:25:14Z</time>
    <children/>
  </puzzle>
  <puzzle alive="true">
    <issue href="https://github.com/dgroup/rll/issues/95">95</issue>
    <ticket>DEV</ticket>
    <estimate>0</estimate>
    <role>DEV</role>
    <id>DEV-466fbab4</id>
    <lines>69-71</lines>
    <body>...</body>
    <file>...</file>
    <author>...</author>
    <email>...</email>
    <time>2020-05-10T00:25:14Z</time>
    <children/>
  </puzzle>
  <puzzle alive="true">
    <issue href="https://github.com/dgroup/rll/issues/96">96</issue>
    <ticket>DEV</ticket>
    <estimate>0</estimate>
    <role>DEV</role>
    <id>DEV-90477f0d</id>
    <lines>31-32</lines>
    <body>...</body>
    <file>...</file>
    <author>...</author>
    <email>...</email>
    <time>2020-05-10T12:30:20Z</time>
    <children/>
  </puzzle>
  <puzzle alive="true">
    <issue href="https://github.com/dgroup/rll/issues/99">99</issue>
    <ticket>DEV</ticket>
    <estimate>0</estimate>
    <role>DEV</role>
    <id>DEV-e1b7fc1a</id>
    <lines>38-41</lines>
    <body>...</body>
    <file>...</file>
    <author>...</author>
    <email>...</email>
    <time>2020-05-23T10:27:39Z</time>
    <children/>
  </puzzle>
  <puzzle alive="true">
    <issue href="https://github.com/dgroup/rll/issues/100">100</issue>
    <ticket>DEV</ticket>
    <estimate>0</estimate>
    <role>DEV</role>
    <id>DEV-d462520a</id>
    <lines>25-25</lines>
    <body>...</body>
    <file>...</file>
    <author>...</author>
    <email>...</email>
    <time>2020-05-23T10:27:39Z</time>
    <children/>
  </puzzle>
</puzzles>
