<?xml version="1.0"?>
<puzzles xmlns:xsi="http://www.w3.org/2001/XMLSchema-instance" xsi:noNamespaceSchemaLocation="http://www.0pdd.com/puzzles.xsd" date="2018-11-18T18:10:21+00:00" version="0.30.11">
  <puzzle alive="true">
    <ticket>DEV</ticket>
    <estimate>0</estimate>
    <role>DEV</role>
    <id>DEV-ed44506a</id>
    <lines>19-25</lines>
    <body>...</body>
    <file>...</file>
    <author>...</author>
    <email>...</email>
    <time>2018-11-18T16:52:17Z</time>
    <children/>
    <issue href="https://github.com/dgroup/vcs/issues/7">7</issue>
  </puzzle>
  <puzzle alive="true">
    <ticket>DEV</ticket>
    <estimate>0</estimate>
    <role>DEV</role>
    <id>DEV-6ffe6ec0</id>
    <lines>40-40</lines>
    <body>...</body>
    <file>...</file>
    <author>...</author>
    <email>...</email>
    <time>2018-11-18T18:02:25Z</time>
    <children/>
    <issue href="https://github.com/dgroup/vcs/issues/8">8</issue>
  </puzzle>
</puzzles>
