<?xml version="1.0"?>
<puzzles xmlns:xsi="http://www.w3.org/2001/XMLSchema-instance" xsi:noNamespaceSchemaLocation="http://www.0pdd.com/puzzles.xsd" date="2020-03-27T17:20:24+00:00" version="0.30.21">
  <puzzle alive="false">
    <issue href="https://github.com/dgroup/vcs4sql/issues/1" closed="2020-01-15T16:51:53+00:00">1</issue>
    <ticket>DEV</ticket>
    <estimate>0</estimate>
    <role>DEV</role>
    <id>DEV-997a1e22</id>
    <lines>73-75</lines>
    <body>...</body>
    <file>...</file>
    <author>...</author>
    <email>...</email>
    <time>2020-01-15T11:54:51Z</time>
    <children/>
  </puzzle>
  <puzzle alive="true">
    <issue href="https://github.com/dgroup/vcs4sql/issues/2">2</issue>
    <ticket>DEV</ticket>
    <estimate>0</estimate>
    <role>DEV</role>
    <id>DEV-ca77ad7c</id>
    <lines>39-41</lines>
    <body>...</body>
    <file>...</file>
    <author>...</author>
    <email>...</email>
    <time>2020-01-15T11:54:51Z</time>
    <children/>
  </puzzle>
  <puzzle alive="true">
    <issue href="https://github.com/dgroup/vcs4sql/issues/3">3</issue>
    <ticket>DEV</ticket>
    <estimate>0</estimate>
    <role>DEV</role>
    <id>DEV-b327c8c7</id>
    <lines>43-46</lines>
    <body>...</body>
    <file>...</file>
    <author>...</author>
    <email>...</email>
    <time>2020-01-15T11:54:51Z</time>
    <children/>
  </puzzle>
  <puzzle alive="true">
    <issue href="https://github.com/dgroup/vcs4sql/issues/4">4</issue>
    <ticket>DEV</ticket>
    <estimate>0</estimate>
    <role>DEV</role>
    <id>DEV-20cb5df8</id>
    <lines>63-65</lines>
    <body>...</body>
    <file>...</file>
    <author>...</author>
    <email>...</email>
    <time>2020-01-15T11:54:51Z</time>
    <children/>
  </puzzle>
  <puzzle alive="true">
    <issue href="https://github.com/dgroup/vcs4sql/issues/5">5</issue>
    <ticket>DEV</ticket>
    <estimate>0</estimate>
    <role>DEV</role>
    <id>DEV-4e0c8599</id>
    <lines>47-48</lines>
    <body>...</body>
    <file>...</file>
    <author>...</author>
    <email>...</email>
    <time>2020-01-15T11:54:51Z</time>
    <children/>
  </puzzle>
  <puzzle alive="true">
    <issue href="https://github.com/dgroup/vcs4sql/issues/6">6</issue>
    <ticket>DEV</ticket>
    <estimate>0</estimate>
    <role>DEV</role>
    <id>DEV-41a82912</id>
    <lines>56-58</lines>
    <body>...</body>
    <file>...</file>
    <author>...</author>
    <email>...</email>
    <time>2020-01-15T11:54:51Z</time>
    <children/>
  </puzzle>
  <puzzle alive="true">
    <issue href="https://github.com/dgroup/vcs4sql/issues/7">7</issue>
    <ticket>DEV</ticket>
    <estimate>0</estimate>
    <role>DEV</role>
    <id>DEV-b96fff30</id>
    <lines>63-65</lines>
    <body>...</body>
    <file>...</file>
    <author>...</author>
    <email>...</email>
    <time>2020-01-15T11:54:51Z</time>
    <children/>
  </puzzle>
  <puzzle alive="true">
    <issue href="https://github.com/dgroup/vcs4sql/issues/9">9</issue>
    <ticket>DEV</ticket>
    <estimate>0</estimate>
    <role>DEV</role>
    <id>DEV-1214b7cd</id>
    <lines>1-2</lines>
    <body>...</body>
    <file>...</file>
    <author>...</author>
    <email>...</email>
    <time>2020-01-16T16:50:44Z</time>
    <children/>
  </puzzle>
  <puzzle alive="true">
    <issue href="https://github.com/dgroup/vcs4sql/issues/10">10</issue>
    <ticket>DEV</ticket>
    <estimate>0</estimate>
    <role>DEV</role>
    <id>DEV-7f4f0ad5</id>
    <lines>4-5</lines>
    <body>...</body>
    <file>...</file>
    <author>...</author>
    <email>...</email>
    <time>2020-01-16T16:50:44Z</time>
    <children/>
  </puzzle>
  <puzzle alive="true">
    <issue href="https://github.com/dgroup/vcs4sql/issues/11">11</issue>
    <ticket>DEV</ticket>
    <estimate>0</estimate>
    <role>DEV</role>
    <id>DEV-0cebd13d</id>
    <lines>7-8</lines>
    <body>...</body>
    <file>...</file>
    <author>...</author>
    <email>...</email>
    <time>2020-01-16T16:50:44Z</time>
    <children/>
  </puzzle>
  <puzzle alive="true">
    <issue href="https://github.com/dgroup/vcs4sql/issues/12">12</issue>
    <ticket>DEV</ticket>
    <estimate>0</estimate>
    <role>DEV</role>
    <id>DEV-f11c7ae3</id>
    <lines>10-11</lines>
    <body>...</body>
    <file>...</file>
    <author>...</author>
    <email>...</email>
    <time>2020-01-16T16:50:44Z</time>
    <children/>
  </puzzle>
  <puzzle alive="true">
    <issue href="https://github.com/dgroup/vcs4sql/issues/13">13</issue>
    <ticket>DEV</ticket>
    <estimate>0</estimate>
    <role>DEV</role>
    <id>DEV-dab00982</id>
    <lines>13-14</lines>
    <body>...</body>
    <file>...</file>
    <author>...</author>
    <email>...</email>
    <time>2020-01-16T16:50:44Z</time>
    <children/>
  </puzzle>
  <puzzle alive="true">
    <issue href="https://github.com/dgroup/vcs4sql/issues/14">14</issue>
    <ticket>DEV</ticket>
    <estimate>0</estimate>
    <role>DEV</role>
    <id>DEV-7d90d09b</id>
    <lines>16-34</lines>
    <body>...</body>
    <file>...</file>
    <author>...</author>
    <email>...</email>
    <time>2020-01-16T16:50:44Z</time>
    <children/>
  </puzzle>
</puzzles>
