<?xml version="1.0"?>
<puzzles xmlns:xsi="http://www.w3.org/2001/XMLSchema-instance" xsi:noNamespaceSchemaLocation="http://www.0pdd.com/puzzles.xsd" date="2019-12-15T15:16:40+00:00" version="BUILD">
  <puzzle alive="false">
    <issue href="https://github.com/dgroup/xlsx-matchers/issues/2" closed="2019-12-15T15:16:30+00:00">2</issue>
    <ticket>DEV</ticket>
    <estimate>0</estimate>
    <role>DEV</role>
    <id>DEV-053de3aa</id>
    <lines>7-7</lines>
    <body>...</body>
    <file>...</file>
    <author>...</author>
    <email>...</email>
    <time>2019-12-15T12:58:49Z</time>
    <children/>
  </puzzle>
  <puzzle alive="true">
    <issue href="https://github.com/dgroup/xlsx-matchers/issues/3">3</issue>
    <ticket>DEV</ticket>
    <estimate>0</estimate>
    <role>DEV</role>
    <id>DEV-04774ad8</id>
    <lines>9-16</lines>
    <body>...</body>
    <file>...</file>
    <author>...</author>
    <email>...</email>
    <time>2019-12-15T12:58:49Z</time>
    <children/>
  </puzzle>
  <puzzle alive="false">
    <issue href="https://github.com/dgroup/xlsx-matchers/issues/4" closed="2019-12-15T15:16:35+00:00">4</issue>
    <ticket>DEV</ticket>
    <estimate>0</estimate>
    <role>DEV</role>
    <id>DEV-4ee84fa2</id>
    <lines>33-33</lines>
    <body>...</body>
    <file>...</file>
    <author>...</author>
    <email>...</email>
    <time>2019-12-15T12:58:49Z</time>
    <children/>
  </puzzle>
  <puzzle alive="false">
    <issue href="https://github.com/dgroup/xlsx-matchers/issues/5" closed="2019-12-15T15:16:40+00:00">5</issue>
    <ticket>DEV</ticket>
    <estimate>0</estimate>
    <role>DEV</role>
    <id>DEV-8182bd15</id>
    <lines>35-35</lines>
    <body>...</body>
    <file>...</file>
    <author>...</author>
    <email>...</email>
    <time>2019-12-15T12:58:49Z</time>
    <children/>
  </puzzle>
  <puzzle alive="true">
    <issue href="https://github.com/dgroup/xlsx-matchers/issues/6">6</issue>
    <ticket>DEV</ticket>
    <estimate>0</estimate>
    <role>DEV</role>
    <id>DEV-65a70c0d</id>
    <lines>112-112</lines>
    <body>...</body>
    <file>...</file>
    <author>...</author>
    <email>...</email>
    <time>2019-12-15T12:58:49Z</time>
    <children/>
  </puzzle>
  <puzzle alive="true">
    <issue href="https://github.com/dgroup/xlsx-matchers/issues/7">7</issue>
    <ticket>DEV</ticket>
    <estimate>0</estimate>
    <role>DEV</role>
    <id>DEV-08faa53a</id>
    <lines>146-146</lines>
    <body>...</body>
    <file>...</file>
    <author>...</author>
    <email>...</email>
    <time>2019-12-15T12:58:49Z</time>
    <children/>
  </puzzle>
</puzzles>
