<?xml version="1.0"?>
<puzzles xmlns:xsi="http://www.w3.org/2001/XMLSchema-instance" xsi:noNamespaceSchemaLocation="http://www.0pdd.com/puzzles.xsd" date="2018-01-17T07:59:50+00:00" version="0.28.5">
  <puzzle alive="true">
    <ticket>1</ticket>
    <estimate>30</estimate>
    <role>DEV</role>
    <id>1-b9e7fc99</id>
    <lines>22-22</lines>
    <body>...</body>
    <file>...</file>
    <author>...</author>
    <email>...</email>
    <time>2018-01-17T07:59:41Z</time>
    <children/>
    <issue href="https://github.com/csssr-team/express-example/issues/2">2</issue>
  </puzzle>
</puzzles>
