<?xml version="1.0"?>
<puzzles xmlns:xsi="http://www.w3.org/2001/XMLSchema-instance" xsi:noNamespaceSchemaLocation="http://www.0pdd.com/puzzles.xsd" date="2019-12-02T00:53:46+00:00" version="BUILD">
  <puzzle alive="false">
    <issue href="https://github.com/January-ai/estimated-gl/issues/5" closed="2018-08-31T00:40:53+00:00">5</issue>
    <ticket>2</ticket>
    <estimate>30</estimate>
    <role>DEV</role>
    <id>2-a90cd161</id>
    <lines>54-57</lines>
    <body>...</body>
    <file>...</file>
    <author>...</author>
    <email>...</email>
    <time>2018-08-20T06:36:07Z</time>
    <children>
      <puzzle alive="false">
        <issue href="https://github.com/January-ai/estimated-gl/issues/24" closed="2018-09-03T06:11:20+00:00">24</issue>
        <ticket>5</ticket>
        <estimate>30</estimate>
        <role>DEV</role>
        <id>5-82114335</id>
        <lines>9-10</lines>
        <body>...</body>
        <file>...</file>
        <author>...</author>
        <email>...</email>
        <time>2018-08-31T00:39:26Z</time>
        <children/>
      </puzzle>
      <puzzle alive="false">
        <issue href="https://github.com/January-ai/estimated-gl/issues/25" closed="2018-09-03T06:11:22+00:00">25</issue>
        <ticket>5</ticket>
        <estimate>30</estimate>
        <role>DEV</role>
        <id>5-fd68eeca</id>
        <lines>11-13</lines>
        <body>...</body>
        <file>...</file>
        <author>...</author>
        <email>...</email>
        <time>2018-08-31T00:39:26Z</time>
        <children>
          <puzzle alive="false">
            <issue href="https://github.com/January-ai/estimated-gl/issues/35" closed="2018-09-10T00:19:30+00:00">35</issue>
            <ticket>25</ticket>
            <estimate>30</estimate>
            <role>DEV</role>
            <id>25-b36e2ff9</id>
            <lines>50-52</lines>
            <body>...</body>
            <file>...</file>
            <author>...</author>
            <email>...</email>
            <time>2018-09-03T06:05:10Z</time>
            <children/>
          </puzzle>
        </children>
      </puzzle>
      <puzzle alive="false">
        <issue href="https://github.com/January-ai/estimated-gl/issues/26" closed="2018-09-02T23:59:54+00:00">26</issue>
        <ticket>5</ticket>
        <estimate>30</estimate>
        <role>DEV</role>
        <id>5-addbcaa3</id>
        <lines>12-13</lines>
        <body>...</body>
        <file>...</file>
        <author>...</author>
        <email>...</email>
        <time>2018-08-31T00:39:26Z</time>
        <children/>
      </puzzle>
    </children>
  </puzzle>
  <puzzle alive="false">
    <issue href="https://github.com/January-ai/estimated-gl/issues/9" closed="2018-08-29T21:56:52+00:00">9</issue>
    <ticket>7</ticket>
    <estimate>30</estimate>
    <role>DEV</role>
    <id>7-0210e728</id>
    <lines>56-59</lines>
    <body>...</body>
    <file>...</file>
    <author>...</author>
    <email>...</email>
    <time>2018-08-22T01:37:54Z</time>
    <children/>
  </puzzle>
  <puzzle alive="false">
    <issue href="https://github.com/January-ai/estimated-gl/issues/10" closed="2018-08-28T04:16:22+00:00">10</issue>
    <ticket>1</ticket>
    <estimate>30</estimate>
    <role>DEV</role>
    <id>1-cc1acdde</id>
    <lines>11-16</lines>
    <body>...</body>
    <file>...</file>
    <author>...</author>
    <email>...</email>
    <time>2018-08-22T01:37:54Z</time>
    <children>
      <puzzle alive="false">
        <issue href="https://github.com/January-ai/estimated-gl/issues/14" closed="2018-08-30T06:24:10+00:00">14</issue>
        <ticket>10</ticket>
        <estimate>30</estimate>
        <role>DEV</role>
        <id>10-53397eba</id>
        <lines>18-20</lines>
        <body>...</body>
        <file>...</file>
        <author>...</author>
        <email>...</email>
        <time>2018-08-28T03:58:20Z</time>
        <children>
          <puzzle alive="false">
            <issue href="https://github.com/January-ai/estimated-gl/issues/21" closed="2018-09-02T06:01:14+00:00">21</issue>
            <ticket>14</ticket>
            <estimate>30</estimate>
            <role>DEV</role>
            <id>14-53397eba</id>
            <lines>19-21</lines>
            <body>...</body>
            <file>...</file>
            <author>...</author>
            <email>...</email>
            <time>2018-08-29T16:02:51Z</time>
            <children>
              <puzzle alive="false">
                <issue href="https://github.com/January-ai/estimated-gl/issues/33" closed="2018-09-05T21:48:55+00:00">33</issue>
                <ticket>21</ticket>
                <estimate>30</estimate>
                <role>DEV</role>
                <id>21-b40f5ff6</id>
                <lines>19-22</lines>
                <body>...</body>
                <file>...</file>
                <author>...</author>
                <email>...</email>
                <time>2018-08-30T23:20:32Z</time>
                <children>
                  <puzzle alive="false">
                    <issue href="https://github.com/January-ai/estimated-gl/issues/48" closed="2018-09-11T06:17:17+00:00">48</issue>
                    <ticket>33</ticket>
                    <estimate>30</estimate>
                    <role>DEV</role>
                    <id>33-94ea52e8</id>
                    <lines>51-54</lines>
                    <body>...</body>
                    <file>...</file>
                    <author>...</author>
                    <email>...</email>
                    <time>2018-09-05T01:50:48Z</time>
                    <children>
                      <puzzle alive="false">
                        <issue href="https://github.com/January-ai/estimated-gl/issues/54" closed="2018-09-17T00:26:42+00:00">54</issue>
                        <ticket>48</ticket>
                        <estimate>30</estimate>
                        <role>DEV</role>
                        <id>48-656f6985</id>
                        <lines>19-21</lines>
                        <body>...</body>
                        <file>...</file>
                        <author>...</author>
                        <email>...</email>
                        <time>2018-09-09T02:07:12Z</time>
                        <children/>
                      </puzzle>
                    </children>
                  </puzzle>
                </children>
              </puzzle>
            </children>
          </puzzle>
          <puzzle alive="false">
            <issue href="https://github.com/January-ai/estimated-gl/issues/22" closed="2018-09-05T01:05:49+00:00">22</issue>
            <ticket>14</ticket>
            <estimate>30</estimate>
            <role>DEV</role>
            <id>14-c36df216</id>
            <lines>22-23</lines>
            <body>...</body>
            <file>...</file>
            <author>...</author>
            <email>...</email>
            <time>2018-08-29T17:39:48Z</time>
            <children>
              <puzzle alive="false">
                <issue href="https://github.com/January-ai/estimated-gl/issues/42" closed="2018-09-11T06:35:09+00:00">42</issue>
                <ticket>22</ticket>
                <estimate>30</estimate>
                <role>DEV</role>
                <id>22-4459341f</id>
                <lines>15-16</lines>
                <body>...</body>
                <file>...</file>
                <author>...</author>
                <email>...</email>
                <time>2018-09-03T21:51:04Z</time>
                <children>
                  <puzzle alive="false">
                    <issue href="https://github.com/January-ai/estimated-gl/issues/55" closed="2018-09-17T00:41:13+00:00">55</issue>
                    <ticket>42</ticket>
                    <estimate>30</estimate>
                    <role>DEV</role>
                    <id>42-b7fb886b</id>
                    <lines>13-17</lines>
                    <body>...</body>
                    <file>...</file>
                    <author>...</author>
                    <email>...</email>
                    <time>2018-09-09T11:32:26Z</time>
                    <children>
                      <puzzle alive="false">
                        <issue href="https://github.com/January-ai/estimated-gl/issues/62" closed="2018-09-17T23:40:25+00:00">62</issue>
                        <ticket>55</ticket>
                        <estimate>30</estimate>
                        <role>DEV</role>
                        <id>55-f36195b0</id>
                        <lines>12-13</lines>
                        <body>...</body>
                        <file>...</file>
                        <author>...</author>
                        <email>...</email>
                        <time>2018-09-15T11:54:12Z</time>
                        <children/>
                      </puzzle>
                      <puzzle alive="false">
                        <issue href="https://github.com/January-ai/estimated-gl/issues/63" closed="2018-09-17T02:51:03+00:00">63</issue>
                        <ticket>55</ticket>
                        <estimate>30</estimate>
                        <role>DEV</role>
                        <id>55-fd3b5fd3</id>
                        <lines>17-19</lines>
                        <body>...</body>
                        <file>...</file>
                        <author>...</author>
                        <email>...</email>
                        <time>2018-09-16T19:35:19Z</time>
                        <children/>
                      </puzzle>
                    </children>
                  </puzzle>
                </children>
              </puzzle>
            </children>
          </puzzle>
        </children>
      </puzzle>
      <puzzle alive="false">
        <issue href="https://github.com/January-ai/estimated-gl/issues/15" closed="2018-09-02T05:53:47+00:00">15</issue>
        <ticket>10</ticket>
        <estimate>30</estimate>
        <role>DEV</role>
        <id>10-eea6ab6e</id>
        <lines>11-13</lines>
        <body>...</body>
        <file>...</file>
        <author>...</author>
        <email>...</email>
        <time>2018-08-28T03:58:20Z</time>
        <children>
          <puzzle alive="false">
            <issue href="https://github.com/January-ai/estimated-gl/issues/31" closed="2018-09-05T06:02:27+00:00">31</issue>
            <ticket>15</ticket>
            <estimate>30</estimate>
            <role>DEV</role>
            <id>15-48c9b913</id>
            <lines>17-19</lines>
            <body>...</body>
            <file>...</file>
            <author>...</author>
            <email>...</email>
            <time>2018-09-01T20:52:54Z</time>
            <children/>
          </puzzle>
          <puzzle alive="false">
            <issue href="https://github.com/January-ai/estimated-gl/issues/32" closed="2018-09-04T23:43:02+00:00">32</issue>
            <ticket>15</ticket>
            <estimate>30</estimate>
            <role>DEV</role>
            <id>15-75f6dc92</id>
            <lines>13-14</lines>
            <body>...</body>
            <file>...</file>
            <author>...</author>
            <email>...</email>
            <time>2018-09-01T20:52:54Z</time>
            <children>
              <puzzle alive="false">
                <issue href="https://github.com/January-ai/estimated-gl/issues/40" closed="2018-09-10T23:50:00+00:00">40</issue>
                <ticket>32</ticket>
                <estimate>30</estimate>
                <role>DEV</role>
                <id>32-f1a7755a</id>
                <lines>21-22</lines>
                <body>...</body>
                <file>...</file>
                <author>...</author>
                <email>...</email>
                <time>2018-09-04T16:32:41Z</time>
                <children>
                  <puzzle alive="false">
                    <issue href="https://github.com/January-ai/estimated-gl/issues/53" closed="2018-09-17T06:25:40+00:00">53</issue>
                    <ticket>40</ticket>
                    <estimate>30</estimate>
                    <role>DEV</role>
                    <id>40-df4461fe</id>
                    <lines>14-16</lines>
                    <body>...</body>
                    <file>...</file>
                    <author>...</author>
                    <email>...</email>
                    <time>2018-09-10T16:50:30Z</time>
                    <children>
                      <puzzle alive="false">
                        <issue href="https://github.com/January-ai/estimated-gl/issues/68" closed="2018-09-24T00:36:50+00:00">68</issue>
                        <ticket>53</ticket>
                        <estimate>30</estimate>
                        <role>DEV</role>
                        <id>53-6e281601</id>
                        <lines>21-23</lines>
                        <body>...</body>
                        <file>...</file>
                        <author>...</author>
                        <email>...</email>
                        <time>2018-09-13T20:36:20Z</time>
                        <children/>
                      </puzzle>
                    </children>
                  </puzzle>
                </children>
              </puzzle>
              <puzzle alive="false">
                <issue href="https://github.com/January-ai/estimated-gl/issues/41" closed="2018-09-10T00:36:42+00:00">41</issue>
                <ticket>32</ticket>
                <estimate>30</estimate>
                <role>DEV</role>
                <id>32-abc855ba</id>
                <lines>57-63</lines>
                <body>...</body>
                <file>...</file>
                <author>...</author>
                <email>...</email>
                <time>2018-09-04T16:32:41Z</time>
                <children/>
              </puzzle>
            </children>
          </puzzle>
        </children>
      </puzzle>
    </children>
  </puzzle>
  <puzzle alive="false">
    <issue href="https://github.com/January-ai/estimated-gl/issues/46" closed="2018-09-14T00:08:25+00:00">46</issue>
    <ticket>27</ticket>
    <estimate>30</estimate>
    <role>DEV</role>
    <id>27-34c53a39</id>
    <lines>12-15</lines>
    <body>...</body>
    <file>...</file>
    <author>...</author>
    <email>...</email>
    <time>2018-09-05T06:45:42Z</time>
    <children>
      <puzzle alive="false">
        <issue href="https://github.com/January-ai/estimated-gl/issues/58" closed="2018-09-17T00:05:44+00:00">58</issue>
        <ticket>46</ticket>
        <estimate>30</estimate>
        <role>DEV</role>
        <id>46-989d9707</id>
        <lines>11-13</lines>
        <body>...</body>
        <file>...</file>
        <author>...</author>
        <email>...</email>
        <time>2018-09-14T00:06:53Z</time>
        <children/>
      </puzzle>
    </children>
  </puzzle>
  <puzzle alive="false">
    <issue href="https://github.com/January-ai/estimated-gl/issues/47" closed="2018-09-13T21:32:12+00:00">47</issue>
    <ticket>27</ticket>
    <estimate>30</estimate>
    <role>DEV</role>
    <id>27-ba69c095</id>
    <lines>18-20</lines>
    <body>...</body>
    <file>...</file>
    <author>...</author>
    <email>...</email>
    <time>2018-09-05T06:45:42Z</time>
    <children/>
  </puzzle>
  <puzzle alive="false">
    <issue href="https://github.com/January-ai/estimated-gl/issues/71" closed="2018-09-27T08:30:36+00:00">71</issue>
    <ticket>66</ticket>
    <estimate>30</estimate>
    <role>DEV</role>
    <id>66-18334e6c</id>
    <lines>14-15</lines>
    <body>...</body>
    <file>...</file>
    <author>...</author>
    <email>...</email>
    <time>2018-09-17T17:47:00Z</time>
    <children>
      <puzzle alive="false">
        <issue href="https://github.com/January-ai/estimated-gl/issues/94" closed="2018-09-30T22:59:47+00:00">94</issue>
        <ticket>71</ticket>
        <estimate>30</estimate>
        <role>DEV</role>
        <id>71-a5cfc362</id>
        <lines>27-30</lines>
        <body>...</body>
        <file>...</file>
        <author>...</author>
        <email>...</email>
        <time>2018-09-27T06:38:34Z</time>
        <children/>
      </puzzle>
    </children>
  </puzzle>
  <puzzle alive="false">
    <issue href="https://github.com/January-ai/estimated-gl/issues/72" closed="2018-09-20T21:46:03+00:00">72</issue>
    <ticket>66</ticket>
    <estimate>30</estimate>
    <role>DEV</role>
    <id>66-e2677be7</id>
    <lines>13-14</lines>
    <body>...</body>
    <file>...</file>
    <author>...</author>
    <email>...</email>
    <time>2018-09-17T17:47:00Z</time>
    <children/>
  </puzzle>
  <puzzle alive="false">
    <issue href="https://github.com/January-ai/estimated-gl/issues/73" closed="2018-09-19T01:55:00+00:00">73</issue>
    <ticket>66</ticket>
    <estimate>30</estimate>
    <role>DEV</role>
    <id>66-012e9506</id>
    <lines>15-16</lines>
    <body>...</body>
    <file>...</file>
    <author>...</author>
    <email>...</email>
    <time>2018-09-17T17:47:00Z</time>
    <children/>
  </puzzle>
  <puzzle alive="false">
    <issue href="https://github.com/January-ai/estimated-gl/issues/74" closed="2018-09-25T03:55:16+00:00">74</issue>
    <ticket>66</ticket>
    <estimate>30</estimate>
    <role>DEV</role>
    <id>66-2359c963</id>
    <lines>17-19</lines>
    <body>...</body>
    <file>...</file>
    <author>...</author>
    <email>...</email>
    <time>2018-09-17T17:47:00Z</time>
    <children>
      <puzzle alive="false">
        <issue href="https://github.com/January-ai/estimated-gl/issues/91" closed="2018-10-01T17:19:00+00:00">91</issue>
        <ticket>74</ticket>
        <estimate>30</estimate>
        <role>DEV</role>
        <id>74-318c748c</id>
        <lines>20-22</lines>
        <body>...</body>
        <file>...</file>
        <author>...</author>
        <email>...</email>
        <time>2018-09-23T22:54:39Z</time>
        <children/>
      </puzzle>
      <puzzle alive="false">
        <issue href="https://github.com/January-ai/estimated-gl/issues/92" closed="2018-09-30T22:38:29+00:00">92</issue>
        <ticket>74</ticket>
        <estimate>30</estimate>
        <role>DEV</role>
        <id>74-aded72b1</id>
        <lines>23-26</lines>
        <body>...</body>
        <file>...</file>
        <author>...</author>
        <email>...</email>
        <time>2018-09-24T14:29:03Z</time>
        <children/>
      </puzzle>
    </children>
  </puzzle>
  <puzzle alive="false">
    <issue href="https://github.com/January-ai/estimated-gl/issues/75" closed="2018-09-28T12:12:52+00:00">75</issue>
    <ticket>66</ticket>
    <estimate>30</estimate>
    <role>DEV</role>
    <id>66-9f2c08d5</id>
    <lines>20-21</lines>
    <body>...</body>
    <file>...</file>
    <author>...</author>
    <email>...</email>
    <time>2018-09-17T19:48:36Z</time>
    <children/>
  </puzzle>
  <puzzle alive="false">
    <issue href="https://github.com/January-ai/estimated-gl/issues/79" closed="2018-09-25T03:47:46+00:00">79</issue>
    <ticket>67</ticket>
    <estimate>30</estimate>
    <role>DEV</role>
    <id>67-984acb4d</id>
    <lines>12-14</lines>
    <body>...</body>
    <file>...</file>
    <author>...</author>
    <email>...</email>
    <time>2018-09-18T23:41:10Z</time>
    <children>
      <puzzle alive="false">
        <issue href="https://github.com/January-ai/estimated-gl/issues/90" closed="2018-10-02T02:45:40+00:00">90</issue>
        <ticket>79</ticket>
        <estimate>30</estimate>
        <role>DEV</role>
        <id>79-28f6e53e</id>
        <lines>13-14</lines>
        <body>...</body>
        <file>...</file>
        <author>...</author>
        <email>...</email>
        <time>2018-09-22T19:27:31Z</time>
        <children>
          <puzzle alive="false">
            <issue href="https://github.com/January-ai/estimated-gl/issues/105" closed="2018-10-04T00:37:40+00:00">105</issue>
            <ticket>90</ticket>
            <estimate>30</estimate>
            <role>DEV</role>
            <id>90-71fb0bb6</id>
            <lines>26-28</lines>
            <body>...</body>
            <file>...</file>
            <author>...</author>
            <email>...</email>
            <time>2018-10-01T20:38:03Z</time>
            <children/>
          </puzzle>
        </children>
      </puzzle>
    </children>
  </puzzle>
  <puzzle alive="false">
    <issue href="https://github.com/January-ai/estimated-gl/issues/80" closed="2018-09-24T23:41:16+00:00">80</issue>
    <ticket>67</ticket>
    <estimate>30</estimate>
    <role>DEV</role>
    <id>67-8f08a921</id>
    <lines>16-18</lines>
    <body>...</body>
    <file>...</file>
    <author>...</author>
    <email>...</email>
    <time>2018-09-18T23:41:10Z</time>
    <children/>
  </puzzle>
  <puzzle alive="false">
    <issue href="https://github.com/January-ai/estimated-gl/issues/103" closed="2018-10-04T23:58:14+00:00">103</issue>
    <ticket>95</ticket>
    <estimate>30</estimate>
    <role>DEV</role>
    <id>95-49a923c3</id>
    <lines>24-33</lines>
    <body>...</body>
    <file>...</file>
    <author>...</author>
    <email>...</email>
    <time>2018-09-30T20:23:06Z</time>
    <children>
      <puzzle alive="false">
        <issue href="https://github.com/January-ai/estimated-gl/issues/113" closed="2018-10-10T08:20:33+00:00">113</issue>
        <ticket>103</ticket>
        <estimate>30</estimate>
        <role>DEV</role>
        <id>103-878a602e</id>
        <lines>20-22</lines>
        <body>...</body>
        <file>...</file>
        <author>...</author>
        <email>...</email>
        <time>2018-10-04T07:05:56Z</time>
        <children>
          <puzzle alive="false">
            <issue href="https://github.com/January-ai/estimated-gl/issues/129" closed="2018-10-12T23:30:20+00:00">129</issue>
            <ticket>113</ticket>
            <estimate>30</estimate>
            <role>DEV</role>
            <id>113-ad8d90c8</id>
            <lines>20-24</lines>
            <body>...</body>
            <file>...</file>
            <author>...</author>
            <email>...</email>
            <time>2018-10-10T07:18:13Z</time>
            <children/>
          </puzzle>
        </children>
      </puzzle>
    </children>
  </puzzle>
  <puzzle alive="false">
    <issue href="https://github.com/January-ai/estimated-gl/issues/112" closed="2018-10-11T01:43:37+00:00">112</issue>
    <ticket>104</ticket>
    <estimate>30</estimate>
    <role>DEV</role>
    <id>104-f1894829</id>
    <lines>22-28</lines>
    <body>...</body>
    <file>...</file>
    <author>...</author>
    <email>...</email>
    <time>2018-10-04T17:38:54Z</time>
    <children>
      <puzzle alive="false">
        <issue href="https://github.com/January-ai/estimated-gl/issues/134" closed="2018-10-15T23:48:15+00:00">134</issue>
        <ticket>112</ticket>
        <estimate>30</estimate>
        <role>DEV</role>
        <id>112-f812906a</id>
        <lines>29-32</lines>
        <body>...</body>
        <file>...</file>
        <author>...</author>
        <email>...</email>
        <time>2018-10-11T01:41:51Z</time>
        <children>
          <puzzle alive="false">
            <issue href="https://github.com/January-ai/estimated-gl/issues/154" closed="2018-10-16T06:06:29+00:00">154</issue>
            <ticket>134</ticket>
            <estimate>30</estimate>
            <role>DEV</role>
            <id>134-742866b2</id>
            <lines>18-21</lines>
            <body>...</body>
            <file>...</file>
            <author>...</author>
            <email>...</email>
            <time>2018-10-15T23:46:12Z</time>
            <children/>
          </puzzle>
        </children>
      </puzzle>
    </children>
  </puzzle>
  <puzzle alive="false">
    <issue href="https://github.com/January-ai/estimated-gl/issues/114" closed="2018-10-09T21:51:54+00:00">114</issue>
    <ticket>104</ticket>
    <estimate>30</estimate>
    <role>DEV</role>
    <id>104-a07c198c</id>
    <lines>29-37</lines>
    <body>...</body>
    <file>...</file>
    <author>...</author>
    <email>...</email>
    <time>2018-10-04T17:38:54Z</time>
    <children>
      <puzzle alive="false">
        <issue href="https://github.com/January-ai/estimated-gl/issues/128" closed="2018-10-13T15:45:37+00:00">128</issue>
        <ticket>114</ticket>
        <estimate>30</estimate>
        <role>DEV</role>
        <id>114-1ba6b837</id>
        <lines>23-26</lines>
        <body>...</body>
        <file>...</file>
        <author>...</author>
        <email>...</email>
        <time>2018-10-09T21:50:10Z</time>
        <children>
          <puzzle alive="false">
            <issue href="https://github.com/January-ai/estimated-gl/issues/147" closed="2018-10-19T02:04:01+00:00">147</issue>
            <ticket>128</ticket>
            <estimate>30</estimate>
            <role>DEV</role>
            <id>128-d8ac2388</id>
            <lines>15-17</lines>
            <body>...</body>
            <file>...</file>
            <author>...</author>
            <email>...</email>
            <time>2018-10-13T00:52:48Z</time>
            <children/>
          </puzzle>
        </children>
      </puzzle>
    </children>
  </puzzle>
  <puzzle alive="false">
    <issue href="https://github.com/January-ai/estimated-gl/issues/120" closed="2018-10-09T22:07:28+00:00">120</issue>
    <ticket>109</ticket>
    <estimate>30</estimate>
    <role>DEV</role>
    <id>109-2bcf2e50</id>
    <lines>13-14</lines>
    <body>...</body>
    <file>...</file>
    <author>...</author>
    <email>...</email>
    <time>2018-10-08T00:40:07Z</time>
    <children/>
  </puzzle>
  <puzzle alive="false">
    <issue href="https://github.com/January-ai/estimated-gl/issues/121" closed="2018-10-09T22:15:17+00:00">121</issue>
    <ticket>109</ticket>
    <estimate>30</estimate>
    <role>DEV</role>
    <id>109-5ef79e7c</id>
    <lines>13-14</lines>
    <body>...</body>
    <file>...</file>
    <author>...</author>
    <email>...</email>
    <time>2018-10-08T00:40:07Z</time>
    <children/>
  </puzzle>
  <puzzle alive="false">
    <issue href="https://github.com/January-ai/estimated-gl/issues/122" closed="2018-10-16T01:37:20+00:00">122</issue>
    <ticket>109</ticket>
    <estimate>30</estimate>
    <role>DEV</role>
    <id>109-25854738</id>
    <lines>15-17</lines>
    <body>...</body>
    <file>...</file>
    <author>...</author>
    <email>...</email>
    <time>2018-10-08T00:40:07Z</time>
    <children>
      <puzzle alive="false">
        <issue href="https://github.com/January-ai/estimated-gl/issues/155" closed="2018-10-24T14:01:55+00:00">155</issue>
        <ticket>122</ticket>
        <estimate>30</estimate>
        <role>DEV</role>
        <id>122-27c41f79</id>
        <lines>12-15</lines>
        <body>...</body>
        <file>...</file>
        <author>...</author>
        <email>...</email>
        <time>2018-10-14T15:32:27Z</time>
        <children>
          <puzzle alive="true">
            <issue href="https://github.com/January-ai/estimated-gl/issues/165">165</issue>
            <ticket>155</ticket>
            <estimate>30</estimate>
            <role>DEV</role>
            <id>155-f029b438</id>
            <lines>14-16</lines>
            <body>...</body>
            <file>...</file>
            <author>...</author>
            <email>...</email>
            <time>2018-10-24T13:59:51Z</time>
            <children/>
          </puzzle>
          <puzzle alive="true">
            <issue href="https://github.com/January-ai/estimated-gl/issues/166">166</issue>
            <ticket>155</ticket>
            <estimate>30</estimate>
            <role>DEV</role>
            <id>155-02481862</id>
            <lines>17-18</lines>
            <body>...</body>
            <file>...</file>
            <author>...</author>
            <email>...</email>
            <time>2018-10-24T13:59:51Z</time>
            <children/>
          </puzzle>
        </children>
      </puzzle>
    </children>
  </puzzle>
  <puzzle alive="false">
    <issue href="https://github.com/January-ai/estimated-gl/issues/123" closed="2018-10-12T23:45:49+00:00">123</issue>
    <ticket>109</ticket>
    <estimate>30</estimate>
    <role>DEV</role>
    <id>109-3f6dfa04</id>
    <lines>18-20</lines>
    <body>...</body>
    <file>...</file>
    <author>...</author>
    <email>...</email>
    <time>2018-10-08T00:40:07Z</time>
    <children>
      <puzzle alive="false">
        <issue href="https://github.com/January-ai/estimated-gl/issues/143" closed="2018-10-22T05:48:14+00:00">143</issue>
        <ticket>123</ticket>
        <estimate>30</estimate>
        <role>DEV</role>
        <id>123-ebab31bf</id>
        <lines>9-11</lines>
        <body>...</body>
        <file>...</file>
        <author>...</author>
        <email>...</email>
        <time>2018-10-10T17:24:18Z</time>
        <children>
          <puzzle alive="true">
            <issue href="https://github.com/January-ai/estimated-gl/issues/164">164</issue>
            <ticket>143</ticket>
            <estimate>30</estimate>
            <role>DEV</role>
            <id>143-7458a90b</id>
            <lines>11-14</lines>
            <body>...</body>
            <file>...</file>
            <author>...</author>
            <email>...</email>
            <time>2018-10-22T05:47:40Z</time>
            <children/>
          </puzzle>
        </children>
      </puzzle>
      <puzzle alive="false">
        <issue href="https://github.com/January-ai/estimated-gl/issues/144" closed="2018-10-26T23:07:56+00:00">144</issue>
        <ticket>123</ticket>
        <estimate>30</estimate>
        <role>DEV</role>
        <id>123-dc75e8e8</id>
        <lines>16-18</lines>
        <body>...</body>
        <file>...</file>
        <author>...</author>
        <email>...</email>
        <time>2018-10-10T17:24:18Z</time>
        <children/>
      </puzzle>
    </children>
  </puzzle>
  <puzzle alive="false">
    <issue href="https://github.com/January-ai/estimated-gl/issues/135" closed="2018-10-14T22:25:52+00:00">135</issue>
    <ticket>115</ticket>
    <estimate>30</estimate>
    <role>DEV</role>
    <id>115-f2ddc772</id>
    <lines>31-32</lines>
    <body>...</body>
    <file>...</file>
    <author>...</author>
    <email>...</email>
    <time>2018-10-10T14:32:33Z</time>
    <children/>
  </puzzle>
  <puzzle alive="false">
    <issue href="https://github.com/January-ai/estimated-gl/issues/142" closed="2018-10-16T02:12:20+00:00">142</issue>
    <ticket>131</ticket>
    <estimate>30</estimate>
    <role>DEV</role>
    <id>131-01309b74</id>
    <lines>11-12</lines>
    <body>...</body>
    <file>...</file>
    <author>...</author>
    <email>...</email>
    <time>2018-10-12T15:35:12Z</time>
    <children/>
  </puzzle>
  <puzzle alive="false">
    <issue href="https://github.com/January-ai/estimated-gl/issues/145" closed="2018-10-18T00:24:53+00:00">145</issue>
    <ticket>139</ticket>
    <estimate>30</estimate>
    <role>DEV</role>
    <id>139-6feef983</id>
    <lines>9-13</lines>
    <body>...</body>
    <file>...</file>
    <author>...</author>
    <email>...</email>
    <time>2018-10-11T22:49:14Z</time>
    <children/>
  </puzzle>
  <puzzle alive="false">
    <issue href="https://github.com/January-ai/estimated-gl/issues/174" closed="2019-04-02T21:51:06+00:00">174</issue>
    <ticket>170</ticket>
    <estimate>30</estimate>
    <role>DEV</role>
    <id>170-33e47683</id>
    <lines>5-8</lines>
    <body>...</body>
    <file>...</file>
    <author>...</author>
    <email>...</email>
    <time>2019-03-21T09:34:41Z</time>
    <children>
      <puzzle alive="false">
        <issue href="https://github.com/January-ai/estimated-gl/issues/177" closed="2019-08-13T01:33:56+00:00">177</issue>
        <ticket>174</ticket>
        <estimate>30</estimate>
        <role>DEV</role>
        <id>174-66434649</id>
        <lines>13-14</lines>
        <body>...</body>
        <file>...</file>
        <author>...</author>
        <email>...</email>
        <time>2019-04-02T13:10:51Z</time>
        <children/>
      </puzzle>
      <puzzle alive="false">
        <issue href="https://github.com/January-ai/estimated-gl/issues/178" closed="2019-04-17T23:01:11+00:00">178</issue>
        <ticket>174</ticket>
        <estimate>30</estimate>
        <role>DEV</role>
        <id>174-2c2affb9</id>
        <lines>7-8</lines>
        <body>...</body>
        <file>...</file>
        <author>...</author>
        <email>...</email>
        <time>2019-04-02T13:10:51Z</time>
        <children>
          <puzzle alive="false">
            <issue href="https://github.com/January-ai/estimated-gl/issues/182" closed="2019-04-20T02:13:20+00:00">182</issue>
            <ticket>178</ticket>
            <estimate>30</estimate>
            <role>DEV</role>
            <id>178-1ffa5b51</id>
            <lines>17-23</lines>
            <body>...</body>
            <file>...</file>
            <author>...</author>
            <email>...</email>
            <time>2019-04-17T17:07:07Z</time>
            <children>
              <puzzle alive="false">
                <issue href="https://github.com/January-ai/estimated-gl/issues/185" closed="2019-06-04T22:20:56+00:00">185</issue>
                <ticket>182</ticket>
                <estimate>30</estimate>
                <role>DEV</role>
                <id>182-be2b15fc</id>
                <lines>17-23</lines>
                <body>...</body>
                <file>...</file>
                <author>...</author>
                <email>...</email>
                <time>2019-04-20T02:06:41Z</time>
                <children>
                  <puzzle alive="false">
                    <issue href="https://github.com/January-ai/estimated-gl/issues/202" closed="2019-06-23T12:28:30+00:00">202</issue>
                    <ticket>185</ticket>
                    <estimate>30</estimate>
                    <role>DEV</role>
                    <id>185-78d955b8</id>
                    <lines>155-159</lines>
                    <body>...</body>
                    <file>...</file>
                    <author>...</author>
                    <email>...</email>
                    <time>2019-06-04T15:07:58Z</time>
                    <children/>
                  </puzzle>
                </children>
              </puzzle>
            </children>
          </puzzle>
          <puzzle alive="false">
            <issue href="https://github.com/January-ai/estimated-gl/issues/183" closed="2019-04-24T23:58:39+00:00">183</issue>
            <ticket>178</ticket>
            <estimate>30</estimate>
            <role>DEV</role>
            <id>178-3eb0115f</id>
            <lines>13-14</lines>
            <body>...</body>
            <file>...</file>
            <author>...</author>
            <email>...</email>
            <time>2019-04-17T17:07:07Z</time>
            <children>
              <puzzle alive="false">
                <issue href="https://github.com/January-ai/estimated-gl/issues/187" closed="2019-04-28T04:01:16+00:00">187</issue>
                <ticket>183</ticket>
                <estimate>30</estimate>
                <role>DEV</role>
                <id>183-1de49915</id>
                <lines>14-18</lines>
                <body>...</body>
                <file>...</file>
                <author>...</author>
                <email>...</email>
                <time>2019-04-24T22:23:44Z</time>
                <children/>
              </puzzle>
            </children>
          </puzzle>
        </children>
      </puzzle>
      <puzzle alive="false">
        <issue href="https://github.com/January-ai/estimated-gl/issues/179" closed="2019-06-06T03:08:53+00:00">179</issue>
        <ticket>174</ticket>
        <estimate>30</estimate>
        <role>DEV</role>
        <id>174-5046a70f</id>
        <lines>9-10</lines>
        <body>...</body>
        <file>...</file>
        <author>...</author>
        <email>...</email>
        <time>2019-04-02T13:10:51Z</time>
        <children>
          <puzzle alive="false">
            <issue href="https://github.com/January-ai/estimated-gl/issues/203" closed="2019-06-12T21:43:12+00:00">203</issue>
            <ticket>179</ticket>
            <estimate>30</estimate>
            <role>DEV</role>
            <id>179-fec66fa0</id>
            <lines>16-18</lines>
            <body>...</body>
            <file>...</file>
            <author>...</author>
            <email>...</email>
            <time>2019-06-06T03:06:26Z</time>
            <children/>
          </puzzle>
          <puzzle alive="false">
            <issue href="https://github.com/January-ai/estimated-gl/issues/204" closed="2019-06-08T00:50:10+00:00">204</issue>
            <ticket>179</ticket>
            <estimate>30</estimate>
            <role>DEV</role>
            <id>179-bd75b6e4</id>
            <lines>11-15</lines>
            <body>...</body>
            <file>...</file>
            <author>...</author>
            <email>...</email>
            <time>2019-06-06T03:06:26Z</time>
            <children/>
          </puzzle>
        </children>
      </puzzle>
    </children>
  </puzzle>
  <puzzle alive="false">
    <issue href="https://github.com/January-ai/estimated-gl/issues/195" closed="2019-06-17T07:39:36+00:00">195</issue>
    <ticket>192</ticket>
    <estimate>30</estimate>
    <role>DEV</role>
    <id>192-7a3883c1</id>
    <lines>35-39</lines>
    <body>...</body>
    <file>...</file>
    <author>...</author>
    <email>...</email>
    <time>2019-05-29T14:35:37Z</time>
    <children/>
  </puzzle>
  <puzzle alive="false">
    <issue href="https://github.com/January-ai/estimated-gl/issues/197" closed="2019-06-19T21:45:17+00:00">197</issue>
    <ticket>191</ticket>
    <estimate>30</estimate>
    <role>DEV</role>
    <id>191-a33a578a</id>
    <lines>14-16</lines>
    <body>...</body>
    <file>...</file>
    <author>...</author>
    <email>...</email>
    <time>2019-05-31T06:20:37Z</time>
    <children>
      <puzzle alive="false">
        <issue href="https://github.com/January-ai/estimated-gl/issues/211" closed="2019-06-23T12:28:32+00:00">211</issue>
        <ticket>197</ticket>
        <estimate>30</estimate>
        <role>DEV</role>
        <id>197-eff15880</id>
        <lines>189-195</lines>
        <body>...</body>
        <file>...</file>
        <author>...</author>
        <email>...</email>
        <time>2019-06-19T18:12:48Z</time>
        <children/>
      </puzzle>
      <puzzle alive="false">
        <issue href="https://github.com/January-ai/estimated-gl/issues/212" closed="2019-06-21T02:26:53+00:00">212</issue>
        <ticket>197</ticket>
        <estimate>30</estimate>
        <role>DEV</role>
        <id>197-11a51e7c</id>
        <lines>7-10</lines>
        <body>...</body>
        <file>...</file>
        <author>...</author>
        <email>...</email>
        <time>2019-06-19T18:12:48Z</time>
        <children/>
      </puzzle>
    </children>
  </puzzle>
  <puzzle alive="false">
    <issue href="https://github.com/January-ai/estimated-gl/issues/198" closed="2019-06-23T12:28:33+00:00">198</issue>
    <ticket>191</ticket>
    <estimate>30</estimate>
    <role>DEV</role>
    <id>191-76114376</id>
    <lines>13-14</lines>
    <body>...</body>
    <file>...</file>
    <author>...</author>
    <email>...</email>
    <time>2019-05-31T06:20:37Z</time>
    <children/>
  </puzzle>
  <puzzle alive="false">
    <issue href="https://github.com/January-ai/estimated-gl/issues/199" closed="2019-06-23T12:28:34+00:00">199</issue>
    <ticket>191</ticket>
    <estimate>30</estimate>
    <role>DEV</role>
    <id>191-7f53b76d</id>
    <lines>15-19</lines>
    <body>...</body>
    <file>...</file>
    <author>...</author>
    <email>...</email>
    <time>2019-05-31T06:20:37Z</time>
    <children/>
  </puzzle>
  <puzzle alive="false">
    <issue href="https://github.com/January-ai/estimated-gl/issues/217" closed="2019-06-23T22:34:19+00:00">217</issue>
    <ticket>213</ticket>
    <estimate>30</estimate>
    <role>DEV</role>
    <id>213-1a515147</id>
    <lines>13-16</lines>
    <body>...</body>
    <file>...</file>
    <author>...</author>
    <email>...</email>
    <time>2019-06-20T09:44:21Z</time>
    <children>
      <puzzle alive="false">
        <issue href="https://github.com/January-ai/estimated-gl/issues/223" closed="2019-06-26T06:22:48+00:00">223</issue>
        <ticket>217</ticket>
        <estimate>30</estimate>
        <role>DEV</role>
        <id>217-3b12aaa6</id>
        <lines>9-11</lines>
        <body>...</body>
        <file>...</file>
        <author>...</author>
        <email>...</email>
        <time>2019-06-21T20:14:42Z</time>
        <children>
          <puzzle alive="false">
            <issue href="https://github.com/January-ai/estimated-gl/issues/237" closed="2019-06-27T10:49:18+00:00">237</issue>
            <ticket>223</ticket>
            <estimate>30</estimate>
            <role>DEV</role>
            <id>223-64d59b25</id>
            <lines>77-78</lines>
            <body>...</body>
            <file>...</file>
            <author>...</author>
            <email>...</email>
            <time>2019-06-25T23:26:56Z</time>
            <children/>
          </puzzle>
        </children>
      </puzzle>
      <puzzle alive="false">
        <issue href="https://github.com/January-ai/estimated-gl/issues/224" closed="2019-06-25T23:18:55+00:00">224</issue>
        <ticket>217</ticket>
        <estimate>30</estimate>
        <role>DEV</role>
        <id>217-83eb9e00</id>
        <lines>23-25</lines>
        <body>...</body>
        <file>...</file>
        <author>...</author>
        <email>...</email>
        <time>2019-06-21T20:14:42Z</time>
        <children>
          <puzzle alive="false">
            <issue href="https://github.com/January-ai/estimated-gl/issues/235" closed="2019-07-04T08:57:15+00:00">235</issue>
            <ticket>224</ticket>
            <estimate>30</estimate>
            <role>DEV</role>
            <id>224-1319d994</id>
            <lines>92-94</lines>
            <body>...</body>
            <file>...</file>
            <author>...</author>
            <email>...</email>
            <time>2019-06-25T23:16:11Z</time>
            <children>
              <puzzle alive="false">
                <issue href="https://github.com/January-ai/estimated-gl/issues/258" closed="2019-07-08T00:16:02+00:00">258</issue>
                <ticket>235</ticket>
                <estimate>30</estimate>
                <role>DEV</role>
                <id>235-aac05019</id>
                <lines>105-107</lines>
                <body>...</body>
                <file>...</file>
                <author>...</author>
                <email>...</email>
                <time>2019-07-03T19:55:56Z</time>
                <children/>
              </puzzle>
            </children>
          </puzzle>
          <puzzle alive="false">
            <issue href="https://github.com/January-ai/estimated-gl/issues/236" closed="2019-07-03T14:37:47+00:00">236</issue>
            <ticket>224</ticket>
            <estimate>30</estimate>
            <role>DEV</role>
            <id>224-b698d657</id>
            <lines>12-14</lines>
            <body>...</body>
            <file>...</file>
            <author>...</author>
            <email>...</email>
            <time>2019-06-25T23:16:11Z</time>
            <children>
              <puzzle alive="false">
                <issue href="https://github.com/January-ai/estimated-gl/issues/257" closed="2019-07-05T21:56:07+00:00">257</issue>
                <ticket>236</ticket>
                <estimate>30</estimate>
                <role>DEV</role>
                <id>236-5f2c3dd3</id>
                <lines>91-93</lines>
                <body>...</body>
                <file>...</file>
                <author>...</author>
                <email>...</email>
                <time>2019-06-27T22:34:49Z</time>
                <children>
                  <puzzle alive="false">
                    <issue href="https://github.com/January-ai/estimated-gl/issues/265" closed="2019-07-09T10:07:45+00:00">265</issue>
                    <ticket>257</ticket>
                    <estimate>30</estimate>
                    <role>DEV</role>
                    <id>257-d71e2508</id>
                    <lines>92-93</lines>
                    <body>...</body>
                    <file>...</file>
                    <author>...</author>
                    <email>...</email>
                    <time>2019-07-05T13:59:04Z</time>
                    <children>
                      <puzzle alive="false">
                        <issue href="https://github.com/January-ai/estimated-gl/issues/278" closed="2019-07-22T09:01:46+00:00">278</issue>
                        <ticket>265</ticket>
                        <estimate>30</estimate>
                        <role>DEV</role>
                        <id>265-86e80be9</id>
                        <lines>94-99</lines>
                        <body>...</body>
                        <file>...</file>
                        <author>...</author>
                        <email>...</email>
                        <time>2019-07-09T10:04:58Z</time>
                        <children>
                          <puzzle alive="false">
                            <issue href="https://github.com/January-ai/estimated-gl/issues/297" closed="2019-07-28T03:17:33+00:00">297</issue>
                            <ticket>278</ticket>
                            <estimate>30</estimate>
                            <role>DEV</role>
                            <id>278-33b62417</id>
                            <lines>94-99</lines>
                            <body>...</body>
                            <file>...</file>
                            <author>...</author>
                            <email>...</email>
                            <time>2019-07-21T21:33:00Z</time>
                            <children/>
                          </puzzle>
                        </children>
                      </puzzle>
                      <puzzle alive="false">
                        <issue href="https://github.com/January-ai/estimated-gl/issues/279" closed="2019-07-18T01:06:23+00:00">279</issue>
                        <ticket>265</ticket>
                        <estimate>30</estimate>
                        <role>DEV</role>
                        <id>265-263a9c42</id>
                        <lines>12-14</lines>
                        <body>...</body>
                        <file>...</file>
                        <author>...</author>
                        <email>...</email>
                        <time>2019-07-09T10:04:58Z</time>
                        <children>
                          <puzzle alive="false">
                            <issue href="https://github.com/January-ai/estimated-gl/issues/291" closed="2019-07-22T21:51:01+00:00">291</issue>
                            <ticket>279</ticket>
                            <estimate>30</estimate>
                            <role>DEV</role>
                            <id>279-4d0cc0e0</id>
                            <lines>56-59</lines>
                            <body>...</body>
                            <file>...</file>
                            <author>...</author>
                            <email>...</email>
                            <time>2019-07-17T01:52:46Z</time>
                            <children/>
                          </puzzle>
                          <puzzle alive="false">
                            <issue href="https://github.com/January-ai/estimated-gl/issues/292" closed="2019-07-22T23:52:52+00:00">292</issue>
                            <ticket>279</ticket>
                            <estimate>30</estimate>
                            <role>DEV</role>
                            <id>279-31733eff</id>
                            <lines>60-62</lines>
                            <body>...</body>
                            <file>...</file>
                            <author>...</author>
                            <email>...</email>
                            <time>2019-07-17T01:52:46Z</time>
                            <children>
                              <puzzle alive="false">
                                <issue href="https://github.com/January-ai/estimated-gl/issues/300" closed="2019-07-30T21:51:11+00:00">300</issue>
                                <ticket>292</ticket>
                                <estimate>30</estimate>
                                <role>DEV</role>
                                <id>292-0e357073</id>
                                <lines>55-58</lines>
                                <body>...</body>
                                <file>...</file>
                                <author>...</author>
                                <email>...</email>
                                <time>2019-07-22T16:33:22Z</time>
                                <children>
                                  <puzzle alive="false">
                                    <issue href="https://github.com/January-ai/estimated-gl/issues/314" closed="2019-08-06T00:32:07+00:00">314</issue>
                                    <ticket>300</ticket>
                                    <estimate>30</estimate>
                                    <role>DEV</role>
                                    <id>300-5f78351d</id>
                                    <lines>75-77</lines>
                                    <body>...</body>
                                    <file>...</file>
                                    <author>...</author>
                                    <email>...</email>
                                    <time>2019-07-30T13:53:21Z</time>
                                    <children/>
                                  </puzzle>
                                  <puzzle alive="false">
                                    <issue href="https://github.com/January-ai/estimated-gl/issues/315" closed="2019-08-06T00:20:34+00:00">315</issue>
                                    <ticket>300</ticket>
                                    <estimate>30</estimate>
                                    <role>DEV</role>
                                    <id>300-e7fe57e3</id>
                                    <lines>66-68</lines>
                                    <body>...</body>
                                    <file>...</file>
                                    <author>...</author>
                                    <email>...</email>
                                    <time>2019-07-30T13:53:21Z</time>
                                    <children>
                                      <puzzle alive="false">
                                        <issue href="https://github.com/January-ai/estimated-gl/issues/325" closed="2019-08-10T22:53:59+00:00">325</issue>
                                        <ticket>315</ticket>
                                        <estimate>30</estimate>
                                        <role>DEV</role>
                                        <id>315-930bd0ef</id>
                                        <lines>24-28</lines>
                                        <body>...</body>
                                        <file>...</file>
                                        <author>...</author>
                                        <email>...</email>
                                        <time>2019-08-05T14:18:15Z</time>
                                        <children>
                                          <puzzle alive="false">
                                            <issue href="https://github.com/January-ai/estimated-gl/issues/331" closed="2019-08-15T22:01:30+00:00">331</issue>
                                            <ticket>325</ticket>
                                            <estimate>30</estimate>
                                            <role>DEV</role>
                                            <id>325-c8751eba</id>
                                            <lines>24-29</lines>
                                            <body>...</body>
                                            <file>...</file>
                                            <author>...</author>
                                            <email>...</email>
                                            <time>2019-08-09T21:08:21Z</time>
                                            <children>
                                              <puzzle alive="false">
                                                <issue href="https://github.com/January-ai/estimated-gl/issues/334" closed="2019-08-29T04:38:46+00:00">334</issue>
                                                <ticket>331</ticket>
                                                <estimate>30</estimate>
                                                <role>DEV</role>
                                                <id>331-73efc397</id>
                                                <lines>25-29</lines>
                                                <body>...</body>
                                                <file>...</file>
                                                <author>...</author>
                                                <email>...</email>
                                                <time>2019-08-15T09:38:36Z</time>
                                                <children>
                                                  <puzzle alive="true">
                                                    <issue href="https://github.com/January-ai/estimated-gl/issues/338">338</issue>
                                                    <ticket>334</ticket>
                                                    <estimate>30</estimate>
                                                    <role>DEV</role>
                                                    <id>334-58c5386a</id>
                                                    <lines>25-26</lines>
                                                    <body>...</body>
                                                    <file>...</file>
                                                    <author>...</author>
                                                    <email>...</email>
                                                    <time>2019-08-29T00:57:37Z</time>
                                                    <children/>
                                                  </puzzle>
                                                </children>
                                              </puzzle>
                                              <puzzle alive="false">
                                                <issue href="https://github.com/January-ai/estimated-gl/issues/335" closed="2019-08-21T08:23:14+00:00">335</issue>
                                                <ticket>331</ticket>
                                                <estimate>30</estimate>
                                                <role>DEV</role>
                                                <id>331-eb1a9286</id>
                                                <lines>127-134</lines>
                                                <body>...</body>
                                                <file>...</file>
                                                <author>...</author>
                                                <email>...</email>
                                                <time>2019-08-15T09:38:36Z</time>
                                                <children/>
                                              </puzzle>
                                            </children>
                                          </puzzle>
                                        </children>
                                      </puzzle>
                                    </children>
                                  </puzzle>
                                </children>
                              </puzzle>
                            </children>
                          </puzzle>
                        </children>
                      </puzzle>
                    </children>
                  </puzzle>
                </children>
              </puzzle>
            </children>
          </puzzle>
        </children>
      </puzzle>
      <puzzle alive="false">
        <issue href="https://github.com/January-ai/estimated-gl/issues/225" closed="2019-06-28T07:13:37+00:00">225</issue>
        <ticket>217</ticket>
        <estimate>30</estimate>
        <role>DEV</role>
        <id>217-c8aae866</id>
        <lines>95-97</lines>
        <body>...</body>
        <file>...</file>
        <author>...</author>
        <email>...</email>
        <time>2019-06-21T20:14:42Z</time>
        <children>
          <puzzle alive="false">
            <issue href="https://github.com/January-ai/estimated-gl/issues/248" closed="2019-07-02T21:43:14+00:00">248</issue>
            <ticket>225</ticket>
            <estimate>30</estimate>
            <role>DEV</role>
            <id>225-8cec24d7</id>
            <lines>24-26</lines>
            <body>...</body>
            <file>...</file>
            <author>...</author>
            <email>...</email>
            <time>2019-06-28T07:10:59Z</time>
            <children/>
          </puzzle>
          <puzzle alive="false">
            <issue href="https://github.com/January-ai/estimated-gl/issues/249" closed="2019-07-08T00:09:49+00:00">249</issue>
            <ticket>225</ticket>
            <estimate>30</estimate>
            <role>DEV</role>
            <id>225-930b9801</id>
            <lines>93-95</lines>
            <body>...</body>
            <file>...</file>
            <author>...</author>
            <email>...</email>
            <time>2019-06-28T07:10:59Z</time>
            <children>
              <puzzle alive="false">
                <issue href="https://github.com/January-ai/estimated-gl/issues/272" closed="2019-07-10T06:33:22+00:00">272</issue>
                <ticket>249</ticket>
                <estimate>30</estimate>
                <role>DEV</role>
                <id>249-c41b9c77</id>
                <lines>115-116</lines>
                <body>...</body>
                <file>...</file>
                <author>...</author>
                <email>...</email>
                <time>2019-07-04T23:33:58Z</time>
                <children/>
              </puzzle>
            </children>
          </puzzle>
        </children>
      </puzzle>
      <puzzle alive="false">
        <issue href="https://github.com/January-ai/estimated-gl/issues/226" closed="2019-06-24T21:52:59+00:00">226</issue>
        <ticket>217</ticket>
        <estimate>30</estimate>
        <role>DEV</role>
        <id>217-8caa0740</id>
        <lines>19-21</lines>
        <body>...</body>
        <file>...</file>
        <author>...</author>
        <email>...</email>
        <time>2019-06-22T14:13:41Z</time>
        <children/>
      </puzzle>
    </children>
  </puzzle>
  <puzzle alive="false">
    <issue href="https://github.com/January-ai/estimated-gl/issues/218" closed="2019-06-25T02:22:43+00:00">218</issue>
    <ticket>213</ticket>
    <estimate>30</estimate>
    <role>DEV</role>
    <id>213-55471964</id>
    <lines>48-52</lines>
    <body>...</body>
    <file>...</file>
    <author>...</author>
    <email>...</email>
    <time>2019-06-20T09:44:21Z</time>
    <children>
      <puzzle alive="false">
        <issue href="https://github.com/January-ai/estimated-gl/issues/232" closed="2019-07-03T14:27:06+00:00">232</issue>
        <ticket>218</ticket>
        <estimate>30</estimate>
        <role>DEV</role>
        <id>218-ce08484f</id>
        <lines>13-15</lines>
        <body>...</body>
        <file>...</file>
        <author>...</author>
        <email>...</email>
        <time>2019-06-22T23:14:11Z</time>
        <children>
          <puzzle alive="false">
            <issue href="https://github.com/January-ai/estimated-gl/issues/256" closed="2019-07-05T22:02:01+00:00">256</issue>
            <ticket>232</ticket>
            <estimate>30</estimate>
            <role>DEV</role>
            <id>232-f4d051ba</id>
            <lines>11-12</lines>
            <body>...</body>
            <file>...</file>
            <author>...</author>
            <email>...</email>
            <time>2019-07-03T14:24:21Z</time>
            <children>
              <puzzle alive="false">
                <issue href="https://github.com/January-ai/estimated-gl/issues/266" closed="2019-07-12T00:06:03+00:00">266</issue>
                <ticket>256</ticket>
                <estimate>30</estimate>
                <role>DEV</role>
                <id>256-d1c1f17d</id>
                <lines>17-20</lines>
                <body>...</body>
                <file>...</file>
                <author>...</author>
                <email>...</email>
                <time>2019-07-04T23:13:10Z</time>
                <children>
                  <puzzle alive="false">
                    <issue href="https://github.com/January-ai/estimated-gl/issues/282" closed="2019-07-18T21:47:47+00:00">282</issue>
                    <ticket>266</ticket>
                    <estimate>30</estimate>
                    <role>DEV</role>
                    <id>266-29b375b0</id>
                    <lines>15-20</lines>
                    <body>...</body>
                    <file>...</file>
                    <author>...</author>
                    <email>...</email>
                    <time>2019-07-12T00:03:13Z</time>
                    <children/>
                  </puzzle>
                </children>
              </puzzle>
              <puzzle alive="false">
                <issue href="https://github.com/January-ai/estimated-gl/issues/267" closed="2019-07-16T08:47:50+00:00">267</issue>
                <ticket>256</ticket>
                <estimate>30</estimate>
                <role>DEV</role>
                <id>256-94808f05</id>
                <lines>21-25</lines>
                <body>...</body>
                <file>...</file>
                <author>...</author>
                <email>...</email>
                <time>2019-07-04T23:13:10Z</time>
                <children/>
              </puzzle>
            </children>
          </puzzle>
        </children>
      </puzzle>
      <puzzle alive="false">
        <issue href="https://github.com/January-ai/estimated-gl/issues/233" closed="2019-06-27T21:45:33+00:00">233</issue>
        <ticket>218</ticket>
        <estimate>30</estimate>
        <role>DEV</role>
        <id>218-10e8ac94</id>
        <lines>14-15</lines>
        <body>...</body>
        <file>...</file>
        <author>...</author>
        <email>...</email>
        <time>2019-06-21T20:32:26Z</time>
        <children/>
      </puzzle>
      <puzzle alive="false">
        <issue href="https://github.com/January-ai/estimated-gl/issues/234" closed="2019-06-29T08:53:16+00:00">234</issue>
        <ticket>218</ticket>
        <estimate>30</estimate>
        <role>DEV</role>
        <id>218-2dad8af7</id>
        <lines>14-16</lines>
        <body>...</body>
        <file>...</file>
        <author>...</author>
        <email>...</email>
        <time>2019-06-22T23:14:11Z</time>
        <children/>
      </puzzle>
    </children>
  </puzzle>
  <puzzle alive="false">
    <issue href="https://github.com/January-ai/estimated-gl/issues/219" closed="2019-06-26T06:29:39+00:00">219</issue>
    <ticket>213</ticket>
    <estimate>30</estimate>
    <role>DEV</role>
    <id>213-a1e1ddea</id>
    <lines>94-97</lines>
    <body>...</body>
    <file>...</file>
    <author>...</author>
    <email>...</email>
    <time>2019-06-20T09:44:21Z</time>
    <children>
      <puzzle alive="false">
        <issue href="https://github.com/January-ai/estimated-gl/issues/238" closed="2019-06-28T22:08:26+00:00">238</issue>
        <ticket>219</ticket>
        <estimate>30</estimate>
        <role>DEV</role>
        <id>219-24035f41</id>
        <lines>12-13</lines>
        <body>...</body>
        <file>...</file>
        <author>...</author>
        <email>...</email>
        <time>2019-06-24T18:14:23Z</time>
        <children>
          <puzzle alive="false">
            <issue href="https://github.com/January-ai/estimated-gl/issues/250" closed="2019-07-02T00:38:16+00:00">250</issue>
            <ticket>238</ticket>
            <estimate>30</estimate>
            <role>DEV</role>
            <id>238-ed05b023</id>
            <lines>103-106</lines>
            <body>...</body>
            <file>...</file>
            <author>...</author>
            <email>...</email>
            <time>2019-06-27T07:16:39Z</time>
            <children>
              <puzzle alive="false">
                <issue href="https://github.com/January-ai/estimated-gl/issues/254" closed="2019-07-05T22:07:50+00:00">254</issue>
                <ticket>250</ticket>
                <estimate>30</estimate>
                <role>DEV</role>
                <id>250-7fef2456</id>
                <lines>101-104</lines>
                <body>...</body>
                <file>...</file>
                <author>...</author>
                <email>...</email>
                <time>2019-07-02T00:16:52Z</time>
                <children>
                  <puzzle alive="false">
                    <issue href="https://github.com/January-ai/estimated-gl/issues/268" closed="2019-07-08T13:16:20+00:00">268</issue>
                    <ticket>254</ticket>
                    <estimate>30</estimate>
                    <role>DEV</role>
                    <id>254-f0e8d81f</id>
                    <lines>108-109</lines>
                    <body>...</body>
                    <file>...</file>
                    <author>...</author>
                    <email>...</email>
                    <time>2019-07-05T00:00:18Z</time>
                    <children/>
                  </puzzle>
                  <puzzle alive="false">
                    <issue href="https://github.com/January-ai/estimated-gl/issues/269" closed="2019-07-09T00:15:51+00:00">269</issue>
                    <ticket>254</ticket>
                    <estimate>30</estimate>
                    <role>DEV</role>
                    <id>254-275fc6d5</id>
                    <lines>110-112</lines>
                    <body>...</body>
                    <file>...</file>
                    <author>...</author>
                    <email>...</email>
                    <time>2019-07-05T00:00:18Z</time>
                    <children/>
                  </puzzle>
                </children>
              </puzzle>
            </children>
          </puzzle>
        </children>
      </puzzle>
    </children>
  </puzzle>
  <puzzle alive="false">
    <issue href="https://github.com/January-ai/estimated-gl/issues/220" closed="2019-06-26T10:40:15+00:00">220</issue>
    <ticket>213</ticket>
    <estimate>30</estimate>
    <role>DEV</role>
    <id>213-c01b4b0a</id>
    <lines>120-122</lines>
    <body>...</body>
    <file>...</file>
    <author>...</author>
    <email>...</email>
    <time>2019-06-20T09:44:21Z</time>
    <children>
      <puzzle alive="false">
        <issue href="https://github.com/January-ai/estimated-gl/issues/239" closed="2019-07-02T21:49:30+00:00">239</issue>
        <ticket>220</ticket>
        <estimate>30</estimate>
        <role>DEV</role>
        <id>220-dd387242</id>
        <lines>118-122</lines>
        <body>...</body>
        <file>...</file>
        <author>...</author>
        <email>...</email>
        <time>2019-06-24T14:21:20Z</time>
        <children>
          <puzzle alive="false">
            <issue href="https://github.com/January-ai/estimated-gl/issues/255" closed="2019-07-08T00:03:40+00:00">255</issue>
            <ticket>239</ticket>
            <estimate>30</estimate>
            <role>DEV</role>
            <id>239-fb2e1519</id>
            <lines>14-20</lines>
            <body>...</body>
            <file>...</file>
            <author>...</author>
            <email>...</email>
            <time>2019-07-01T08:41:09Z</time>
            <children>
              <puzzle alive="false">
                <issue href="https://github.com/January-ai/estimated-gl/issues/270" closed="2019-07-16T08:55:07+00:00">270</issue>
                <ticket>255</ticket>
                <estimate>30</estimate>
                <role>DEV</role>
                <id>255-45d623dc</id>
                <lines>71-74</lines>
                <body>...</body>
                <file>...</file>
                <author>...</author>
                <email>...</email>
                <time>2019-07-08T00:00:54Z</time>
                <children>
                  <puzzle alive="false">
                    <issue href="https://github.com/January-ai/estimated-gl/issues/285" closed="2019-07-17T21:59:30+00:00">285</issue>
                    <ticket>270</ticket>
                    <estimate>30</estimate>
                    <role>DEV</role>
                    <id>270-8ce802fa</id>
                    <lines>78-80</lines>
                    <body>...</body>
                    <file>...</file>
                    <author>...</author>
                    <email>...</email>
                    <time>2019-07-15T03:28:57Z</time>
                    <children>
                      <puzzle alive="false">
                        <issue href="https://github.com/January-ai/estimated-gl/issues/289" closed="2019-07-25T00:18:52+00:00">289</issue>
                        <ticket>285</ticket>
                        <estimate>30</estimate>
                        <role>DEV</role>
                        <id>285-d318b996</id>
                        <lines>78-80</lines>
                        <body>...</body>
                        <file>...</file>
                        <author>...</author>
                        <email>...</email>
                        <time>2019-07-17T14:48:55Z</time>
                        <children>
                          <puzzle alive="false">
                            <issue href="https://github.com/January-ai/estimated-gl/issues/303" closed="2019-07-28T05:12:41+00:00">303</issue>
                            <ticket>289</ticket>
                            <estimate>30</estimate>
                            <role>DEV</role>
                            <id>289-271aad47</id>
                            <lines>14-17</lines>
                            <body>...</body>
                            <file>...</file>
                            <author>...</author>
                            <email>...</email>
                            <time>2019-07-25T00:15:55Z</time>
                            <children/>
                          </puzzle>
                          <puzzle alive="false">
                            <issue href="https://github.com/January-ai/estimated-gl/issues/304" closed="2019-07-30T21:51:11+00:00">304</issue>
                            <ticket>289</ticket>
                            <estimate>30</estimate>
                            <role>DEV</role>
                            <id>289-9cbacfde</id>
                            <lines>92-94</lines>
                            <body>...</body>
                            <file>...</file>
                            <author>...</author>
                            <email>...</email>
                            <time>2019-07-25T00:15:55Z</time>
                            <children/>
                          </puzzle>
                        </children>
                      </puzzle>
                      <puzzle alive="false">
                        <issue href="https://github.com/January-ai/estimated-gl/issues/290" closed="2019-07-24T13:27:17+00:00">290</issue>
                        <ticket>285</ticket>
                        <estimate>30</estimate>
                        <role>DEV</role>
                        <id>285-a313449d</id>
                        <lines>75-78</lines>
                        <body>...</body>
                        <file>...</file>
                        <author>...</author>
                        <email>...</email>
                        <time>2019-07-17T14:48:55Z</time>
                        <children>
                          <puzzle alive="false">
                            <issue href="https://github.com/January-ai/estimated-gl/issues/302" closed="2019-07-29T21:36:17+00:00">302</issue>
                            <ticket>290</ticket>
                            <estimate>30</estimate>
                            <role>DEV</role>
                            <id>290-c1c50816</id>
                            <lines>75-78</lines>
                            <body>...</body>
                            <file>...</file>
                            <author>...</author>
                            <email>...</email>
                            <time>2019-07-24T13:24:09Z</time>
                            <children>
                              <puzzle alive="false">
                                <issue>unknown</issue>
                                <ticket>302</ticket>
                                <estimate>30</estimate>
                                <role>DEV</role>
                                <id>302-5b5f8f80</id>
                                <lines>130-133</lines>
                                <body>...</body>
                                <file>...</file>
                                <author>...</author>
                                <email>...</email>
                                <time>2019-07-28T03:25:21Z</time>
                                <children/>
                              </puzzle>
                            </children>
                          </puzzle>
                        </children>
                      </puzzle>
                    </children>
                  </puzzle>
                </children>
              </puzzle>
              <puzzle alive="false">
                <issue href="https://github.com/January-ai/estimated-gl/issues/271" closed="2019-07-10T22:00:25+00:00">271</issue>
                <ticket>255</ticket>
                <estimate>30</estimate>
                <role>DEV</role>
                <id>255-a39e098f</id>
                <lines>75-77</lines>
                <body>...</body>
                <file>...</file>
                <author>...</author>
                <email>...</email>
                <time>2019-07-08T00:00:54Z</time>
                <children/>
              </puzzle>
            </children>
          </puzzle>
        </children>
      </puzzle>
    </children>
  </puzzle>
  <puzzle alive="false">
    <issue href="https://github.com/January-ai/estimated-gl/issues/322" closed="2019-08-13T01:33:58+00:00">322</issue>
    <ticket>319</ticket>
    <estimate>30</estimate>
    <role>DEV</role>
    <id>319-14dafc2a</id>
    <lines>20-22</lines>
    <body>...</body>
    <file>...</file>
    <author>...</author>
    <email>...</email>
    <time>2019-08-04T11:04:59Z</time>
    <children/>
  </puzzle>
  <puzzle alive="false">
    <issue href="https://github.com/January-ai/estimated-gl/issues/342" closed="2019-11-17T21:12:43+00:00">342</issue>
    <ticket>340</ticket>
    <estimate>30</estimate>
    <role>DEV</role>
    <id>340-6f03a2b3</id>
    <lines>124-126</lines>
    <body>...</body>
    <file>...</file>
    <author>...</author>
    <email>...</email>
    <time>2019-11-14T09:53:46Z</time>
    <children>
      <puzzle alive="false">
        <issue href="https://github.com/January-ai/estimated-gl/issues/349" closed="2019-11-20T12:05:08+00:00">349</issue>
        <ticket>342</ticket>
        <estimate>30</estimate>
        <role>DEV</role>
        <id>342-de2bb701</id>
        <lines>44-47</lines>
        <body>...</body>
        <file>...</file>
        <author>...</author>
        <email>...</email>
        <time>2019-11-14T16:27:43Z</time>
        <children>
          <puzzle alive="false">
            <issue href="https://github.com/January-ai/estimated-gl/issues/357" closed="2019-11-25T21:46:25+00:00">357</issue>
            <ticket>349</ticket>
            <estimate>30</estimate>
            <role>DEV</role>
            <id>349-0d0e5672</id>
            <lines>48-52</lines>
            <body>...</body>
            <file>...</file>
            <author>...</author>
            <email>...</email>
            <time>2019-11-18T09:03:56Z</time>
            <children/>
          </puzzle>
        </children>
      </puzzle>
    </children>
  </puzzle>
  <puzzle alive="false">
    <issue href="https://github.com/January-ai/estimated-gl/issues/343" closed="2019-11-17T12:47:52+00:00">343</issue>
    <ticket>340</ticket>
    <estimate>30</estimate>
    <role>DEV</role>
    <id>340-20e29d18</id>
    <lines>130-133</lines>
    <body>...</body>
    <file>...</file>
    <author>...</author>
    <email>...</email>
    <time>2019-11-14T09:53:46Z</time>
    <children>
      <puzzle alive="false">
        <issue href="https://github.com/January-ai/estimated-gl/issues/346" closed="2019-11-19T00:37:20+00:00">346</issue>
        <ticket>343</ticket>
        <estimate>30</estimate>
        <role>DEV</role>
        <id>343-3b9615b5</id>
        <lines>171-174</lines>
        <body>...</body>
        <file>...</file>
        <author>...</author>
        <email>...</email>
        <time>2019-11-14T17:08:18Z</time>
        <children>
          <puzzle alive="false">
            <issue href="https://github.com/January-ai/estimated-gl/issues/352" closed="2019-11-23T10:09:00+00:00">352</issue>
            <ticket>346</ticket>
            <estimate>30</estimate>
            <role>DEV</role>
            <id>346-c86812c7</id>
            <lines>14-18</lines>
            <body>...</body>
            <file>...</file>
            <author>...</author>
            <email>...</email>
            <time>2019-11-17T14:36:22Z</time>
            <children>
              <puzzle alive="false">
                <issue href="https://github.com/January-ai/estimated-gl/issues/363" closed="2019-11-24T14:27:24+00:00">363</issue>
                <ticket>352</ticket>
                <estimate>30</estimate>
                <role>DEV</role>
                <id>352-011cf752</id>
                <lines>22-24</lines>
                <body>...</body>
                <file>...</file>
                <author>...</author>
                <email>...</email>
                <time>2019-11-20T16:08:41Z</time>
                <children/>
              </puzzle>
            </children>
          </puzzle>
          <puzzle alive="false">
            <issue href="https://github.com/January-ai/estimated-gl/issues/353" closed="2019-11-21T08:30:22+00:00">353</issue>
            <ticket>346</ticket>
            <estimate>30</estimate>
            <role>DEV</role>
            <id>346-d2303f23</id>
            <lines>77-84</lines>
            <body>...</body>
            <file>...</file>
            <author>...</author>
            <email>...</email>
            <time>2019-11-17T14:36:22Z</time>
            <children>
              <puzzle alive="false">
                <issue href="https://github.com/January-ai/estimated-gl/issues/360" closed="2019-11-23T10:21:39+00:00">360</issue>
                <ticket>353</ticket>
                <estimate>30</estimate>
                <role>DEV</role>
                <id>353-37443619</id>
                <lines>23-28</lines>
                <body>...</body>
                <file>...</file>
                <author>...</author>
                <email>...</email>
                <time>2019-11-19T11:58:23Z</time>
                <children>
                  <puzzle alive="false">
                    <issue href="https://github.com/January-ai/estimated-gl/issues/369" closed="2019-11-26T08:27:59+00:00">369</issue>
                    <ticket>360</ticket>
                    <estimate>30</estimate>
                    <role>DEV</role>
                    <id>360-c6032741</id>
                    <lines>35-40</lines>
                    <body>...</body>
                    <file>...</file>
                    <author>...</author>
                    <email>...</email>
                    <time>2019-11-21T13:17:31Z</time>
                    <children/>
                  </puzzle>
                </children>
              </puzzle>
            </children>
          </puzzle>
          <puzzle alive="false">
            <issue href="https://github.com/January-ai/estimated-gl/issues/354" closed="2019-11-21T10:06:25+00:00">354</issue>
            <ticket>346</ticket>
            <estimate>30</estimate>
            <role>DEV</role>
            <id>346-a26b017c</id>
            <lines>18-23</lines>
            <body>...</body>
            <file>...</file>
            <author>...</author>
            <email>...</email>
            <time>2019-11-17T14:36:22Z</time>
            <children/>
          </puzzle>
        </children>
      </puzzle>
      <puzzle alive="false">
        <issue href="https://github.com/January-ai/estimated-gl/issues/347" closed="2019-11-21T00:30:36+00:00">347</issue>
        <ticket>343</ticket>
        <estimate>30</estimate>
        <role>DEV</role>
        <id>343-20e29d18</id>
        <lines>178-181</lines>
        <body>...</body>
        <file>...</file>
        <author>...</author>
        <email>...</email>
        <time>2019-11-14T17:08:18Z</time>
        <children>
          <puzzle alive="false">
            <issue href="https://github.com/January-ai/estimated-gl/issues/359" closed="2019-11-23T09:57:07+00:00">359</issue>
            <ticket>347</ticket>
            <estimate>30</estimate>
            <role>DEV</role>
            <id>347-c58a3c3a</id>
            <lines>168-171</lines>
            <body>...</body>
            <file>...</file>
            <author>...</author>
            <email>...</email>
            <time>2019-11-18T08:44:09Z</time>
            <children>
              <puzzle alive="false">
                <issue href="https://github.com/January-ai/estimated-gl/issues/368" closed="2019-11-26T09:32:33+00:00">368</issue>
                <ticket>359</ticket>
                <estimate>30</estimate>
                <role>DEV</role>
                <id>359-5803c802</id>
                <lines>168-171</lines>
                <body>...</body>
                <file>...</file>
                <author>...</author>
                <email>...</email>
                <time>2019-11-21T09:05:24Z</time>
                <children>
                  <puzzle alive="false">
                    <issue href="https://github.com/January-ai/estimated-gl/issues/378" closed="2019-11-27T08:53:11+00:00">378</issue>
                    <ticket>368</ticket>
                    <estimate>30</estimate>
                    <role>DEV</role>
                    <id>368-f00ed732</id>
                    <lines>23-26</lines>
                    <body>...</body>
                    <file>...</file>
                    <author>...</author>
                    <email>...</email>
                    <time>2019-11-25T12:27:05Z</time>
                    <children/>
                  </puzzle>
                  <puzzle alive="false">
                    <issue href="https://github.com/January-ai/estimated-gl/issues/379" closed="2019-11-29T08:35:09+00:00">379</issue>
                    <ticket>368</ticket>
                    <estimate>30</estimate>
                    <role>DEV</role>
                    <id>368-e509351c</id>
                    <lines>22-25</lines>
                    <body>...</body>
                    <file>...</file>
                    <author>...</author>
                    <email>...</email>
                    <time>2019-11-25T12:27:05Z</time>
                    <children/>
                  </puzzle>
                </children>
              </puzzle>
            </children>
          </puzzle>
        </children>
      </puzzle>
    </children>
  </puzzle>
  <puzzle alive="false">
    <issue href="https://github.com/January-ai/estimated-gl/issues/386" closed="2019-12-02T00:53:46+00:00">386</issue>
    <ticket>383</ticket>
    <estimate>30</estimate>
    <role>DEV</role>
    <id>383-b179e261</id>
    <lines>35-37</lines>
    <body>...</body>
    <file>...</file>
    <author>...</author>
    <email>...</email>
    <time>2019-11-29T09:14:48Z</time>
    <children/>
  </puzzle>
</puzzles>
