<?xml version="1.0"?>
<?xml-stylesheet href="/puzzles.xsl" type="text/xsl"?>
<puzzles version="0.1" date="2016-12-14T11:27:18Z">
  <puzzle alive="false">
    <id>155-1015175b</id>
    <ticket>155</ticket>
    <file>...</file>
    <lines>65-68</lines>
    <estimate>30</estimate>
    <role>DEV</role>
    <author>...</author>
    <email>...</email>
    <time>2016-12-14T11:27:18Z</time>
    <body>...</body>
    <children/>
  </puzzle>
  <puzzle alive="false">
    <id>155-40856b48</id>
    <ticket>155</ticket>
    <file>...</file>
    <lines>92-93</lines>
    <estimate>30</estimate>
    <role>DEV</role>
    <author>...</author>
    <email>...</email>
    <time>2016-12-14T11:27:18Z</time>
    <body>...</body>
    <children/>
  </puzzle>
  <puzzle alive="false">
    <id>155-84a00112</id>
    <ticket>155</ticket>
    <file>...</file>
    <lines>73-74</lines>
    <estimate>30</estimate>
    <role>DEV</role>
    <author>...</author>
    <email>...</email>
    <time>2016-12-14T11:27:18Z</time>
    <body>...</body>
    <children/>
  </puzzle>
  <puzzle alive="false">
    <id>134-d0bf7e6f</id>
    <ticket>134</ticket>
    <file>...</file>
    <lines>69-70</lines>
    <estimate>30</estimate>
    <role>DEV</role>
    <author>...</author>
    <email>...</email>
    <time>2016-12-14T11:27:18Z</time>
    <body>...</body>
    <children/>
  </puzzle>
  <puzzle alive="false">
    <id>155-36079f27</id>
    <ticket>155</ticket>
    <file>...</file>
    <lines>51-52</lines>
    <estimate>30</estimate>
    <role>DEV</role>
    <author>...</author>
    <email>...</email>
    <time>2016-12-14T11:27:18Z</time>
    <body>...</body>
    <children/>
  </puzzle>
  <puzzle alive="false">
    <id>1-7b7aa91d</id>
    <ticket>1</ticket>
    <file>...</file>
    <lines>148-148</lines>
    <estimate>30</estimate>
    <role>DEV</role>
    <author>...</author>
    <email>...</email>
    <time>2016-12-14T11:27:18Z</time>
    <body>...</body>
    <children/>
  </puzzle>
  <puzzle alive="false">
    <id>134-9a552a1a</id>
    <ticket>134</ticket>
    <file>...</file>
    <lines>53-53</lines>
    <estimate>30</estimate>
    <role>DEV</role>
    <author>...</author>
    <email>...</email>
    <time>2016-12-14T11:27:18Z</time>
    <body>...</body>
    <children/>
  </puzzle>
  <puzzle alive="false">
    <id>126-f6412065</id>
    <ticket>126</ticket>
    <file>...</file>
    <lines>46-46</lines>
    <estimate>30</estimate>
    <role>DEV</role>
    <author>...</author>
    <email>...</email>
    <time>2016-12-14T11:27:18Z</time>
    <body>...</body>
    <children/>
  </puzzle>
  <puzzle alive="false">
    <id>126-3a52dda3</id>
    <ticket>126</ticket>
    <file>...</file>
    <lines>72-73</lines>
    <estimate>30</estimate>
    <role>DEV</role>
    <author>...</author>
    <email>...</email>
    <time>2016-12-14T11:27:18Z</time>
    <body>...</body>
    <children/>
  </puzzle>
  <puzzle alive="false">
    <id>478-867091a4</id>
    <ticket>478</ticket>
    <file>...</file>
    <lines>77-77</lines>
    <estimate>30</estimate>
    <role>DEV</role>
    <author>...</author>
    <email>...</email>
    <time>2016-12-14T11:27:18Z</time>
    <body>...</body>
    <children/>
  </puzzle>
  <puzzle alive="false">
    <id>478-cd6a92d6</id>
    <ticket>478</ticket>
    <file>...</file>
    <lines>103-108</lines>
    <estimate>30</estimate>
    <role>DEV</role>
    <author>...</author>
    <email>...</email>
    <time>2016-12-14T11:27:18Z</time>
    <body>...</body>
    <children/>
  </puzzle>
  <puzzle alive="false">
    <id>1-7bc28e78</id>
    <ticket>1</ticket>
    <file>...</file>
    <lines>42-42</lines>
    <estimate>30</estimate>
    <role>DEV</role>
    <author>...</author>
    <email>...</email>
    <time>2016-12-14T11:27:18Z</time>
    <body>...</body>
    <children/>
  </puzzle>
</puzzles>
