<?xml version="1.0"?>
<puzzles xmlns:xsi="http://www.w3.org/2001/XMLSchema-instance" xsi:noNamespaceSchemaLocation="http://www.0pdd.com/puzzles.xsd" date="2018-02-15T21:03:35+00:00" version="0.28.5">
  <puzzle alive="true">
    <issue href="https://github.com/DronMDF/imp/issues/3">3</issue>
    <ticket>1</ticket>
    <estimate>0</estimate>
    <role>IMP</role>
    <id>1-097ab64c</id>
    <lines>36-38</lines>
    <body>...</body>
    <file>...</file>
    <author>...</author>
    <email>...</email>
    <time>2018-02-11T20:20:54Z</time>
    <children/>
  </puzzle>
</puzzles>
