<?xml version="1.0"?>
<puzzles xmlns:xsi="http://www.w3.org/2001/XMLSchema-instance" xsi:noNamespaceSchemaLocation="http://www.0pdd.com/puzzles.xsd" date="2017-12-27T19:43:32+00:00" version="0.28.5">
  <puzzle alive="false">
    <issue href="https://github.com/DronMDF/telebot/issues/36" closed="2017-10-25T13:06:09+00:00">36</issue>
    <ticket>35</ticket>
    <estimate>0</estimate>
    <role>IMP</role>
    <id>35-88e76001</id>
    <lines>6-9</lines>
    <body>...</body>
    <file>...</file>
    <author>...</author>
    <email>...</email>
    <time>2017-10-09T20:12:21Z</time>
    <children/>
  </puzzle>
  <puzzle alive="false">
    <issue href="https://github.com/DronMDF/telebot/issues/37" closed="2017-10-29T20:55:14+00:00">37</issue>
    <ticket>35</ticket>
    <estimate>0</estimate>
    <role>IMP</role>
    <id>35-519019b8</id>
    <lines>7-11</lines>
    <body>...</body>
    <file>...</file>
    <author>...</author>
    <email>...</email>
    <time>2017-10-09T20:12:21Z</time>
    <children/>
  </puzzle>
  <puzzle alive="false">
    <issue href="https://github.com/DronMDF/telebot/issues/38" closed="2017-10-29T20:55:15+00:00">38</issue>
    <ticket>35</ticket>
    <estimate>0</estimate>
    <role>IMP</role>
    <id>35-d7be7cdc</id>
    <lines>12-14</lines>
    <body>...</body>
    <file>...</file>
    <author>...</author>
    <email>...</email>
    <time>2017-10-09T20:12:21Z</time>
    <children/>
  </puzzle>
  <puzzle alive="false">
    <issue href="https://github.com/DronMDF/telebot/issues/39" closed="2017-10-29T20:55:16+00:00">39</issue>
    <ticket>35</ticket>
    <estimate>0</estimate>
    <role>IMP</role>
    <id>35-fca646b9</id>
    <lines>6-10</lines>
    <body>...</body>
    <file>...</file>
    <author>...</author>
    <email>...</email>
    <time>2017-10-09T20:12:21Z</time>
    <children>
      <puzzle alive="false">
        <issue href="https://github.com/DronMDF/telebot/issues/55" closed="2017-11-20T15:54:43+00:00">55</issue>
        <ticket>39</ticket>
        <estimate>0</estimate>
        <role>IMP</role>
        <id>39-83038aa7</id>
        <lines>4-4</lines>
        <body>...</body>
        <file>...</file>
        <author>...</author>
        <email>...</email>
        <time>2017-10-25T13:20:06Z</time>
        <children/>
      </puzzle>
      <puzzle alive="false">
        <issue>unknown</issue>
        <ticket>39</ticket>
        <estimate>0</estimate>
        <role>IMP</role>
        <id>39-e6adce21</id>
        <lines>22-23</lines>
        <body>...</body>
        <file>...</file>
        <author>...</author>
        <email>...</email>
        <time>2017-10-25T13:20:06Z</time>
        <children/>
      </puzzle>
      <puzzle alive="false">
        <issue href="https://github.com/DronMDF/telebot/issues/56" closed="2017-11-20T16:04:21+00:00">56</issue>
        <ticket>39</ticket>
        <estimate>0</estimate>
        <role>IMP</role>
        <id>39-f74a6074</id>
        <lines>18-21</lines>
        <body>...</body>
        <file>...</file>
        <author>...</author>
        <email>...</email>
        <time>2017-10-29T20:55:03Z</time>
        <children/>
      </puzzle>
      <puzzle alive="false">
        <issue href="https://github.com/DronMDF/telebot/issues/57" closed="2017-11-22T20:38:17+00:00">57</issue>
        <ticket>39</ticket>
        <estimate>0</estimate>
        <role>IMP</role>
        <id>39-e0443908</id>
        <lines>22-23</lines>
        <body>...</body>
        <file>...</file>
        <author>...</author>
        <email>...</email>
        <time>2017-10-29T20:55:03Z</time>
        <children/>
      </puzzle>
      <puzzle alive="false">
        <issue href="https://github.com/DronMDF/telebot/issues/58" closed="2017-11-14T20:06:26+00:00">58</issue>
        <ticket>39</ticket>
        <estimate>0</estimate>
        <role>IMP</role>
        <id>39-b97bcefa</id>
        <lines>16-18</lines>
        <body>...</body>
        <file>...</file>
        <author>...</author>
        <email>...</email>
        <time>2017-10-29T20:55:03Z</time>
        <children>
          <puzzle alive="false">
            <issue href="https://github.com/DronMDF/telebot/issues/70" closed="2017-12-27T19:43:31+00:00">70</issue>
            <ticket>58</ticket>
            <estimate>0</estimate>
            <role>IMP</role>
            <id>58-b8773024</id>
            <lines>19-20</lines>
            <body>...</body>
            <file>...</file>
            <author>...</author>
            <email>...</email>
            <time>2017-11-14T20:06:22Z</time>
            <children/>
          </puzzle>
        </children>
      </puzzle>
      <puzzle alive="false">
        <issue href="https://github.com/DronMDF/telebot/issues/59" closed="2017-11-02T10:49:48+00:00">59</issue>
        <ticket>39</ticket>
        <estimate>0</estimate>
        <role>IMP</role>
        <id>39-ad668363</id>
        <lines>2-4</lines>
        <body>...</body>
        <file>...</file>
        <author>...</author>
        <email>...</email>
        <time>2017-10-29T20:55:03Z</time>
        <children/>
      </puzzle>
      <puzzle alive="false">
        <issue href="https://github.com/DronMDF/telebot/issues/60" closed="2017-11-01T19:41:19+00:00">60</issue>
        <ticket>39</ticket>
        <estimate>0</estimate>
        <role>IMP</role>
        <id>39-299392b7</id>
        <lines>16-20</lines>
        <body>...</body>
        <file>...</file>
        <author>...</author>
        <email>...</email>
        <time>2017-10-29T20:55:03Z</time>
        <children/>
      </puzzle>
      <puzzle alive="false">
        <issue href="https://github.com/DronMDF/telebot/issues/66" closed="2017-11-23T19:59:06+00:00">66</issue>
        <ticket>39</ticket>
        <estimate>0</estimate>
        <role>IMP</role>
        <id>39-3292f686</id>
        <lines>10-10</lines>
        <body>...</body>
        <file>...</file>
        <author>...</author>
        <email>...</email>
        <time>2017-10-30T16:00:49Z</time>
        <children/>
      </puzzle>
      <puzzle alive="false">
        <issue href="https://github.com/DronMDF/telebot/issues/68" closed="2017-11-20T15:54:44+00:00">68</issue>
        <ticket>39</ticket>
        <estimate>0</estimate>
        <role>IMP</role>
        <id>39-13286181</id>
        <lines>27-28</lines>
        <body>...</body>
        <file>...</file>
        <author>...</author>
        <email>...</email>
        <time>2017-11-13T15:41:40Z</time>
        <children>
          <puzzle alive="false">
            <issue href="https://github.com/DronMDF/telebot/issues/74" closed="2017-11-27T19:16:07+00:00">74</issue>
            <ticket>68</ticket>
            <estimate>0</estimate>
            <role>IMP</role>
            <id>68-ff971afd</id>
            <lines>19-21</lines>
            <body>...</body>
            <file>...</file>
            <author>...</author>
            <email>...</email>
            <time>2017-11-20T15:54:39Z</time>
            <children>
              <puzzle alive="false">
                <issue href="https://github.com/DronMDF/telebot/issues/85" closed="2017-11-28T10:01:27+00:00">85</issue>
                <ticket>74</ticket>
                <estimate>0</estimate>
                <role>IMP</role>
                <id>74-f3baff60</id>
                <lines>2-6</lines>
                <body>...</body>
                <file>...</file>
                <author>...</author>
                <email>...</email>
                <time>2017-11-27T20:44:14Z</time>
                <children/>
              </puzzle>
            </children>
          </puzzle>
        </children>
      </puzzle>
    </children>
  </puzzle>
  <puzzle alive="false">
    <issue>unknown</issue>
    <ticket>40</ticket>
    <estimate>0</estimate>
    <role>IMP</role>
    <id>40-c7c972e3</id>
    <lines>3-4</lines>
    <body>...</body>
    <file>...</file>
    <author>...</author>
    <email>...</email>
    <time>2017-10-10T11:14:53Z</time>
    <children/>
  </puzzle>
  <puzzle alive="false">
    <issue>unknown</issue>
    <ticket>40</ticket>
    <estimate>0</estimate>
    <role>IMP</role>
    <id>40-5c7448f3</id>
    <lines>3-3</lines>
    <body>...</body>
    <file>...</file>
    <author>...</author>
    <email>...</email>
    <time>2017-10-10T11:14:53Z</time>
    <children/>
  </puzzle>
  <puzzle alive="false">
    <issue href="https://github.com/DronMDF/telebot/issues/42" closed="2017-12-27T19:43:31+00:00">42</issue>
    <ticket>40</ticket>
    <estimate>0</estimate>
    <role>IMP</role>
    <id>40-5225b520</id>
    <lines>3-4</lines>
    <body>...</body>
    <file>...</file>
    <author>...</author>
    <email>...</email>
    <time>2017-10-10T11:14:53Z</time>
    <children/>
  </puzzle>
  <puzzle alive="false">
    <issue href="https://github.com/DronMDF/telebot/issues/43" closed="2017-10-29T20:55:17+00:00">43</issue>
    <ticket>40</ticket>
    <estimate>0</estimate>
    <role>IMP</role>
    <id>40-b7de133b</id>
    <lines>3-5</lines>
    <body>...</body>
    <file>...</file>
    <author>...</author>
    <email>...</email>
    <time>2017-10-10T11:14:53Z</time>
    <children/>
  </puzzle>
  <puzzle alive="false">
    <issue href="https://github.com/DronMDF/telebot/issues/45" closed="2017-10-29T20:55:18+00:00">45</issue>
    <ticket>12</ticket>
    <estimate>0</estimate>
    <role>IMP</role>
    <id>12-df202e49</id>
    <lines>8-8</lines>
    <body>...</body>
    <file>...</file>
    <author>...</author>
    <email>...</email>
    <time>2017-10-11T10:21:24Z</time>
    <children/>
  </puzzle>
  <puzzle alive="false">
    <issue href="https://github.com/DronMDF/telebot/issues/48" closed="2017-11-27T19:55:54+00:00">48</issue>
    <ticket>47</ticket>
    <estimate>0</estimate>
    <role>IMP</role>
    <id>47-cef35592</id>
    <lines>6-7</lines>
    <body>...</body>
    <file>...</file>
    <author>...</author>
    <email>...</email>
    <time>2017-10-13T09:27:37Z</time>
    <children>
      <puzzle alive="false">
        <issue href="https://github.com/DronMDF/telebot/issues/83" closed="2017-12-27T19:43:32+00:00">83</issue>
        <ticket>48</ticket>
        <estimate>0</estimate>
        <role>IMP</role>
        <id>48-e2948c7e</id>
        <lines>13-15</lines>
        <body>...</body>
        <file>...</file>
        <author>...</author>
        <email>...</email>
        <time>2017-11-27T19:54:19Z</time>
        <children/>
      </puzzle>
    </children>
  </puzzle>
  <puzzle alive="false">
    <issue href="https://github.com/DronMDF/telebot/issues/49" closed="2017-10-30T19:32:30+00:00">49</issue>
    <ticket>47</ticket>
    <estimate>0</estimate>
    <role>IMP</role>
    <id>47-b5b1bd9d</id>
    <lines>6-7</lines>
    <body>...</body>
    <file>...</file>
    <author>...</author>
    <email>...</email>
    <time>2017-10-13T09:27:37Z</time>
    <children/>
  </puzzle>
  <puzzle alive="false">
    <issue href="https://github.com/DronMDF/telebot/issues/81" closed="2017-12-18T20:31:26+00:00">81</issue>
    <ticket>41</ticket>
    <estimate>0</estimate>
    <role>IMP</role>
    <id>41-96ac84d5</id>
    <lines>7-8</lines>
    <body>...</body>
    <file>...</file>
    <author>...</author>
    <email>...</email>
    <time>2017-11-27T19:31:32Z</time>
    <children/>
  </puzzle>
</puzzles>
