<?xml version="1.0"?>
<puzzles date="2017-05-17T21:28:27Z" version="0.18.4">
  <puzzle alive="true">
    <issue href="https://github.com/UnitedAllergy/UAS-Salesforce/issues/483">483</issue>
    <ticket>12</ticket>
    <estimate>5</estimate>
    <role>D</role>
    <id>12-2d8aa42a</id>
    <lines>20-20</lines>
    <body>...</body>
    <file>...</file>
    <author>...</author>
    <email>...</email>
    <time>2017-05-17T21:24:15Z</time>
    <children/>
  </puzzle>
  <puzzle alive="true">
    <issue href="https://github.com/UnitedAllergy/UAS-Salesforce/issues/484">484</issue>
    <ticket>234</ticket>
    <estimate>15</estimate>
    <role>DEV</role>
    <id>234-64fbb784</id>
    <lines>12-12</lines>
    <body>...</body>
    <file>...</file>
    <author>...</author>
    <email>...</email>
    <time>2017-05-17T21:16:36Z</time>
    <children/>
  </puzzle>
  <puzzle alive="true">
    <issue href="https://github.com/UnitedAllergy/UAS-Salesforce/issues/485">485</issue>
    <ticket>234</ticket>
    <estimate>15</estimate>
    <role>DEV</role>
    <id>234-589a01f8</id>
    <lines>16-16</lines>
    <body>...</body>
    <file>...</file>
    <author>...</author>
    <email>...</email>
    <time>2017-05-17T21:27:59Z</time>
    <children/>
  </puzzle>
</puzzles>
