<?xml version="1.0"?>
<puzzles xmlns:xsi="http://www.w3.org/2001/XMLSchema-instance" xsi:noNamespaceSchemaLocation="http://www.0pdd.com/puzzles.xsd" date="2021-05-05T19:20:41+00:00" version="0.30.23">
  <puzzle alive="false">
    <issue href="https://github.com/monomonedula/kicksbot/issues/29" closed="2020-08-25T10:05:58+00:00">29</issue>
    <ticket>27</ticket>
    <estimate>0</estimate>
    <role>DEV</role>
    <id>27-e5091b7a</id>
    <lines>168-168</lines>
    <body>...</body>
    <file>...</file>
    <author>...</author>
    <email>...</email>
    <time>2020-08-24T20:01:00Z</time>
    <children/>
  </puzzle>
  <puzzle alive="false">
    <issue href="https://github.com/monomonedula/kicksbot/issues/30" closed="2020-08-25T13:51:50+00:00">30</issue>
    <ticket>27</ticket>
    <estimate>0</estimate>
    <role>DEV</role>
    <id>27-5b5b7acd</id>
    <lines>291-291</lines>
    <body>...</body>
    <file>...</file>
    <author>...</author>
    <email>...</email>
    <time>2020-08-24T20:01:00Z</time>
    <children/>
  </puzzle>
  <puzzle alive="false">
    <issue href="https://github.com/monomonedula/kicksbot/issues/31" closed="2020-08-25T09:01:28+00:00">31</issue>
    <ticket>27</ticket>
    <estimate>0</estimate>
    <role>DEV</role>
    <id>27-ac3211ca</id>
    <lines>209-209</lines>
    <body>...</body>
    <file>...</file>
    <author>...</author>
    <email>...</email>
    <time>2020-08-24T20:01:00Z</time>
    <children/>
  </puzzle>
  <puzzle alive="false">
    <issue href="https://github.com/monomonedula/kicksbot/issues/32" closed="2020-08-25T10:06:04+00:00">32</issue>
    <ticket>27</ticket>
    <estimate>0</estimate>
    <role>DEV</role>
    <id>27-2238d8b8</id>
    <lines>381-381</lines>
    <body>...</body>
    <file>...</file>
    <author>...</author>
    <email>...</email>
    <time>2020-08-24T20:01:00Z</time>
    <children/>
  </puzzle>
  <puzzle alive="false">
    <issue href="https://github.com/monomonedula/kicksbot/issues/33" closed="2020-08-25T12:08:21+00:00">33</issue>
    <ticket>27</ticket>
    <estimate>0</estimate>
    <role>DEV</role>
    <id>27-2cf53fc0</id>
    <lines>215-215</lines>
    <body>...</body>
    <file>...</file>
    <author>...</author>
    <email>...</email>
    <time>2020-08-24T20:01:00Z</time>
    <children/>
  </puzzle>
  <puzzle alive="false">
    <issue href="https://github.com/monomonedula/kicksbot/issues/39" closed="2021-03-10T18:22:28+00:00">39</issue>
    <ticket>36</ticket>
    <estimate>0</estimate>
    <role>DEV</role>
    <id>36-cb4a8fd5</id>
    <lines>7-7</lines>
    <body>...</body>
    <file>...</file>
    <author>...</author>
    <email>...</email>
    <time>2021-03-10T10:35:56Z</time>
    <children>
      <puzzle alive="false">
        <issue href="https://github.com/monomonedula/kicksbot/issues/40" closed="2021-03-14T12:16:44+00:00">40</issue>
        <ticket>39</ticket>
        <estimate>0</estimate>
        <role>DEV</role>
        <id>39-978713a7</id>
        <lines>6-6</lines>
        <body>...</body>
        <file>...</file>
        <author>...</author>
        <email>...</email>
        <time>2021-03-10T18:22:10Z</time>
        <children/>
      </puzzle>
      <puzzle alive="false">
        <issue href="https://github.com/monomonedula/kicksbot/issues/41" closed="2021-03-14T12:16:48+00:00">41</issue>
        <ticket>39</ticket>
        <estimate>0</estimate>
        <role>DEV</role>
        <id>39-c9d49f0f</id>
        <lines>15-15</lines>
        <body>...</body>
        <file>...</file>
        <author>...</author>
        <email>...</email>
        <time>2021-03-10T18:22:10Z</time>
        <children>
          <puzzle alive="false">
            <issue href="https://github.com/monomonedula/kicksbot/issues/43" closed="2021-03-14T19:56:40+00:00">43</issue>
            <ticket>41</ticket>
            <estimate>0</estimate>
            <role>DEV</role>
            <id>41-60b039df</id>
            <lines>1-1</lines>
            <body>...</body>
            <file>...</file>
            <author>...</author>
            <email>...</email>
            <time>2021-03-14T12:16:27Z</time>
            <children/>
          </puzzle>
          <puzzle alive="false">
            <issue href="https://github.com/monomonedula/kicksbot/issues/44" closed="2021-03-14T19:56:44+00:00">44</issue>
            <ticket>41</ticket>
            <estimate>0</estimate>
            <role>DEV</role>
            <id>41-a6520914</id>
            <lines>1-1</lines>
            <body>...</body>
            <file>...</file>
            <author>...</author>
            <email>...</email>
            <time>2021-03-14T12:16:27Z</time>
            <children/>
          </puzzle>
          <puzzle alive="false">
            <issue href="https://github.com/monomonedula/kicksbot/issues/45" closed="2021-03-14T19:56:48+00:00">45</issue>
            <ticket>41</ticket>
            <estimate>0</estimate>
            <role>DEV</role>
            <id>41-ebf96a3c</id>
            <lines>1-1</lines>
            <body>...</body>
            <file>...</file>
            <author>...</author>
            <email>...</email>
            <time>2021-03-14T12:16:27Z</time>
            <children/>
          </puzzle>
          <puzzle alive="false">
            <issue href="https://github.com/monomonedula/kicksbot/issues/46" closed="2021-03-14T19:56:52+00:00">46</issue>
            <ticket>41</ticket>
            <estimate>0</estimate>
            <role>DEV</role>
            <id>41-0bdd8766</id>
            <lines>4-4</lines>
            <body>...</body>
            <file>...</file>
            <author>...</author>
            <email>...</email>
            <time>2021-03-14T12:16:27Z</time>
            <children/>
          </puzzle>
        </children>
      </puzzle>
      <puzzle alive="false">
        <issue href="https://github.com/monomonedula/kicksbot/issues/42" closed="2021-03-14T12:16:53+00:00">42</issue>
        <ticket>39</ticket>
        <estimate>0</estimate>
        <role>DEV</role>
        <id>39-50324bb0</id>
        <lines>31-31</lines>
        <body>...</body>
        <file>...</file>
        <author>...</author>
        <email>...</email>
        <time>2021-03-10T18:22:10Z</time>
        <children/>
      </puzzle>
    </children>
  </puzzle>
  <puzzle alive="false">
    <issue href="https://github.com/monomonedula/kicksbot/issues/47" closed="2021-04-29T13:23:15+00:00">47</issue>
    <ticket>36</ticket>
    <estimate>0</estimate>
    <role>DEV</role>
    <id>36-ca3cce4a</id>
    <lines>13-13</lines>
    <body>...</body>
    <file>...</file>
    <author>...</author>
    <email>...</email>
    <time>2021-03-14T19:56:23Z</time>
    <children/>
  </puzzle>
  <puzzle alive="false">
    <issue href="https://github.com/monomonedula/kicksbot/issues/48" closed="2021-04-29T13:23:19+00:00">48</issue>
    <ticket>36</ticket>
    <estimate>0</estimate>
    <role>DEV</role>
    <id>36-b8245f66</id>
    <lines>7-7</lines>
    <body>...</body>
    <file>...</file>
    <author>...</author>
    <email>...</email>
    <time>2021-03-14T19:56:23Z</time>
    <children/>
  </puzzle>
  <puzzle alive="false">
    <issue href="https://github.com/monomonedula/kicksbot/issues/49" closed="2021-03-16T16:02:01+00:00">49</issue>
    <ticket>36</ticket>
    <estimate>0</estimate>
    <role>DEV</role>
    <id>36-a0f784af</id>
    <lines>13-13</lines>
    <body>...</body>
    <file>...</file>
    <author>...</author>
    <email>...</email>
    <time>2021-03-14T19:56:23Z</time>
    <children/>
  </puzzle>
  <puzzle alive="false">
    <issue href="https://github.com/monomonedula/kicksbot/issues/50" closed="2021-03-16T16:02:06+00:00">50</issue>
    <ticket>36</ticket>
    <estimate>0</estimate>
    <role>DEV</role>
    <id>36-88909317</id>
    <lines>7-7</lines>
    <body>...</body>
    <file>...</file>
    <author>...</author>
    <email>...</email>
    <time>2021-03-14T19:56:23Z</time>
    <children>
      <puzzle alive="false">
        <issue href="https://github.com/monomonedula/kicksbot/issues/53" closed="2021-04-01T13:33:31+00:00">53</issue>
        <ticket>50</ticket>
        <estimate>0</estimate>
        <role>DEV</role>
        <id>50-aba812db</id>
        <lines>7-8</lines>
        <body>...</body>
        <file>...</file>
        <author>...</author>
        <email>...</email>
        <time>2021-03-16T15:46:28Z</time>
        <children/>
      </puzzle>
      <puzzle alive="false">
        <issue href="https://github.com/monomonedula/kicksbot/issues/54" closed="2021-04-12T09:36:52+00:00">54</issue>
        <ticket>50</ticket>
        <estimate>0</estimate>
        <role>DEV</role>
        <id>50-cba1d043</id>
        <lines>8-9</lines>
        <body>...</body>
        <file>...</file>
        <author>...</author>
        <email>...</email>
        <time>2021-03-16T15:46:28Z</time>
        <children/>
      </puzzle>
      <puzzle alive="false">
        <issue href="https://github.com/monomonedula/kicksbot/issues/55" closed="2021-04-15T14:33:01+00:00">55</issue>
        <ticket>50</ticket>
        <estimate>0</estimate>
        <role>DEV</role>
        <id>50-13065894</id>
        <lines>9-11</lines>
        <body>...</body>
        <file>...</file>
        <author>...</author>
        <email>...</email>
        <time>2021-03-16T15:46:28Z</time>
        <children/>
      </puzzle>
    </children>
  </puzzle>
  <puzzle alive="false">
    <issue href="https://github.com/monomonedula/kicksbot/issues/51" closed="2021-03-22T16:22:25+00:00">51</issue>
    <ticket>36</ticket>
    <estimate>0</estimate>
    <role>DEV</role>
    <id>36-ce9f2326</id>
    <lines>1-1</lines>
    <body>...</body>
    <file>...</file>
    <author>...</author>
    <email>...</email>
    <time>2021-03-14T19:39:26Z</time>
    <children/>
  </puzzle>
  <puzzle alive="false">
    <issue href="https://github.com/monomonedula/kicksbot/issues/52" closed="2021-03-22T16:22:30+00:00">52</issue>
    <ticket>36</ticket>
    <estimate>0</estimate>
    <role>DEV</role>
    <id>36-fbf33717</id>
    <lines>1-1</lines>
    <body>...</body>
    <file>...</file>
    <author>...</author>
    <email>...</email>
    <time>2021-03-14T19:39:26Z</time>
    <children/>
  </puzzle>
  <puzzle alive="false">
    <issue href="https://github.com/monomonedula/kicksbot/issues/56" closed="2021-03-22T12:20:35+00:00">56</issue>
    <ticket>36</ticket>
    <estimate>0</estimate>
    <role>DEV</role>
    <id>36-a9225a62</id>
    <lines>9-11</lines>
    <body>...</body>
    <file>...</file>
    <author>...</author>
    <email>...</email>
    <time>2021-03-16T16:01:45Z</time>
    <children>
      <puzzle alive="false">
        <issue href="https://github.com/monomonedula/kicksbot/issues/57" closed="2021-04-14T07:51:39+00:00">57</issue>
        <ticket>56</ticket>
        <estimate>0</estimate>
        <role>DEV</role>
        <id>56-93bfc325</id>
        <lines>7-8</lines>
        <body>...</body>
        <file>...</file>
        <author>...</author>
        <email>...</email>
        <time>2021-03-22T12:20:18Z</time>
        <children/>
      </puzzle>
      <puzzle alive="false">
        <issue href="https://github.com/monomonedula/kicksbot/issues/58" closed="2021-03-22T16:43:43+00:00">58</issue>
        <ticket>56</ticket>
        <estimate>0</estimate>
        <role>DEV</role>
        <id>56-ae5fae48</id>
        <lines>33-34</lines>
        <body>...</body>
        <file>...</file>
        <author>...</author>
        <email>...</email>
        <time>2021-03-22T12:20:18Z</time>
        <children/>
      </puzzle>
      <puzzle alive="false">
        <issue href="https://github.com/monomonedula/kicksbot/issues/59" closed="2021-03-22T16:43:47+00:00">59</issue>
        <ticket>56</ticket>
        <estimate>0</estimate>
        <role>DEV</role>
        <id>56-35de1c66</id>
        <lines>56-56</lines>
        <body>...</body>
        <file>...</file>
        <author>...</author>
        <email>...</email>
        <time>2021-03-22T12:20:18Z</time>
        <children/>
      </puzzle>
      <puzzle alive="false">
        <issue href="https://github.com/monomonedula/kicksbot/issues/60" closed="2021-03-22T16:43:51+00:00">60</issue>
        <ticket>56</ticket>
        <estimate>0</estimate>
        <role>DEV</role>
        <id>56-4c8a99d7</id>
        <lines>72-72</lines>
        <body>...</body>
        <file>...</file>
        <author>...</author>
        <email>...</email>
        <time>2021-03-22T12:20:18Z</time>
        <children/>
      </puzzle>
      <puzzle alive="true">
        <issue href="https://github.com/monomonedula/kicksbot/issues/61">61</issue>
        <ticket>56</ticket>
        <estimate>0</estimate>
        <role>DEV</role>
        <id>56-8c937e4a</id>
        <lines>148-148</lines>
        <body>...</body>
        <file>...</file>
        <author>...</author>
        <email>...</email>
        <time>2021-03-22T12:20:18Z</time>
        <children/>
      </puzzle>
      <puzzle alive="false">
        <issue href="https://github.com/monomonedula/kicksbot/issues/62" closed="2021-04-14T09:50:22+00:00">62</issue>
        <ticket>56</ticket>
        <estimate>0</estimate>
        <role>DEV</role>
        <id>56-963e8295</id>
        <lines>22-23</lines>
        <body>...</body>
        <file>...</file>
        <author>...</author>
        <email>...</email>
        <time>2021-03-22T12:20:18Z</time>
        <children/>
      </puzzle>
      <puzzle alive="false">
        <issue href="https://github.com/monomonedula/kicksbot/issues/63" closed="2021-03-29T15:56:41+00:00">63</issue>
        <ticket>56</ticket>
        <estimate>0</estimate>
        <role>DEV</role>
        <id>56-7213200d</id>
        <lines>1-1</lines>
        <body>...</body>
        <file>...</file>
        <author>...</author>
        <email>...</email>
        <time>2021-03-22T12:20:18Z</time>
        <children/>
      </puzzle>
    </children>
  </puzzle>
  <puzzle alive="false">
    <issue href="https://github.com/monomonedula/kicksbot/issues/64" closed="2021-04-29T13:04:40+00:00">64</issue>
    <ticket>36</ticket>
    <estimate>0</estimate>
    <role>DEV</role>
    <id>36-216cd4f4</id>
    <lines>23-24</lines>
    <body>...</body>
    <file>...</file>
    <author>...</author>
    <email>...</email>
    <time>2021-04-17T15:51:19Z</time>
    <children/>
  </puzzle>
  <puzzle alive="true">
    <issue href="https://github.com/monomonedula/kicksbot/issues/65">65</issue>
    <ticket>36</ticket>
    <estimate>0</estimate>
    <role>DEV</role>
    <id>36-d279be1c</id>
    <lines>46-47</lines>
    <body>...</body>
    <file>...</file>
    <author>...</author>
    <email>...</email>
    <time>2021-04-17T15:51:19Z</time>
    <children/>
  </puzzle>
  <puzzle alive="false">
    <issue href="https://github.com/monomonedula/kicksbot/issues/66" closed="2021-04-19T10:09:32+00:00">66</issue>
    <ticket>36</ticket>
    <estimate>0</estimate>
    <role>DEV</role>
    <id>36-19b5d7df</id>
    <lines>13-13</lines>
    <body>...</body>
    <file>...</file>
    <author>...</author>
    <email>...</email>
    <time>2021-04-17T15:51:19Z</time>
    <children/>
  </puzzle>
  <puzzle alive="false">
    <issue href="https://github.com/monomonedula/kicksbot/issues/67" closed="2021-04-19T11:52:38+00:00">67</issue>
    <ticket>36</ticket>
    <estimate>0</estimate>
    <role>DEV</role>
    <id>36-b27eada2</id>
    <lines>18-19</lines>
    <body>...</body>
    <file>...</file>
    <author>...</author>
    <email>...</email>
    <time>2021-04-17T15:51:19Z</time>
    <children/>
  </puzzle>
  <puzzle alive="false">
    <issue href="https://github.com/monomonedula/kicksbot/issues/68" closed="2021-05-02T13:04:56+00:00">68</issue>
    <ticket>36</ticket>
    <estimate>0</estimate>
    <role>DEV</role>
    <id>36-df6d8c83</id>
    <lines>8-10</lines>
    <body>...</body>
    <file>...</file>
    <author>...</author>
    <email>...</email>
    <time>2021-04-17T15:51:19Z</time>
    <children>
      <puzzle alive="true">
        <issue href="https://github.com/monomonedula/kicksbot/issues/69">69</issue>
        <ticket>68</ticket>
        <estimate>0</estimate>
        <role>DEV</role>
        <id>68-defd18c9</id>
        <lines>115-117</lines>
        <body>...</body>
        <file>...</file>
        <author>...</author>
        <email>...</email>
        <time>2021-05-02T13:04:38Z</time>
        <children/>
      </puzzle>
    </children>
  </puzzle>
  <puzzle alive="true">
    <ticket>70</ticket>
    <estimate>0</estimate>
    <role>DEV</role>
    <id>70-f8dd1734</id>
    <lines>8-9</lines>
    <body>...</body>
    <file>...</file>
    <author>...</author>
    <email>...</email>
    <time>2021-05-05T19:20:15Z</time>
    <children/>
    <issue href="https://github.com/monomonedula/kicksbot/issues/71">71</issue>
  </puzzle>
  <puzzle alive="true">
    <ticket>70</ticket>
    <estimate>0</estimate>
    <role>DEV</role>
    <id>70-a04f885f</id>
    <lines>24-25</lines>
    <body>...</body>
    <file>...</file>
    <author>...</author>
    <email>...</email>
    <time>2021-05-05T19:20:15Z</time>
    <children/>
    <issue href="https://github.com/monomonedula/kicksbot/issues/72">72</issue>
  </puzzle>
</puzzles>
