<?xml version="1.0"?>
<puzzles xmlns:xsi="http://www.w3.org/2001/XMLSchema-instance" xsi:noNamespaceSchemaLocation="http://www.0pdd.com/puzzles.xsd" date="2021-05-09T21:09:46+00:00" version="0.30.23">
  <puzzle alive="false">
    <issue href="https://github.com/monomonedula/muggle/issues/34" closed="2021-05-09T21:09:46+00:00">34</issue>
    <ticket>33</ticket>
    <estimate>0</estimate>
    <role>DEV</role>
    <id>33-c76d7b25</id>
    <lines>35-36</lines>
    <body>...</body>
    <file>...</file>
    <author>...</author>
    <email>...</email>
    <time>2021-04-06T13:52:10Z</time>
    <children/>
  </puzzle>
  <puzzle alive="false">
    <issue href="https://github.com/monomonedula/muggle/issues/36" closed="2021-04-08T09:04:22+00:00">36</issue>
    <ticket>32</ticket>
    <estimate>0</estimate>
    <role>DEV</role>
    <id>32-cfc039d2</id>
    <lines>17-19</lines>
    <body>...</body>
    <file>...</file>
    <author>...</author>
    <email>...</email>
    <time>2021-04-07T09:58:02Z</time>
    <children/>
  </puzzle>
  <puzzle alive="true">
    <issue href="https://github.com/monomonedula/muggle/issues/37">37</issue>
    <ticket>32</ticket>
    <estimate>0</estimate>
    <role>DEV</role>
    <id>32-370194dd</id>
    <lines>39-41</lines>
    <body>...</body>
    <file>...</file>
    <author>...</author>
    <email>...</email>
    <time>2021-04-07T09:58:02Z</time>
    <children/>
  </puzzle>
  <puzzle alive="false">
    <issue href="https://github.com/monomonedula/muggle/issues/38" closed="2021-04-08T09:04:26+00:00">38</issue>
    <ticket>32</ticket>
    <estimate>0</estimate>
    <role>DEV</role>
    <id>32-1dd609a0</id>
    <lines>2-2</lines>
    <body>...</body>
    <file>...</file>
    <author>...</author>
    <email>...</email>
    <time>2021-04-07T09:58:02Z</time>
    <children/>
  </puzzle>
  <puzzle alive="false">
    <issue href="https://github.com/monomonedula/muggle/issues/39" closed="2021-04-08T09:04:29+00:00">39</issue>
    <ticket>32</ticket>
    <estimate>0</estimate>
    <role>DEV</role>
    <id>32-76c90bd9</id>
    <lines>7-7</lines>
    <body>...</body>
    <file>...</file>
    <author>...</author>
    <email>...</email>
    <time>2021-04-07T09:58:02Z</time>
    <children/>
  </puzzle>
  <puzzle alive="false">
    <issue href="https://github.com/monomonedula/muggle/issues/40" closed="2021-04-08T09:04:34+00:00">40</issue>
    <ticket>32</ticket>
    <estimate>0</estimate>
    <role>DEV</role>
    <id>32-c9a84621</id>
    <lines>12-12</lines>
    <body>...</body>
    <file>...</file>
    <author>...</author>
    <email>...</email>
    <time>2021-04-07T09:58:02Z</time>
    <children/>
  </puzzle>
</puzzles>
