<?xml version="1.0"?>
<puzzles xmlns:xsi="http://www.w3.org/2001/XMLSchema-instance" xsi:noNamespaceSchemaLocation="http://www.0pdd.com/puzzles.xsd" date="2020-07-11T20:11:18+00:00" version="0.30.21">
  <puzzle alive="true">
    <issue href="https://github.com/monomonedula/sneaker-scrapers/issues/18">18</issue>
    <ticket>16</ticket>
    <estimate>0</estimate>
    <role>DEV</role>
    <id>16-2a3cc5b0</id>
    <lines>33-35</lines>
    <body>...</body>
    <file>...</file>
    <author>...</author>
    <email>...</email>
    <time>2020-03-13T18:03:07Z</time>
    <children/>
  </puzzle>
  <puzzle alive="false">
    <issue href="https://github.com/monomonedula/sneaker-scrapers/issues/33" closed="2020-07-09T11:20:48+00:00">33</issue>
    <ticket>31</ticket>
    <estimate>0</estimate>
    <role>DEV</role>
    <id>31-06d007d7</id>
    <lines>34-34</lines>
    <body>...</body>
    <file>...</file>
    <author>...</author>
    <email>...</email>
    <time>2020-07-08T21:45:08Z</time>
    <children>
      <puzzle alive="false">
        <issue href="https://github.com/monomonedula/sneaker-scrapers/issues/35" closed="2020-07-10T13:45:16+00:00">35</issue>
        <ticket>33</ticket>
        <estimate>0</estimate>
        <role>DEV</role>
        <id>33-2dcd3239</id>
        <lines>91-91</lines>
        <body>...</body>
        <file>...</file>
        <author>...</author>
        <email>...</email>
        <time>2020-07-09T11:09:04Z</time>
        <children/>
      </puzzle>
      <puzzle alive="false">
        <issue href="https://github.com/monomonedula/sneaker-scrapers/issues/36" closed="2020-07-11T20:11:18+00:00">36</issue>
        <ticket>33</ticket>
        <estimate>0</estimate>
        <role>DEV</role>
        <id>33-d374d8df</id>
        <lines>65-65</lines>
        <body>...</body>
        <file>...</file>
        <author>...</author>
        <email>...</email>
        <time>2020-07-09T11:09:04Z</time>
        <children/>
      </puzzle>
      <puzzle alive="false">
        <issue href="https://github.com/monomonedula/sneaker-scrapers/issues/37" closed="2020-07-09T17:13:28+00:00">37</issue>
        <ticket>33</ticket>
        <estimate>0</estimate>
        <role>DEV</role>
        <id>33-0e152354</id>
        <lines>20-20</lines>
        <body>...</body>
        <file>...</file>
        <author>...</author>
        <email>...</email>
        <time>2020-07-09T11:09:04Z</time>
        <children/>
      </puzzle>
      <puzzle alive="false">
        <issue href="https://github.com/monomonedula/sneaker-scrapers/issues/38" closed="2020-07-09T17:13:34+00:00">38</issue>
        <ticket>33</ticket>
        <estimate>0</estimate>
        <role>DEV</role>
        <id>33-e6b6cd2b</id>
        <lines>4-5</lines>
        <body>...</body>
        <file>...</file>
        <author>...</author>
        <email>...</email>
        <time>2020-07-09T11:20:28Z</time>
        <children/>
      </puzzle>
      <puzzle alive="false">
        <issue href="https://github.com/monomonedula/sneaker-scrapers/issues/39" closed="2020-07-09T17:13:40+00:00">39</issue>
        <ticket>33</ticket>
        <estimate>0</estimate>
        <role>DEV</role>
        <id>33-2f893e53</id>
        <lines>10-11</lines>
        <body>...</body>
        <file>...</file>
        <author>...</author>
        <email>...</email>
        <time>2020-07-09T11:20:28Z</time>
        <children/>
      </puzzle>
      <puzzle alive="false">
        <issue href="https://github.com/monomonedula/sneaker-scrapers/issues/40" closed="2020-07-09T17:13:46+00:00">40</issue>
        <ticket>33</ticket>
        <estimate>0</estimate>
        <role>DEV</role>
        <id>33-acbe9052</id>
        <lines>16-17</lines>
        <body>...</body>
        <file>...</file>
        <author>...</author>
        <email>...</email>
        <time>2020-07-09T11:20:28Z</time>
        <children/>
      </puzzle>
      <puzzle alive="false">
        <issue href="https://github.com/monomonedula/sneaker-scrapers/issues/41" closed="2020-07-10T13:32:29+00:00">41</issue>
        <ticket>33</ticket>
        <estimate>0</estimate>
        <role>DEV</role>
        <id>33-1f86533e</id>
        <lines>22-23</lines>
        <body>...</body>
        <file>...</file>
        <author>...</author>
        <email>...</email>
        <time>2020-07-09T11:20:28Z</time>
        <children/>
      </puzzle>
      <puzzle alive="false">
        <issue href="https://github.com/monomonedula/sneaker-scrapers/issues/42" closed="2020-07-10T13:32:34+00:00">42</issue>
        <ticket>33</ticket>
        <estimate>0</estimate>
        <role>DEV</role>
        <id>33-6cd25577</id>
        <lines>28-29</lines>
        <body>...</body>
        <file>...</file>
        <author>...</author>
        <email>...</email>
        <time>2020-07-09T11:20:28Z</time>
        <children/>
      </puzzle>
      <puzzle alive="false">
        <issue href="https://github.com/monomonedula/sneaker-scrapers/issues/43" closed="2020-07-10T13:32:40+00:00">43</issue>
        <ticket>33</ticket>
        <estimate>0</estimate>
        <role>DEV</role>
        <id>33-1439f16e</id>
        <lines>34-34</lines>
        <body>...</body>
        <file>...</file>
        <author>...</author>
        <email>...</email>
        <time>2020-07-09T11:20:28Z</time>
        <children/>
      </puzzle>
      <puzzle alive="false">
        <issue href="https://github.com/monomonedula/sneaker-scrapers/issues/44" closed="2020-07-10T13:32:45+00:00">44</issue>
        <ticket>33</ticket>
        <estimate>0</estimate>
        <role>DEV</role>
        <id>33-d0046d45</id>
        <lines>39-39</lines>
        <body>...</body>
        <file>...</file>
        <author>...</author>
        <email>...</email>
        <time>2020-07-09T11:20:28Z</time>
        <children/>
      </puzzle>
    </children>
  </puzzle>
</puzzles>
