<?xml version="1.0"?>
<puzzles xmlns:xsi="http://www.w3.org/2001/XMLSchema-instance" xsi:noNamespaceSchemaLocation="http://www.0pdd.com/puzzles.xsd" date="2020-05-02T11:08:21+00:00" version="0.30.21">
  <puzzle alive="false">
    <issue href="https://github.com/monomonedula/xacva-receptionist/issues/4" closed="2020-03-29T10:41:04+00:00">4</issue>
    <ticket>2</ticket>
    <estimate>0</estimate>
    <role>DEV</role>
    <id>2-185d57ca</id>
    <lines>13-14</lines>
    <body>...</body>
    <file>...</file>
    <author>...</author>
    <email>...</email>
    <time>2020-03-12T21:31:43Z</time>
    <children/>
  </puzzle>
  <puzzle alive="false">
    <issue href="https://github.com/monomonedula/xacva-receptionist/issues/5" closed="2020-03-29T10:41:10+00:00">5</issue>
    <ticket>2</ticket>
    <estimate>0</estimate>
    <role>DEV</role>
    <id>2-87656bf3</id>
    <lines>29-29</lines>
    <body>...</body>
    <file>...</file>
    <author>...</author>
    <email>...</email>
    <time>2020-03-12T21:21:27Z</time>
    <children/>
  </puzzle>
  <puzzle alive="false">
    <issue href="https://github.com/monomonedula/xacva-receptionist/issues/6" closed="2020-03-29T10:41:16+00:00">6</issue>
    <ticket>2</ticket>
    <estimate>0</estimate>
    <role>DEV</role>
    <id>2-d2d6a79f</id>
    <lines>39-42</lines>
    <body>...</body>
    <file>...</file>
    <author>...</author>
    <email>...</email>
    <time>2020-03-12T21:03:34Z</time>
    <children>
      <puzzle alive="false">
        <issue href="https://github.com/monomonedula/xacva-receptionist/issues/9" closed="2020-03-29T10:41:22+00:00">9</issue>
        <ticket>6</ticket>
        <estimate>0</estimate>
        <role>DEV</role>
        <id>6-a6ca5c93</id>
        <lines>43-44</lines>
        <body>...</body>
        <file>...</file>
        <author>...</author>
        <email>...</email>
        <time>2020-03-17T22:54:59Z</time>
        <children/>
      </puzzle>
      <puzzle alive="false">
        <issue href="https://github.com/monomonedula/xacva-receptionist/issues/10" closed="2020-03-29T10:41:27+00:00">10</issue>
        <ticket>6</ticket>
        <estimate>0</estimate>
        <role>DEV</role>
        <id>6-28b2a585</id>
        <lines>120-129</lines>
        <body>...</body>
        <file>...</file>
        <author>...</author>
        <email>...</email>
        <time>2020-03-17T22:54:59Z</time>
        <children/>
      </puzzle>
      <puzzle alive="false">
        <issue href="https://github.com/monomonedula/xacva-receptionist/issues/11" closed="2020-03-29T10:41:33+00:00">11</issue>
        <ticket>6</ticket>
        <estimate>0</estimate>
        <role>DEV</role>
        <id>6-32f38874</id>
        <lines>138-139</lines>
        <body>...</body>
        <file>...</file>
        <author>...</author>
        <email>...</email>
        <time>2020-03-17T22:54:59Z</time>
        <children/>
      </puzzle>
      <puzzle alive="false">
        <issue href="https://github.com/monomonedula/xacva-receptionist/issues/12" closed="2020-03-29T10:41:38+00:00">12</issue>
        <ticket>6</ticket>
        <estimate>0</estimate>
        <role>DEV</role>
        <id>6-52297fef</id>
        <lines>42-42</lines>
        <body>...</body>
        <file>...</file>
        <author>...</author>
        <email>...</email>
        <time>2020-03-17T22:54:59Z</time>
        <children/>
      </puzzle>
    </children>
  </puzzle>
  <puzzle alive="true">
    <issue href="https://github.com/monomonedula/xacva-receptionist/issues/7">7</issue>
    <ticket>2</ticket>
    <estimate>0</estimate>
    <role>DEV</role>
    <id>2-21e8c87b</id>
    <lines>99-100</lines>
    <body>...</body>
    <file>...</file>
    <author>...</author>
    <email>...</email>
    <time>2020-03-12T21:31:43Z</time>
    <children/>
  </puzzle>
  <puzzle alive="false">
    <issue href="https://github.com/monomonedula/xacva-receptionist/issues/25" closed="2020-05-02T11:08:17+00:00">25</issue>
    <ticket>23</ticket>
    <estimate>0</estimate>
    <role>DEV</role>
    <id>23-1b21d171</id>
    <lines>5-6</lines>
    <body>...</body>
    <file>...</file>
    <author>...</author>
    <email>...</email>
    <time>2020-04-25T10:28:43Z</time>
    <children/>
  </puzzle>
  <puzzle alive="false">
    <issue href="https://github.com/monomonedula/xacva-receptionist/issues/26" closed="2020-05-02T11:08:21+00:00">26</issue>
    <ticket>23</ticket>
    <estimate>0</estimate>
    <role>DEV</role>
    <id>23-66d55688</id>
    <lines>5-6</lines>
    <body>...</body>
    <file>...</file>
    <author>...</author>
    <email>...</email>
    <time>2020-04-25T10:28:43Z</time>
    <children/>
  </puzzle>
</puzzles>
