<?xml version="1.0"?>
<puzzles xmlns:xsi="http://www.w3.org/2001/XMLSchema-instance" xsi:noNamespaceSchemaLocation="http://www.0pdd.com/puzzles.xsd" date="2020-07-23T10:50:58+00:00" version="0.30.21">
  <puzzle alive="false">
    <issue href="https://github.com/decorators-squad/eo-yaml/issues/136" closed="2020-03-09T20:39:08+00:00">136</issue>
    <ticket>109</ticket>
    <estimate>30</estimate>
    <role>DEV</role>
    <id>109-3848fb59</id>
    <lines>45-46</lines>
    <body>...</body>
    <file>...</file>
    <author>...</author>
    <email>...</email>
    <time>2018-09-10T13:10:59Z</time>
    <children/>
  </puzzle>
  <puzzle alive="false">
    <issue href="https://github.com/decorators-squad/eo-yaml/issues/137" closed="2020-03-26T17:20:56+00:00">137</issue>
    <ticket>107</ticket>
    <estimate>30</estimate>
    <role>DEV</role>
    <id>107-ebfbb571</id>
    <lines>63-64</lines>
    <body>...</body>
    <file>...</file>
    <author>...</author>
    <email>...</email>
    <time>2018-09-10T13:10:59Z</time>
    <children/>
  </puzzle>
  <puzzle alive="false">
    <issue href="https://github.com/decorators-squad/eo-yaml/issues/138" closed="2020-04-14T15:26:25+00:00">138</issue>
    <ticket>30</ticket>
    <estimate>30</estimate>
    <role>DEV</role>
    <id>30-1ab58fb9</id>
    <lines>35-37</lines>
    <body>...</body>
    <file>...</file>
    <author>...</author>
    <email>...</email>
    <time>2018-09-10T13:10:59Z</time>
    <children/>
  </puzzle>
  <puzzle alive="false">
    <issue href="https://github.com/decorators-squad/eo-yaml/issues/139" closed="2020-03-24T21:22:27+00:00">139</issue>
    <ticket>109</ticket>
    <estimate>30</estimate>
    <role>DEV</role>
    <id>109-bb96edbe</id>
    <lines>38-39</lines>
    <body>...</body>
    <file>...</file>
    <author>...</author>
    <email>...</email>
    <time>2018-09-10T13:10:59Z</time>
    <children/>
  </puzzle>
  <puzzle alive="false">
    <issue href="https://github.com/decorators-squad/eo-yaml/issues/169" closed="2020-03-13T10:39:09+00:00">169</issue>
    <ticket>165</ticket>
    <estimate>30</estimate>
    <role>DEV</role>
    <id>165-ab99980e</id>
    <lines>77-79</lines>
    <body>...</body>
    <file>...</file>
    <author>...</author>
    <email>...</email>
    <time>2020-03-09T17:40:04Z</time>
    <children/>
  </puzzle>
  <puzzle alive="false">
    <issue href="https://github.com/decorators-squad/eo-yaml/issues/210" closed="2020-03-22T19:43:58+00:00">210</issue>
    <ticket>90</ticket>
    <estimate>30</estimate>
    <role>DEV</role>
    <id>90-5475270c</id>
    <lines>49-53</lines>
    <body>...</body>
    <file>...</file>
    <author>...</author>
    <email>...</email>
    <time>2020-03-22T18:33:02Z</time>
    <children/>
  </puzzle>
  <puzzle alive="false">
    <issue href="https://github.com/decorators-squad/eo-yaml/issues/211" closed="2020-03-23T19:18:47+00:00">211</issue>
    <ticket>90</ticket>
    <estimate>30</estimate>
    <role>DEV</role>
    <id>90-42ab50d0</id>
    <lines>61-63</lines>
    <body>...</body>
    <file>...</file>
    <author>...</author>
    <email>...</email>
    <time>2020-03-22T18:33:02Z</time>
    <children>
      <puzzle alive="false">
        <issue href="https://github.com/decorators-squad/eo-yaml/issues/218" closed="2020-03-24T17:52:30+00:00">218</issue>
        <ticket>211</ticket>
        <estimate>30</estimate>
        <role>DEV</role>
        <id>211-6b8bbc27</id>
        <lines>45-47</lines>
        <body>...</body>
        <file>...</file>
        <author>...</author>
        <email>...</email>
        <time>2020-03-23T19:12:57Z</time>
        <children/>
      </puzzle>
      <puzzle alive="false">
        <issue href="https://github.com/decorators-squad/eo-yaml/issues/219" closed="2020-03-31T15:35:20+00:00">219</issue>
        <ticket>211</ticket>
        <estimate>30</estimate>
        <role>DEV</role>
        <id>211-1056c8d2</id>
        <lines>408-411</lines>
        <body>...</body>
        <file>...</file>
        <author>...</author>
        <email>...</email>
        <time>2020-03-23T19:12:57Z</time>
        <children/>
      </puzzle>
    </children>
  </puzzle>
  <puzzle alive="false">
    <issue href="https://github.com/decorators-squad/eo-yaml/issues/212" closed="2020-03-23T17:19:58+00:00">212</issue>
    <ticket>90</ticket>
    <estimate>30</estimate>
    <role>DEV</role>
    <id>90-e5a082f9</id>
    <lines>60-66</lines>
    <body>...</body>
    <file>...</file>
    <author>...</author>
    <email>...</email>
    <time>2020-03-22T18:33:02Z</time>
    <children/>
  </puzzle>
  <puzzle alive="false">
    <issue href="https://github.com/decorators-squad/eo-yaml/issues/227" closed="2020-03-24T21:22:33+00:00">227</issue>
    <ticket>221</ticket>
    <estimate>30</estimate>
    <role>DEV</role>
    <id>221-2724374d</id>
    <lines>40-44</lines>
    <body>...</body>
    <file>...</file>
    <author>...</author>
    <email>...</email>
    <time>2020-03-24T18:51:24Z</time>
    <children>
      <puzzle alive="false">
        <issue href="https://github.com/decorators-squad/eo-yaml/issues/229" closed="2020-03-25T18:30:30+00:00">229</issue>
        <ticket>227</ticket>
        <estimate>30</estimate>
        <role>DEV</role>
        <id>227-592d9723</id>
        <lines>36-40</lines>
        <body>...</body>
        <file>...</file>
        <author>...</author>
        <email>...</email>
        <time>2020-03-24T21:15:12Z</time>
        <children>
          <puzzle alive="false">
            <issue href="https://github.com/decorators-squad/eo-yaml/issues/235" closed="2020-03-25T18:29:45+00:00">235</issue>
            <ticket>229</ticket>
            <estimate>30</estimate>
            <role>DEV</role>
            <id>229-d421832f</id>
            <lines>219-223</lines>
            <body>...</body>
            <file>...</file>
            <author>...</author>
            <email>...</email>
            <time>2020-03-25T18:03:08Z</time>
            <children/>
          </puzzle>
        </children>
      </puzzle>
      <puzzle alive="false">
        <issue href="https://github.com/decorators-squad/eo-yaml/issues/230" closed="2020-03-30T17:58:19+00:00">230</issue>
        <ticket>227</ticket>
        <estimate>30</estimate>
        <role>DEV</role>
        <id>227-584acdd4</id>
        <lines>112-114</lines>
        <body>...</body>
        <file>...</file>
        <author>...</author>
        <email>...</email>
        <time>2020-03-24T21:15:12Z</time>
        <children/>
      </puzzle>
    </children>
  </puzzle>
  <puzzle alive="false">
    <issue href="https://github.com/decorators-squad/eo-yaml/issues/241" closed="2020-03-28T11:45:06+00:00">241</issue>
    <ticket>224</ticket>
    <estimate>30</estimate>
    <role>DEV</role>
    <id>224-10286916</id>
    <lines>119-123</lines>
    <body>...</body>
    <file>...</file>
    <author>...</author>
    <email>...</email>
    <time>2020-03-26T17:15:44Z</time>
    <children/>
  </puzzle>
  <puzzle alive="true">
    <issue href="https://github.com/decorators-squad/eo-yaml/issues/246">246</issue>
    <ticket>244</ticket>
    <estimate>30</estimate>
    <role>DEV</role>
    <id>244-f87b53f2</id>
    <lines>112-116</lines>
    <body>...</body>
    <file>...</file>
    <author>...</author>
    <email>...</email>
    <time>2020-03-28T11:40:33Z</time>
    <children/>
  </puzzle>
  <puzzle alive="false">
    <issue href="https://github.com/decorators-squad/eo-yaml/issues/271" closed="2020-04-08T21:35:27+00:00">271</issue>
    <ticket>261</ticket>
    <estimate>30</estimate>
    <role>DEV</role>
    <id>261-3d97786f</id>
    <lines>54-57</lines>
    <body>...</body>
    <file>...</file>
    <author>...</author>
    <email>...</email>
    <time>2020-04-01T18:49:46Z</time>
    <children/>
  </puzzle>
  <puzzle alive="false">
    <issue href="https://github.com/decorators-squad/eo-yaml/issues/272" closed="2020-04-08T16:41:40+00:00">272</issue>
    <ticket>261</ticket>
    <estimate>30</estimate>
    <role>DEV</role>
    <id>261-8e1a0dc7</id>
    <lines>115-117</lines>
    <body>...</body>
    <file>...</file>
    <author>...</author>
    <email>...</email>
    <time>2020-04-01T18:49:46Z</time>
    <children/>
  </puzzle>
  <puzzle alive="false">
    <issue href="https://github.com/decorators-squad/eo-yaml/issues/279" closed="2020-04-08T16:41:45+00:00">279</issue>
    <ticket>276</ticket>
    <estimate>30</estimate>
    <role>DEV</role>
    <id>276-21bbae9d</id>
    <lines>169-171</lines>
    <body>...</body>
    <file>...</file>
    <author>...</author>
    <email>...</email>
    <time>2020-04-02T15:52:26Z</time>
    <children/>
  </puzzle>
  <puzzle alive="false">
    <issue href="https://github.com/decorators-squad/eo-yaml/issues/336" closed="2020-05-15T19:00:07+00:00">336</issue>
    <ticket>238</ticket>
    <estimate>30</estimate>
    <role>DEV</role>
    <id>238-cdc69ab7</id>
    <lines>45-49</lines>
    <body>...</body>
    <file>...</file>
    <author>...</author>
    <email>...</email>
    <time>2020-05-13T16:07:00Z</time>
    <children>
      <puzzle alive="true">
        <issue href="https://github.com/decorators-squad/eo-yaml/issues/338">338</issue>
        <ticket>336</ticket>
        <estimate>30</estimate>
        <role>DEV</role>
        <id>336-cdc69ab7</id>
        <lines>45-49</lines>
        <body>...</body>
        <file>...</file>
        <author>...</author>
        <email>...</email>
        <time>2020-05-15T16:59:13Z</time>
        <children/>
      </puzzle>
    </children>
  </puzzle>
  <puzzle alive="false">
    <issue href="https://github.com/decorators-squad/eo-yaml/issues/388" closed="2020-07-23T10:50:44+00:00">388</issue>
    <ticket>368</ticket>
    <estimate>60</estimate>
    <role>DEV</role>
    <id>368-ef575783</id>
    <lines>40-43</lines>
    <body>...</body>
    <file>...</file>
    <author>...</author>
    <email>...</email>
    <time>2020-07-17T14:01:34Z</time>
    <children/>
  </puzzle>
  <puzzle alive="false">
    <issue href="https://github.com/decorators-squad/eo-yaml/issues/389" closed="2020-07-23T10:50:51+00:00">389</issue>
    <ticket>368</ticket>
    <estimate>60</estimate>
    <role>DEV</role>
    <id>368-c52e15ab</id>
    <lines>44-46</lines>
    <body>...</body>
    <file>...</file>
    <author>...</author>
    <email>...</email>
    <time>2020-07-17T14:01:34Z</time>
    <children/>
  </puzzle>
  <puzzle alive="false">
    <issue href="https://github.com/decorators-squad/eo-yaml/issues/390" closed="2020-07-23T10:50:58+00:00">390</issue>
    <ticket>368</ticket>
    <estimate>30</estimate>
    <role>DEV</role>
    <id>368-98dbb0f0</id>
    <lines>108-111</lines>
    <body>...</body>
    <file>...</file>
    <author>...</author>
    <email>...</email>
    <time>2020-07-17T14:01:34Z</time>
    <children/>
  </puzzle>
</puzzles>
