<?xml version="1.0"?>
<puzzles xmlns:xsi="http://www.w3.org/2001/XMLSchema-instance" xsi:noNamespaceSchemaLocation="http://www.0pdd.com/puzzles.xsd" date="2018-08-03T15:09:20+00:00" version="0.30.3">
  <puzzle alive="true">
    <issue href="https://github.com/driver733/VK-Uploader/issues/319">319</issue>
    <ticket>40</ticket>
    <estimate>0</estimate>
    <role>DEV</role>
    <id>40-2426a3bf</id>
    <lines>194-194</lines>
    <body>...</body>
    <file>...</file>
    <author>...</author>
    <email>...</email>
    <time>2018-07-30T07:43:44Z</time>
    <children/>
  </puzzle>
</puzzles>
