<?xml version="1.0"?>
<puzzles xmlns:xsi="http://www.w3.org/2001/XMLSchema-instance" xsi:noNamespaceSchemaLocation="http://www.0pdd.com/puzzles.xsd" date="2018-07-10T22:16:38+00:00" version="0.30.3">
  <puzzle alive="false">
    <issue href="https://github.com/driver733/VKMusicUploader/issues/15">15</issue>
    <ticket>1</ticket>
    <estimate>0</estimate>
    <role>IMP</role>
    <id>1-ac822df9</id>
    <lines>52-52</lines>
    <body>...</body>
    <file>...</file>
    <author>...</author>
    <email>...</email>
    <time>2017-06-19T19:38:59Z</time>
    <children>
      <puzzle alive="false">
        <issue href="https://github.com/driver733/VKMusicUploader/issues/64">64</issue>
        <ticket>15</ticket>
        <estimate>0</estimate>
        <role>IMP</role>
        <id>15-a3985184</id>
        <lines>50-50</lines>
        <body>...</body>
        <file>...</file>
        <author>...</author>
        <email>...</email>
        <time>2017-06-25T22:12:48Z</time>
        <children/>
      </puzzle>
    </children>
  </puzzle>
  <puzzle alive="false">
    <issue href="https://github.com/driver733/VKMusicUploader/issues/24">24</issue>
    <ticket>2</ticket>
    <estimate>0</estimate>
    <role>IMP</role>
    <id>2-e0748a04</id>
    <lines>47-47</lines>
    <body>...</body>
    <file>...</file>
    <author>...</author>
    <email>...</email>
    <time>2017-06-21T18:21:09Z</time>
    <children/>
  </puzzle>
  <puzzle alive="false">
    <issue href="https://github.com/driver733/VKMusicUploader/issues/27">27</issue>
    <ticket>3</ticket>
    <estimate>0</estimate>
    <role>IMP</role>
    <id>3-8ace6878</id>
    <lines>41-41</lines>
    <body>...</body>
    <file>...</file>
    <author>...</author>
    <email>...</email>
    <time>2017-06-22T10:58:41Z</time>
    <children/>
  </puzzle>
  <puzzle alive="false">
    <issue href="https://github.com/driver733/VKMusicUploader/issues/38">38</issue>
    <ticket>36</ticket>
    <estimate>0</estimate>
    <role>IMP</role>
    <id>36-ef8f876a</id>
    <lines>43-43</lines>
    <body>...</body>
    <file>...</file>
    <author>...</author>
    <email>...</email>
    <time>2017-06-22T22:05:42Z</time>
    <children/>
  </puzzle>
  <puzzle alive="false">
    <issue href="https://github.com/driver733/VKMusicUploader/issues/39">39</issue>
    <ticket>36</ticket>
    <estimate>0</estimate>
    <role>IMP</role>
    <id>36-ca71c469</id>
    <lines>43-43</lines>
    <body>...</body>
    <file>...</file>
    <author>...</author>
    <email>...</email>
    <time>2017-06-22T22:05:42Z</time>
    <children/>
  </puzzle>
  <puzzle alive="false">
    <issue href="https://github.com/driver733/VKMusicUploader/issues/43">43</issue>
    <ticket>10</ticket>
    <estimate>0</estimate>
    <role>IMP</role>
    <id>10-2d6e160e</id>
    <lines>42-42</lines>
    <body>...</body>
    <file>...</file>
    <author>...</author>
    <email>...</email>
    <time>2017-06-23T11:00:37Z</time>
    <children/>
  </puzzle>
  <puzzle alive="false">
    <issue href="https://github.com/driver733/VKMusicUploader/issues/44">44</issue>
    <ticket>12</ticket>
    <estimate>0</estimate>
    <role>IMP</role>
    <id>12-b4c1fba3</id>
    <lines>42-42</lines>
    <body>...</body>
    <file>...</file>
    <author>...</author>
    <email>...</email>
    <time>2017-06-23T11:00:37Z</time>
    <children/>
  </puzzle>
  <puzzle alive="false">
    <issue href="https://github.com/driver733/VKMusicUploader/issues/45">45</issue>
    <ticket>11</ticket>
    <estimate>0</estimate>
    <role>IMP</role>
    <id>11-54b961cd</id>
    <lines>58-58</lines>
    <body>...</body>
    <file>...</file>
    <author>...</author>
    <email>...</email>
    <time>2017-06-23T11:00:37Z</time>
    <children/>
  </puzzle>
  <puzzle alive="false">
    <issue href="https://github.com/driver733/VKMusicUploader/issues/46">46</issue>
    <ticket>9</ticket>
    <estimate>0</estimate>
    <role>IMP</role>
    <id>9-1210338c</id>
    <lines>42-42</lines>
    <body>...</body>
    <file>...</file>
    <author>...</author>
    <email>...</email>
    <time>2017-06-23T11:00:37Z</time>
    <children/>
  </puzzle>
  <puzzle alive="false">
    <issue href="https://github.com/driver733/VKMusicUploader/issues/47">47</issue>
    <ticket>8</ticket>
    <estimate>0</estimate>
    <role>IMP</role>
    <id>8-f5cccfe1</id>
    <lines>46-46</lines>
    <body>...</body>
    <file>...</file>
    <author>...</author>
    <email>...</email>
    <time>2017-06-23T11:00:37Z</time>
    <children/>
  </puzzle>
  <puzzle alive="false">
    <issue href="https://github.com/driver733/VKMusicUploader/issues/48">48</issue>
    <ticket>13</ticket>
    <estimate>0</estimate>
    <role>IMP</role>
    <id>13-34bd7dc1</id>
    <lines>51-51</lines>
    <body>...</body>
    <file>...</file>
    <author>...</author>
    <email>...</email>
    <time>2017-06-23T12:45:25Z</time>
    <children/>
  </puzzle>
  <puzzle alive="false">
    <issue href="https://github.com/driver733/VKMusicUploader/issues/49">49</issue>
    <ticket>6</ticket>
    <estimate>0</estimate>
    <role>IMP</role>
    <id>6-3173d316</id>
    <lines>49-49</lines>
    <body>...</body>
    <file>...</file>
    <author>...</author>
    <email>...</email>
    <time>2017-06-23T11:00:37Z</time>
    <children/>
  </puzzle>
  <puzzle alive="false">
    <issue href="https://github.com/driver733/VKMusicUploader/issues/50">50</issue>
    <ticket>4</ticket>
    <estimate>0</estimate>
    <role>IMP</role>
    <id>4-1eba2b49</id>
    <lines>45-45</lines>
    <body>...</body>
    <file>...</file>
    <author>...</author>
    <email>...</email>
    <time>2017-06-23T10:47:16Z</time>
    <children/>
  </puzzle>
  <puzzle alive="false">
    <issue href="https://github.com/driver733/VKMusicUploader/issues/51">51</issue>
    <ticket>5</ticket>
    <estimate>0</estimate>
    <role>IMP</role>
    <id>5-24e55ea2</id>
    <lines>46-46</lines>
    <body>...</body>
    <file>...</file>
    <author>...</author>
    <email>...</email>
    <time>2017-06-23T10:47:16Z</time>
    <children/>
  </puzzle>
  <puzzle alive="false">
    <issue href="https://github.com/driver733/VKMusicUploader/issues/52">52</issue>
    <ticket>7</ticket>
    <estimate>0</estimate>
    <role>IMP</role>
    <id>7-f5cb2567</id>
    <lines>52-52</lines>
    <body>...</body>
    <file>...</file>
    <author>...</author>
    <email>...</email>
    <time>2017-06-23T11:00:37Z</time>
    <children/>
  </puzzle>
  <puzzle alive="false">
    <issue href="https://github.com/driver733/VKMusicUploader/issues/58">58</issue>
    <ticket>14</ticket>
    <estimate>0</estimate>
    <role>IMP</role>
    <id>14-9f3691a5</id>
    <lines>50-50</lines>
    <body>...</body>
    <file>...</file>
    <author>...</author>
    <email>...</email>
    <time>2017-06-24T23:19:41Z</time>
    <children/>
  </puzzle>
  <puzzle alive="false">
    <issue href="https://github.com/driver733/VKMusicUploader/issues/63">63</issue>
    <ticket>16</ticket>
    <estimate>0</estimate>
    <role>IMP</role>
    <id>16-265a60e7</id>
    <lines>43-43</lines>
    <body>...</body>
    <file>...</file>
    <author>...</author>
    <email>...</email>
    <time>2017-06-25T22:12:48Z</time>
    <children/>
  </puzzle>
  <puzzle alive="false">
    <issue href="https://github.com/driver733/VKMusicUploader/issues/66">66</issue>
    <ticket>17</ticket>
    <estimate>0</estimate>
    <role>IMP</role>
    <id>17-ca71c469</id>
    <lines>43-43</lines>
    <body>...</body>
    <file>...</file>
    <author>...</author>
    <email>...</email>
    <time>2017-06-26T15:08:58Z</time>
    <children/>
  </puzzle>
  <puzzle alive="false">
    <issue href="https://github.com/driver733/VKMusicUploader/issues/72">72</issue>
    <ticket>20</ticket>
    <estimate>0</estimate>
    <role>IMP</role>
    <id>20-7c7a51a6</id>
    <lines>45-45</lines>
    <body>...</body>
    <file>...</file>
    <author>...</author>
    <email>...</email>
    <time>2017-06-26T20:12:12Z</time>
    <children/>
  </puzzle>
  <puzzle alive="false">
    <issue href="https://github.com/driver733/VKMusicUploader/issues/84">84</issue>
    <ticket>21</ticket>
    <estimate>0</estimate>
    <role>IMP</role>
    <id>21-2426a3bf</id>
    <lines>203-203</lines>
    <body>...</body>
    <file>...</file>
    <author>...</author>
    <email>...</email>
    <time>2017-06-27T11:59:56Z</time>
    <children/>
  </puzzle>
  <puzzle alive="false">
    <issue href="https://github.com/driver733/VKMusicUploader/issues/109">109</issue>
    <ticket>23</ticket>
    <estimate>0</estimate>
    <role>IMP</role>
    <id>23-dd21d91e</id>
    <lines>39-39</lines>
    <body>...</body>
    <file>...</file>
    <author>...</author>
    <email>...</email>
    <time>2017-09-28T02:23:21Z</time>
    <children/>
  </puzzle>
  <puzzle alive="false">
    <issue>unknown</issue>
    <ticket>22</ticket>
    <estimate>0</estimate>
    <role>DEV</role>
    <id>22-60aa4ca0</id>
    <lines>45-45</lines>
    <body>...</body>
    <file>...</file>
    <author>...</author>
    <email>...</email>
    <time>2018-06-19T15:28:10Z</time>
    <children/>
  </puzzle>
  <puzzle alive="false">
    <issue>unknown</issue>
    <ticket>6</ticket>
    <estimate>0</estimate>
    <role>DEV</role>
    <id>6-93403c20</id>
    <lines>48-48</lines>
    <body>...</body>
    <file>...</file>
    <author>...</author>
    <email>...</email>
    <time>2018-06-15T08:48:45Z</time>
    <children/>
  </puzzle>
  <puzzle alive="false">
    <issue>unknown</issue>
    <ticket>22</ticket>
    <estimate>0</estimate>
    <role>DEV</role>
    <id>22-63294f5b</id>
    <lines>45-45</lines>
    <body>...</body>
    <file>...</file>
    <author>...</author>
    <email>...</email>
    <time>2018-06-15T09:04:54Z</time>
    <children/>
  </puzzle>
  <puzzle alive="false">
    <issue>unknown</issue>
    <ticket>16</ticket>
    <estimate>0</estimate>
    <role>DEV</role>
    <id>16-95e9da17</id>
    <lines>44-44</lines>
    <body>...</body>
    <file>...</file>
    <author>...</author>
    <email>...</email>
    <time>2018-06-29T11:04:14Z</time>
    <children/>
  </puzzle>
  <puzzle alive="true">
    <issue>unknown</issue>
    <ticket>40</ticket>
    <estimate>0</estimate>
    <role>DEV</role>
    <id>40-2426a3bf</id>
    <lines>194-194</lines>
    <body>...</body>
    <file>...</file>
    <author>...</author>
    <email>...</email>
    <time>2018-07-10T22:12:44Z</time>
    <children/>
  </puzzle>
</puzzles>
