<?xml version="1.0"?>
<puzzles xmlns:xsi="http://www.w3.org/2001/XMLSchema-instance" xsi:noNamespaceSchemaLocation="http://www.0pdd.com/puzzles.xsd" date="2018-01-22T21:57:14+00:00" version="0.28.5">
  <puzzle alive="true">
    <issue>unknown</issue>
    <ticket>1</ticket>
    <estimate>30</estimate>
    <role>IMP</role>
    <id>1-dc36185e</id>
    <lines>5-5</lines>
    <body>...</body>
    <file>...</file>
    <author>...</author>
    <email>...</email>
    <time>2018-01-11T21:34:23Z</time>
    <children/>
  </puzzle>
  <puzzle alive="false">
    <issue>unknown</issue>
    <ticket>1</ticket>
    <estimate>30</estimate>
    <role>IMP</role>
    <id>1-6dc5bbe8</id>
    <lines>6-6</lines>
    <body>...</body>
    <file>...</file>
    <author>...</author>
    <email>...</email>
    <time>2018-01-11T21:34:23Z</time>
    <children/>
  </puzzle>
  <puzzle alive="false">
    <issue href="https://github.com/alexpanov/meteor-react-semantic-ui-starter/issues/8" closed="2018-01-17T23:31:10+00:00">8</issue>
    <ticket>3</ticket>
    <estimate>15</estimate>
    <role>IMP</role>
    <id>3-027d700b</id>
    <lines>7-7</lines>
    <body>...</body>
    <file>...</file>
    <author>...</author>
    <email>...</email>
    <time>2018-01-11T22:17:18Z</time>
    <children/>
  </puzzle>
  <puzzle alive="false">
    <issue href="https://github.com/alexpanov/meteor-react-semantic-ui-starter/issues/9" closed="2018-01-17T23:31:11+00:00">9</issue>
    <ticket>3</ticket>
    <estimate>10</estimate>
    <role>IMP</role>
    <id>3-038bcd46</id>
    <lines>15-16</lines>
    <body>...</body>
    <file>...</file>
    <author>...</author>
    <email>...</email>
    <time>2018-01-11T22:17:18Z</time>
    <children/>
  </puzzle>
  <puzzle alive="false">
    <issue href="https://github.com/alexpanov/meteor-react-semantic-ui-starter/issues/10" closed="2018-01-11T23:59:57+00:00">10</issue>
    <ticket>3</ticket>
    <estimate>30</estimate>
    <role>IMP</role>
    <id>3-992d7870</id>
    <lines>18-18</lines>
    <body>...</body>
    <file>...</file>
    <author>...</author>
    <email>...</email>
    <time>2018-01-11T22:17:18Z</time>
    <children/>
  </puzzle>
  <puzzle alive="true">
    <issue>unknown</issue>
    <ticket>1</ticket>
    <estimate>30</estimate>
    <role>IMP</role>
    <id>1-038f4a0e</id>
    <lines>103-103</lines>
    <body>...</body>
    <file>...</file>
    <author>...</author>
    <email>...</email>
    <time>2018-01-11T21:34:23Z</time>
    <children/>
  </puzzle>
  <puzzle alive="true">
    <issue>unknown</issue>
    <ticket>1</ticket>
    <estimate>30</estimate>
    <role>IMP</role>
    <id>1-aa1fe29b</id>
    <lines>49-49</lines>
    <body>...</body>
    <file>...</file>
    <author>...</author>
    <email>...</email>
    <time>2018-01-11T21:34:23Z</time>
    <children/>
  </puzzle>
  <puzzle alive="true">
    <issue href="https://github.com/alexpanov/meteor-react-semantic-ui-starter/issues/11">11</issue>
    <ticket>3</ticket>
    <estimate>30</estimate>
    <role>IMP</role>
    <id>3-28ef755c</id>
    <lines>5-5</lines>
    <body>...</body>
    <file>...</file>
    <author>...</author>
    <email>...</email>
    <time>2018-01-11T22:17:18Z</time>
    <children/>
  </puzzle>
  <puzzle alive="true">
    <issue>unknown</issue>
    <ticket>1</ticket>
    <estimate>30</estimate>
    <role>IMP</role>
    <id>1-207f5898</id>
    <lines>10-10</lines>
    <body>...</body>
    <file>...</file>
    <author>...</author>
    <email>...</email>
    <time>2018-01-11T21:34:23Z</time>
    <children/>
  </puzzle>
  <puzzle alive="false">
    <issue>unknown</issue>
    <ticket>1</ticket>
    <estimate>10</estimate>
    <role>IMP</role>
    <id>1-34060f86</id>
    <lines>18-18</lines>
    <body>...</body>
    <file>...</file>
    <author>...</author>
    <email>...</email>
    <time>2018-01-11T21:34:23Z</time>
    <children/>
  </puzzle>
  <puzzle alive="false">
    <issue href="https://github.com/alexpanov/meteor-react-semantic-ui-starter/issues/12" closed="2018-01-16T23:44:44+00:00">12</issue>
    <ticket>3</ticket>
    <estimate>30</estimate>
    <role>IMP</role>
    <id>3-84b9f8b8</id>
    <lines>9-9</lines>
    <body>...</body>
    <file>...</file>
    <author>...</author>
    <email>...</email>
    <time>2018-01-11T23:59:49Z</time>
    <children/>
  </puzzle>
  <puzzle alive="true">
    <issue href="https://github.com/alexpanov/meteor-react-semantic-ui-starter/issues/13">13</issue>
    <ticket>3</ticket>
    <estimate>30</estimate>
    <role>IMP</role>
    <id>3-ebd724af</id>
    <lines>28-28</lines>
    <body>...</body>
    <file>...</file>
    <author>...</author>
    <email>...</email>
    <time>2018-01-11T23:59:49Z</time>
    <children/>
  </puzzle>
  <puzzle alive="false">
    <issue href="https://github.com/alexpanov/meteor-react-semantic-ui-starter/issues/14" closed="2018-01-22T21:57:14+00:00">14</issue>
    <ticket>2</ticket>
    <estimate>30</estimate>
    <role>IMP</role>
    <id>2-63af0453</id>
    <lines>12-12</lines>
    <body>...</body>
    <file>...</file>
    <author>...</author>
    <email>...</email>
    <time>2018-01-12T18:09:11Z</time>
    <children/>
  </puzzle>
  <puzzle alive="false">
    <issue href="https://github.com/alexpanov/meteor-react-semantic-ui-starter/issues/16" closed="2018-01-15T02:29:15+00:00">16</issue>
    <ticket>15</ticket>
    <estimate>30</estimate>
    <role>IMP</role>
    <id>15-69c4ab6a</id>
    <lines>4-4</lines>
    <body>...</body>
    <file>...</file>
    <author>...</author>
    <email>...</email>
    <time>2018-01-12T18:17:34Z</time>
    <children>
      <puzzle alive="false">
        <issue href="https://github.com/alexpanov/meteor-react-semantic-ui-starter/issues/17" closed="2018-01-15T16:33:28+00:00">17</issue>
        <ticket>16</ticket>
        <estimate>30</estimate>
        <role>IMP</role>
        <id>16-c9d04192</id>
        <lines>6-6</lines>
        <body>...</body>
        <file>...</file>
        <author>...</author>
        <email>...</email>
        <time>2018-01-15T02:29:07Z</time>
        <children/>
      </puzzle>
      <puzzle alive="true">
        <issue href="https://github.com/alexpanov/meteor-react-semantic-ui-starter/issues/18">18</issue>
        <ticket>16</ticket>
        <estimate>30</estimate>
        <role>IMP</role>
        <id>16-1fcbafb5</id>
        <lines>7-7</lines>
        <body>...</body>
        <file>...</file>
        <author>...</author>
        <email>...</email>
        <time>2018-01-15T02:29:07Z</time>
        <children/>
      </puzzle>
    </children>
  </puzzle>
</puzzles>
