<?xml version="1.0"?>
<puzzles xmlns:xsi="http://www.w3.org/2001/XMLSchema-instance" xsi:noNamespaceSchemaLocation="http://www.0pdd.com/puzzles.xsd" date="2019-04-23T10:46:39+00:00" version="0.30.16">
  <puzzle alive="false">
    <issue href="https://github.com/kamontat/thaibank/issues/2" closed="2019-04-23T09:18:13+00:00">2</issue>
    <ticket>DATA-0001</ticket>
    <estimate>15</estimate>
    <role>DAT</role>
    <id>DATA-0001-c1cff7c4</id>
    <lines>3-3</lines>
    <body>...</body>
    <file>...</file>
    <author>...</author>
    <email>...</email>
    <time>2019-04-23T09:01:04Z</time>
    <children/>
  </puzzle>
  <puzzle alive="false">
    <issue href="https://github.com/kamontat/thaibank/issues/3" closed="2019-04-23T09:18:16+00:00">3</issue>
    <ticket>DATA-0002</ticket>
    <estimate>15</estimate>
    <role>DAT</role>
    <id>DATA-0002-533de317</id>
    <lines>4-4</lines>
    <body>...</body>
    <file>...</file>
    <author>...</author>
    <email>...</email>
    <time>2019-04-23T09:01:04Z</time>
    <children/>
  </puzzle>
  <puzzle alive="false">
    <issue href="https://github.com/kamontat/thaibank/issues/4" closed="2019-04-23T09:18:19+00:00">4</issue>
    <ticket>DATA-0003</ticket>
    <estimate>15</estimate>
    <role>DAT</role>
    <id>DATA-0003-b5958f99</id>
    <lines>5-5</lines>
    <body>...</body>
    <file>...</file>
    <author>...</author>
    <email>...</email>
    <time>2019-04-23T09:01:04Z</time>
    <children/>
  </puzzle>
  <puzzle alive="false">
    <issue href="https://github.com/kamontat/thaibank/issues/5" closed="2019-04-23T09:18:21+00:00">5</issue>
    <ticket>DATA-0004</ticket>
    <estimate>15</estimate>
    <role>DAT</role>
    <id>DATA-0004-071f4d6a</id>
    <lines>6-6</lines>
    <body>...</body>
    <file>...</file>
    <author>...</author>
    <email>...</email>
    <time>2019-04-23T09:01:04Z</time>
    <children/>
  </puzzle>
  <puzzle alive="false">
    <issue href="https://github.com/kamontat/thaibank/issues/6" closed="2019-04-23T09:18:24+00:00">6</issue>
    <ticket>DATA-0005</ticket>
    <estimate>15</estimate>
    <role>DAT</role>
    <id>DATA-0005-db92157b</id>
    <lines>7-7</lines>
    <body>...</body>
    <file>...</file>
    <author>...</author>
    <email>...</email>
    <time>2019-04-23T09:01:04Z</time>
    <children/>
  </puzzle>
  <puzzle alive="false">
    <issue href="https://github.com/kamontat/thaibank/issues/7" closed="2019-04-23T09:18:26+00:00">7</issue>
    <ticket>DATA-0006</ticket>
    <estimate>15</estimate>
    <role>DAT</role>
    <id>DATA-0006-d087927c</id>
    <lines>8-8</lines>
    <body>...</body>
    <file>...</file>
    <author>...</author>
    <email>...</email>
    <time>2019-04-23T09:01:04Z</time>
    <children/>
  </puzzle>
  <puzzle alive="false">
    <issue href="https://github.com/kamontat/thaibank/issues/8" closed="2019-04-23T09:18:31+00:00">8</issue>
    <ticket>DATA-0007</ticket>
    <estimate>15</estimate>
    <role>DAT</role>
    <id>DATA-0007-b71d7c35</id>
    <lines>9-9</lines>
    <body>...</body>
    <file>...</file>
    <author>...</author>
    <email>...</email>
    <time>2019-04-23T09:01:04Z</time>
    <children/>
  </puzzle>
  <puzzle alive="false">
    <issue href="https://github.com/kamontat/thaibank/issues/9" closed="2019-04-23T09:18:33+00:00">9</issue>
    <ticket>DATA-0008</ticket>
    <estimate>15</estimate>
    <role>DAT</role>
    <id>DATA-0008-fe1edea7</id>
    <lines>10-10</lines>
    <body>...</body>
    <file>...</file>
    <author>...</author>
    <email>...</email>
    <time>2019-04-23T09:01:04Z</time>
    <children/>
  </puzzle>
  <puzzle alive="true">
    <issue href="https://github.com/kamontat/thaibank/issues/10">10</issue>
    <ticket>DATA-0001</ticket>
    <estimate>15</estimate>
    <role>DEV</role>
    <id>DATA-0001-2e885584</id>
    <lines>4-4</lines>
    <body>...</body>
    <file>...</file>
    <author>...</author>
    <email>...</email>
    <time>2019-04-23T09:17:57Z</time>
    <children/>
  </puzzle>
  <puzzle alive="true">
    <issue href="https://github.com/kamontat/thaibank/issues/11">11</issue>
    <ticket>DATA-0002</ticket>
    <estimate>15</estimate>
    <role>DEV</role>
    <id>DATA-0002-08cee122</id>
    <lines>7-7</lines>
    <body>...</body>
    <file>...</file>
    <author>...</author>
    <email>...</email>
    <time>2019-04-23T09:17:57Z</time>
    <children/>
  </puzzle>
  <puzzle alive="true">
    <issue href="https://github.com/kamontat/thaibank/issues/12">12</issue>
    <ticket>DATA-0003</ticket>
    <estimate>15</estimate>
    <role>DEV</role>
    <id>DATA-0003-64354a4b</id>
    <lines>10-10</lines>
    <body>...</body>
    <file>...</file>
    <author>...</author>
    <email>...</email>
    <time>2019-04-23T09:17:57Z</time>
    <children/>
  </puzzle>
  <puzzle alive="true">
    <issue href="https://github.com/kamontat/thaibank/issues/13">13</issue>
    <ticket>DATA-0004</ticket>
    <estimate>15</estimate>
    <role>DEV</role>
    <id>DATA-0004-19c83b06</id>
    <lines>13-13</lines>
    <body>...</body>
    <file>...</file>
    <author>...</author>
    <email>...</email>
    <time>2019-04-23T09:17:57Z</time>
    <children/>
  </puzzle>
  <puzzle alive="true">
    <issue href="https://github.com/kamontat/thaibank/issues/14">14</issue>
    <ticket>DATA-0005</ticket>
    <estimate>15</estimate>
    <role>DEV</role>
    <id>DATA-0005-0dd83d67</id>
    <lines>16-16</lines>
    <body>...</body>
    <file>...</file>
    <author>...</author>
    <email>...</email>
    <time>2019-04-23T09:17:57Z</time>
    <children/>
  </puzzle>
  <puzzle alive="true">
    <issue href="https://github.com/kamontat/thaibank/issues/15">15</issue>
    <ticket>DATA-0006</ticket>
    <estimate>15</estimate>
    <role>DEV</role>
    <id>DATA-0006-a57df860</id>
    <lines>19-19</lines>
    <body>...</body>
    <file>...</file>
    <author>...</author>
    <email>...</email>
    <time>2019-04-23T09:17:57Z</time>
    <children/>
  </puzzle>
  <puzzle alive="true">
    <issue href="https://github.com/kamontat/thaibank/issues/16">16</issue>
    <ticket>DATA-0007</ticket>
    <estimate>15</estimate>
    <role>DEV</role>
    <id>DATA-0007-7b7046d6</id>
    <lines>22-22</lines>
    <body>...</body>
    <file>...</file>
    <author>...</author>
    <email>...</email>
    <time>2019-04-23T09:17:57Z</time>
    <children/>
  </puzzle>
  <puzzle alive="true">
    <issue href="https://github.com/kamontat/thaibank/issues/17">17</issue>
    <ticket>DATA-0008</ticket>
    <estimate>15</estimate>
    <role>DEV</role>
    <id>DATA-0008-b769ada6</id>
    <lines>25-25</lines>
    <body>...</body>
    <file>...</file>
    <author>...</author>
    <email>...</email>
    <time>2019-04-23T09:17:57Z</time>
    <children/>
  </puzzle>
  <puzzle alive="true">
    <issue href="https://github.com/kamontat/thaibank/issues/18">18</issue>
    <ticket>FLOW-0001</ticket>
    <estimate>45</estimate>
    <role>DEV</role>
    <id>FLOW-0001-28dd6e8b</id>
    <lines>42-44</lines>
    <body>...</body>
    <file>...</file>
    <author>...</author>
    <email>...</email>
    <time>2019-04-23T09:17:57Z</time>
    <children/>
  </puzzle>
  <puzzle alive="true">
    <issue href="https://github.com/kamontat/thaibank/issues/19">19</issue>
    <ticket>FLOW-0002</ticket>
    <estimate>45</estimate>
    <role>DEV</role>
    <id>FLOW-0002-15b4dd00</id>
    <lines>59-61</lines>
    <body>...</body>
    <file>...</file>
    <author>...</author>
    <email>...</email>
    <time>2019-04-23T09:17:57Z</time>
    <children/>
  </puzzle>
  <puzzle alive="true">
    <issue href="https://github.com/kamontat/thaibank/issues/20">20</issue>
    <ticket>FLOW-0003</ticket>
    <estimate>45</estimate>
    <role>DEV</role>
    <id>FLOW-0003-e3886243</id>
    <lines>76-78</lines>
    <body>...</body>
    <file>...</file>
    <author>...</author>
    <email>...</email>
    <time>2019-04-23T09:17:57Z</time>
    <children/>
  </puzzle>
  <puzzle alive="true">
    <issue href="https://github.com/kamontat/thaibank/issues/21">21</issue>
    <ticket>FLOW-0004</ticket>
    <estimate>45</estimate>
    <role>DEV</role>
    <id>FLOW-0004-9132d74b</id>
    <lines>93-95</lines>
    <body>...</body>
    <file>...</file>
    <author>...</author>
    <email>...</email>
    <time>2019-04-23T09:17:57Z</time>
    <children/>
  </puzzle>
  <puzzle alive="true">
    <issue href="https://github.com/kamontat/thaibank/issues/22">22</issue>
    <ticket>FLOW-0005</ticket>
    <estimate>45</estimate>
    <role>DEV</role>
    <id>FLOW-0005-dc471f94</id>
    <lines>110-112</lines>
    <body>...</body>
    <file>...</file>
    <author>...</author>
    <email>...</email>
    <time>2019-04-23T09:17:57Z</time>
    <children/>
  </puzzle>
  <puzzle alive="true">
    <issue href="https://github.com/kamontat/thaibank/issues/23">23</issue>
    <ticket>FLOW-0006</ticket>
    <estimate>45</estimate>
    <role>DEV</role>
    <id>FLOW-0006-211d6fc4</id>
    <lines>127-129</lines>
    <body>...</body>
    <file>...</file>
    <author>...</author>
    <email>...</email>
    <time>2019-04-23T09:17:57Z</time>
    <children/>
  </puzzle>
  <puzzle alive="true">
    <issue href="https://github.com/kamontat/thaibank/issues/24">24</issue>
    <ticket>FLOW-0007</ticket>
    <estimate>45</estimate>
    <role>DEV</role>
    <id>FLOW-0007-171365e1</id>
    <lines>144-146</lines>
    <body>...</body>
    <file>...</file>
    <author>...</author>
    <email>...</email>
    <time>2019-04-23T09:17:57Z</time>
    <children/>
  </puzzle>
  <puzzle alive="true">
    <issue href="https://github.com/kamontat/thaibank/issues/25">25</issue>
    <ticket>FLOW-0008</ticket>
    <estimate>45</estimate>
    <role>DEV</role>
    <id>FLOW-0008-96e4b977</id>
    <lines>161-163</lines>
    <body>...</body>
    <file>...</file>
    <author>...</author>
    <email>...</email>
    <time>2019-04-23T09:17:57Z</time>
    <children/>
  </puzzle>
  <puzzle alive="true">
    <issue href="https://github.com/kamontat/thaibank/issues/26">26</issue>
    <ticket>IMG-0001</ticket>
    <estimate>5</estimate>
    <role>DEV</role>
    <id>IMG-0001-81236e6b</id>
    <lines>184-184</lines>
    <body>...</body>
    <file>...</file>
    <author>...</author>
    <email>...</email>
    <time>2019-04-23T09:17:57Z</time>
    <children/>
  </puzzle>
  <puzzle alive="true">
    <issue href="https://github.com/kamontat/thaibank/issues/27">27</issue>
    <ticket>IMG-0002</ticket>
    <estimate>5</estimate>
    <role>DEV</role>
    <id>IMG-0002-0a8486b3</id>
    <lines>191-191</lines>
    <body>...</body>
    <file>...</file>
    <author>...</author>
    <email>...</email>
    <time>2019-04-23T09:17:57Z</time>
    <children/>
  </puzzle>
  <puzzle alive="false">
    <issue href="https://github.com/kamontat/thaibank/issues/28" closed="2019-04-23T10:46:39+00:00">28</issue>
    <ticket>IMG-0003</ticket>
    <estimate>5</estimate>
    <role>DEV</role>
    <id>IMG-0003-6b00dfdb</id>
    <lines>198-198</lines>
    <body>...</body>
    <file>...</file>
    <author>...</author>
    <email>...</email>
    <time>2019-04-23T09:17:57Z</time>
    <children/>
  </puzzle>
  <puzzle alive="true">
    <issue href="https://github.com/kamontat/thaibank/issues/29">29</issue>
    <ticket>IMG-0004</ticket>
    <estimate>5</estimate>
    <role>DEV</role>
    <id>IMG-0004-4a952ce9</id>
    <lines>205-205</lines>
    <body>...</body>
    <file>...</file>
    <author>...</author>
    <email>...</email>
    <time>2019-04-23T09:17:57Z</time>
    <children/>
  </puzzle>
  <puzzle alive="true">
    <issue href="https://github.com/kamontat/thaibank/issues/30">30</issue>
    <ticket>IMG-0005</ticket>
    <estimate>5</estimate>
    <role>DEV</role>
    <id>IMG-0005-debcc3d3</id>
    <lines>212-212</lines>
    <body>...</body>
    <file>...</file>
    <author>...</author>
    <email>...</email>
    <time>2019-04-23T09:17:57Z</time>
    <children/>
  </puzzle>
  <puzzle alive="true">
    <issue href="https://github.com/kamontat/thaibank/issues/31">31</issue>
    <ticket>IMG-0006</ticket>
    <estimate>5</estimate>
    <role>DEV</role>
    <id>IMG-0006-5bc86c97</id>
    <lines>219-219</lines>
    <body>...</body>
    <file>...</file>
    <author>...</author>
    <email>...</email>
    <time>2019-04-23T09:17:57Z</time>
    <children/>
  </puzzle>
</puzzles>
