<?xml version="1.0"?>
<puzzles xmlns:xsi="http://www.w3.org/2001/XMLSchema-instance" xsi:noNamespaceSchemaLocation="http://www.0pdd.com/puzzles.xsd" date="2020-02-28T11:58:03+00:00" version="0.30.21">
  <puzzle alive="true">
    <issue href="https://github.com/condorcat/de.serra.condorcat/issues/96">96</issue>
    <ticket>46</ticket>
    <estimate>0</estimate>
    <role>DEV</role>
    <id>46-77382f25</id>
    <lines>42-42</lines>
    <body>...</body>
    <file>...</file>
    <author>...</author>
    <email>...</email>
    <time>2020-01-30T08:24:37Z</time>
    <children/>
  </puzzle>
  <puzzle alive="true">
    <issue href="https://github.com/condorcat/de.serra.condorcat/issues/97">97</issue>
    <ticket>86</ticket>
    <estimate>0</estimate>
    <role>DEV</role>
    <id>86-a6d7494b</id>
    <lines>12-12</lines>
    <body>...</body>
    <file>...</file>
    <author>...</author>
    <email>...</email>
    <time>2020-01-30T08:24:37Z</time>
    <children/>
  </puzzle>
  <puzzle alive="true">
    <issue href="https://github.com/condorcat/de.serra.condorcat/issues/98">98</issue>
    <ticket>84</ticket>
    <estimate>0</estimate>
    <role>DEV</role>
    <id>84-9b4c87cb</id>
    <lines>24-24</lines>
    <body>...</body>
    <file>...</file>
    <author>...</author>
    <email>...</email>
    <time>2020-01-30T08:24:37Z</time>
    <children/>
  </puzzle>
  <puzzle alive="false">
    <issue href="https://github.com/condorcat/de.serra.condorcat/issues/99" closed="2020-01-30T14:33:19+00:00">99</issue>
    <ticket>21</ticket>
    <estimate>0</estimate>
    <role>DEV</role>
    <id>21-eed71592</id>
    <lines>51-51</lines>
    <body>...</body>
    <file>...</file>
    <author>...</author>
    <email>...</email>
    <time>2020-01-30T08:24:37Z</time>
    <children/>
  </puzzle>
  <puzzle alive="false">
    <issue href="https://github.com/condorcat/de.serra.condorcat/issues/102" closed="2020-02-04T11:28:00+00:00">102</issue>
    <ticket>94</ticket>
    <estimate>0</estimate>
    <role>DEV</role>
    <id>94-8565107f</id>
    <lines>62-62</lines>
    <body>...</body>
    <file>...</file>
    <author>...</author>
    <email>...</email>
    <time>2020-01-30T12:04:06Z</time>
    <children/>
  </puzzle>
  <puzzle alive="false">
    <issue href="https://github.com/condorcat/de.serra.condorcat/issues/103" closed="2020-02-28T11:56:24+00:00">103</issue>
    <ticket>94</ticket>
    <estimate>0</estimate>
    <role>DEV</role>
    <id>94-8ee4c1c4</id>
    <lines>68-69</lines>
    <body>...</body>
    <file>...</file>
    <author>...</author>
    <email>...</email>
    <time>2020-01-30T12:04:06Z</time>
    <children>
      <puzzle alive="true">
        <issue href="https://github.com/condorcat/de.serra.condorcat/issues/110">110</issue>
        <ticket>103</ticket>
        <estimate>0</estimate>
        <role>DEV</role>
        <id>103-1784a676</id>
        <lines>16-16</lines>
        <body>...</body>
        <file>...</file>
        <author>...</author>
        <email>...</email>
        <time>2020-02-28T11:46:52Z</time>
        <children/>
      </puzzle>
    </children>
  </puzzle>
  <puzzle alive="true">
    <issue href="https://github.com/condorcat/de.serra.condorcat/issues/111">111</issue>
    <ticket>94</ticket>
    <estimate>0</estimate>
    <role>DEV</role>
    <id>94-618bba40</id>
    <lines>34-34</lines>
    <body>...</body>
    <file>...</file>
    <author>...</author>
    <email>...</email>
    <time>2020-02-28T11:46:52Z</time>
    <children/>
  </puzzle>
</puzzles>
