<?xml version="1.0"?>
<puzzles xmlns:xsi="http://www.w3.org/2001/XMLSchema-instance" xsi:noNamespaceSchemaLocation="http://www.0pdd.com/puzzles.xsd" date="2021-08-19T16:01:08+00:00" version="0.30.23">
  <puzzle alive="false">
    <issue href="https://github.com/artipie/artipie/issues/26" closed="2020-02-21T07:19:40+00:00">26</issue>
    <ticket>12</ticket>
    <estimate>30</estimate>
    <role>DEV</role>
    <id>12-b6e20264</id>
    <lines>45-50</lines>
    <body>...</body>
    <file>...</file>
    <author>...</author>
    <email>...</email>
    <time>2020-02-11T12:44:59Z</time>
    <children/>
  </puzzle>
  <puzzle alive="false">
    <issue href="https://github.com/artipie/artipie/issues/27" closed="2020-03-23T07:48:30+00:00">27</issue>
    <ticket>12</ticket>
    <estimate>30</estimate>
    <role>DEV</role>
    <id>12-c03f07e2</id>
    <lines>113-115</lines>
    <body>...</body>
    <file>...</file>
    <author>...</author>
    <email>...</email>
    <time>2020-02-13T08:10:04Z</time>
    <children/>
  </puzzle>
  <puzzle alive="false">
    <issue href="https://github.com/artipie/artipie/issues/32" closed="2020-03-16T14:13:45+00:00">32</issue>
    <ticket>12</ticket>
    <estimate>30</estimate>
    <role>DEV</role>
    <id>12-94a9871a</id>
    <lines>38-40</lines>
    <body>...</body>
    <file>...</file>
    <author>...</author>
    <email>...</email>
    <time>2020-02-21T07:31:45Z</time>
    <children/>
  </puzzle>
  <puzzle alive="false">
    <issue href="https://github.com/artipie/artipie/issues/46" closed="2020-04-07T09:13:01+00:00">46</issue>
    <ticket>40</ticket>
    <estimate>30</estimate>
    <role>DEV</role>
    <id>40-06b6b8fc</id>
    <lines>7-9</lines>
    <body>...</body>
    <file>...</file>
    <author>...</author>
    <email>...</email>
    <time>2020-03-18T14:04:19Z</time>
    <children/>
  </puzzle>
  <puzzle alive="false">
    <issue href="https://github.com/artipie/artipie/issues/71" closed="2020-04-17T08:37:24+00:00">71</issue>
    <ticket>69</ticket>
    <estimate>30</estimate>
    <role>DEV</role>
    <id>69-a0681291</id>
    <lines>34-37</lines>
    <body>...</body>
    <file>...</file>
    <author>...</author>
    <email>...</email>
    <time>2020-04-13T07:23:08Z</time>
    <children/>
  </puzzle>
  <puzzle alive="false">
    <issue href="https://github.com/artipie/artipie/issues/90" closed="2020-04-28T13:49:29+00:00">90</issue>
    <ticket>76</ticket>
    <estimate>30</estimate>
    <role>DEV</role>
    <id>76-fe362791</id>
    <lines>111-113</lines>
    <body>...</body>
    <file>...</file>
    <author>...</author>
    <email>...</email>
    <time>2020-04-22T09:38:48Z</time>
    <children>
      <puzzle alive="false">
        <issue href="https://github.com/artipie/artipie/issues/109" closed="2020-05-07T09:01:42+00:00">109</issue>
        <ticket>90</ticket>
        <estimate>30</estimate>
        <role>DEV</role>
        <id>90-c6a5c053</id>
        <lines>45-46</lines>
        <body>...</body>
        <file>...</file>
        <author>...</author>
        <email>...</email>
        <time>2020-04-25T14:42:23Z</time>
        <children/>
      </puzzle>
      <puzzle alive="true">
        <issue href="https://github.com/artipie/artipie/issues/110">110</issue>
        <ticket>90</ticket>
        <estimate>30</estimate>
        <role>DEV</role>
        <id>90-277cd0cd</id>
        <lines>65-67</lines>
        <body>...</body>
        <file>...</file>
        <author>...</author>
        <email>...</email>
        <time>2020-04-27T08:05:33Z</time>
        <children/>
      </puzzle>
    </children>
  </puzzle>
  <puzzle alive="false">
    <issue href="https://github.com/artipie/artipie/issues/120" closed="2020-05-28T09:28:37+00:00">120</issue>
    <ticket>74</ticket>
    <estimate>30</estimate>
    <role>DEV</role>
    <id>74-e630ca71</id>
    <lines>49-52</lines>
    <body>...</body>
    <file>...</file>
    <author>...</author>
    <email>...</email>
    <time>2020-05-08T07:24:18Z</time>
    <children/>
  </puzzle>
  <puzzle alive="false">
    <issue href="https://github.com/artipie/artipie/issues/179" closed="2020-08-20T11:28:29+00:00">179</issue>
    <ticket>146</ticket>
    <estimate>30</estimate>
    <role>DEV</role>
    <id>146-3820475f</id>
    <lines>128-129</lines>
    <body>...</body>
    <file>...</file>
    <author>...</author>
    <email>...</email>
    <time>2020-05-22T15:24:51Z</time>
    <children/>
  </puzzle>
  <puzzle alive="true">
    <issue href="https://github.com/artipie/artipie/issues/180">180</issue>
    <ticket>146</ticket>
    <estimate>30</estimate>
    <role>DEV</role>
    <id>146-b7fdde7c</id>
    <lines>36-41</lines>
    <body>...</body>
    <file>...</file>
    <author>...</author>
    <email>...</email>
    <time>2020-05-22T12:45:45Z</time>
    <children/>
  </puzzle>
  <puzzle alive="false">
    <issue href="https://github.com/artipie/artipie/issues/191" closed="2020-09-16T13:08:11+00:00">191</issue>
    <ticket>187</ticket>
    <estimate>30</estimate>
    <role>DEV</role>
    <id>187-870a4b1d</id>
    <lines>48-49</lines>
    <body>...</body>
    <file>...</file>
    <author>...</author>
    <email>...</email>
    <time>2020-06-02T14:49:30Z</time>
    <children/>
  </puzzle>
  <puzzle alive="false">
    <issue href="https://github.com/artipie/artipie/issues/267" closed="2020-08-03T10:37:47+00:00">267</issue>
    <ticket>231</ticket>
    <estimate>30</estimate>
    <role>DEV</role>
    <id>231-69751ecf</id>
    <lines>36-39</lines>
    <body>...</body>
    <file>...</file>
    <author>...</author>
    <email>...</email>
    <time>2020-07-06T12:23:56Z</time>
    <children/>
  </puzzle>
  <puzzle alive="false">
    <issue href="https://github.com/artipie/artipie/issues/272" closed="2020-08-14T12:40:11+00:00">272</issue>
    <ticket>231</ticket>
    <estimate>30</estimate>
    <role>DEV</role>
    <id>231-64301158</id>
    <lines>42-44</lines>
    <body>...</body>
    <file>...</file>
    <author>...</author>
    <email>...</email>
    <time>2020-07-07T10:25:39Z</time>
    <children/>
  </puzzle>
  <puzzle alive="true">
    <issue href="https://github.com/artipie/artipie/issues/273">273</issue>
    <ticket>231</ticket>
    <estimate>30</estimate>
    <role>DEV</role>
    <id>231-bfc96007</id>
    <lines>45-48</lines>
    <body>...</body>
    <file>...</file>
    <author>...</author>
    <email>...</email>
    <time>2020-07-07T10:25:39Z</time>
    <children/>
  </puzzle>
  <puzzle alive="false">
    <issue href="https://github.com/artipie/artipie/issues/290" closed="2020-08-03T10:37:53+00:00">290</issue>
    <ticket>231</ticket>
    <estimate>30</estimate>
    <role>DEV</role>
    <id>231-f0ff443a</id>
    <lines>37-40</lines>
    <body>...</body>
    <file>...</file>
    <author>...</author>
    <email>...</email>
    <time>2020-07-07T10:17:54Z</time>
    <children/>
  </puzzle>
  <puzzle alive="true">
    <issue href="https://github.com/artipie/artipie/issues/291">291</issue>
    <ticket>231</ticket>
    <estimate>30</estimate>
    <role>DEV</role>
    <id>231-c625a5c3</id>
    <lines>41-43</lines>
    <body>...</body>
    <file>...</file>
    <author>...</author>
    <email>...</email>
    <time>2020-07-07T11:06:48Z</time>
    <children/>
  </puzzle>
  <puzzle alive="false">
    <issue href="https://github.com/artipie/artipie/issues/292" closed="2020-08-19T12:20:59+00:00">292</issue>
    <ticket>231</ticket>
    <estimate>30</estimate>
    <role>DEV</role>
    <id>231-2cd4db3f</id>
    <lines>94-96</lines>
    <body>...</body>
    <file>...</file>
    <author>...</author>
    <email>...</email>
    <time>2020-07-08T12:39:59Z</time>
    <children/>
  </puzzle>
  <puzzle alive="true">
    <issue href="https://github.com/artipie/artipie/issues/337">337</issue>
    <ticket>285</ticket>
    <estimate>30</estimate>
    <role>DEV</role>
    <id>285-66616a94</id>
    <lines>50-55</lines>
    <body>...</body>
    <file>...</file>
    <author>...</author>
    <email>...</email>
    <time>2020-07-15T13:48:16Z</time>
    <children/>
  </puzzle>
  <puzzle alive="false">
    <issue href="https://github.com/artipie/artipie/issues/338" closed="2020-07-27T10:49:30+00:00">338</issue>
    <ticket>313</ticket>
    <estimate>30</estimate>
    <role>DEV</role>
    <id>313-c5cc8405</id>
    <lines>46-49</lines>
    <body>...</body>
    <file>...</file>
    <author>...</author>
    <email>...</email>
    <time>2020-07-15T13:48:16Z</time>
    <children/>
  </puzzle>
  <puzzle alive="false">
    <issue href="https://github.com/artipie/artipie/issues/339" closed="2021-08-09T09:08:43+00:00">339</issue>
    <ticket>285</ticket>
    <estimate>30</estimate>
    <role>DEV</role>
    <id>285-b75b90d5</id>
    <lines>40-44</lines>
    <body>...</body>
    <file>...</file>
    <author>...</author>
    <email>...</email>
    <time>2020-07-15T13:48:16Z</time>
    <children/>
  </puzzle>
  <puzzle alive="false">
    <issue href="https://github.com/artipie/artipie/issues/341" closed="2021-08-10T13:11:31+00:00">341</issue>
    <ticket>284</ticket>
    <estimate>30</estimate>
    <role>DEV</role>
    <id>284-62fad2c1</id>
    <lines>137-138</lines>
    <body>...</body>
    <file>...</file>
    <author>...</author>
    <email>...</email>
    <time>2020-07-15T15:45:37Z</time>
    <children/>
  </puzzle>
  <puzzle alive="true">
    <issue href="https://github.com/artipie/artipie/issues/378">378</issue>
    <ticket>370</ticket>
    <estimate>30</estimate>
    <role>DEV</role>
    <id>370-bcc3b5c3</id>
    <lines>52-54</lines>
    <body>...</body>
    <file>...</file>
    <author>...</author>
    <email>...</email>
    <time>2020-07-22T13:52:45Z</time>
    <children/>
  </puzzle>
  <puzzle alive="true">
    <issue href="https://github.com/artipie/artipie/issues/434">434</issue>
    <ticket>429</ticket>
    <estimate>30</estimate>
    <role>DEV</role>
    <id>429-0d21f4e0</id>
    <lines>36-40</lines>
    <body>...</body>
    <file>...</file>
    <author>...</author>
    <email>...</email>
    <time>2020-08-10T09:05:07Z</time>
    <children/>
  </puzzle>
  <puzzle alive="true">
    <issue href="https://github.com/artipie/artipie/issues/446">446</issue>
    <ticket>425</ticket>
    <estimate>30</estimate>
    <role>DEV</role>
    <id>425-7a9d7e13</id>
    <lines>40-42</lines>
    <body>...</body>
    <file>...</file>
    <author>...</author>
    <email>...</email>
    <time>2020-08-14T09:34:29Z</time>
    <children/>
  </puzzle>
  <puzzle alive="false">
    <issue href="https://github.com/artipie/artipie/issues/447" closed="2020-08-21T08:43:44+00:00">447</issue>
    <ticket>425</ticket>
    <estimate>30</estimate>
    <role>DEV</role>
    <id>425-6103346b</id>
    <lines>45-47</lines>
    <body>...</body>
    <file>...</file>
    <author>...</author>
    <email>...</email>
    <time>2020-08-14T09:34:29Z</time>
    <children/>
  </puzzle>
  <puzzle alive="false">
    <issue href="https://github.com/artipie/artipie/issues/460" closed="2021-08-09T09:08:46+00:00">460</issue>
    <ticket>442</ticket>
    <estimate>30</estimate>
    <role>DEV</role>
    <id>442-4070cd49</id>
    <lines>45-48</lines>
    <body>...</body>
    <file>...</file>
    <author>...</author>
    <email>...</email>
    <time>2020-08-18T13:55:54Z</time>
    <children/>
  </puzzle>
  <puzzle alive="true">
    <issue href="https://github.com/artipie/artipie/issues/464">464</issue>
    <ticket>444</ticket>
    <estimate>30</estimate>
    <role>DEV</role>
    <id>444-d6b8b13e</id>
    <lines>68-70</lines>
    <body>...</body>
    <file>...</file>
    <author>...</author>
    <email>...</email>
    <time>2020-08-19T14:40:55Z</time>
    <children/>
  </puzzle>
  <puzzle alive="false">
    <issue href="https://github.com/artipie/artipie/issues/470" closed="2021-08-19T16:01:08+00:00">470</issue>
    <ticket>449</ticket>
    <estimate>30</estimate>
    <role>DEV</role>
    <id>449-3e9e55ee</id>
    <lines>83-89</lines>
    <body>...</body>
    <file>...</file>
    <author>...</author>
    <email>...</email>
    <time>2020-08-20T08:39:22Z</time>
    <children/>
  </puzzle>
  <puzzle alive="false">
    <issue href="https://github.com/artipie/artipie/issues/472" closed="2020-08-21T14:13:11+00:00">472</issue>
    <ticket>444</ticket>
    <estimate>30</estimate>
    <role>DEV</role>
    <id>444-01e9331f</id>
    <lines>50-54</lines>
    <body>...</body>
    <file>...</file>
    <author>...</author>
    <email>...</email>
    <time>2020-08-20T11:13:59Z</time>
    <children/>
  </puzzle>
  <puzzle alive="false">
    <issue href="https://github.com/artipie/artipie/issues/479" closed="2020-08-24T14:44:51+00:00">479</issue>
    <ticket>444</ticket>
    <estimate>30</estimate>
    <role>DEV</role>
    <id>444-a0716dee</id>
    <lines>37-42</lines>
    <body>...</body>
    <file>...</file>
    <author>...</author>
    <email>...</email>
    <time>2020-08-21T05:37:10Z</time>
    <children/>
  </puzzle>
  <puzzle alive="false">
    <issue href="https://github.com/artipie/artipie/issues/480" closed="2020-08-21T13:01:34+00:00">480</issue>
    <ticket>444</ticket>
    <estimate>30</estimate>
    <role>DEV</role>
    <id>444-7d93e4f2</id>
    <lines>37-40</lines>
    <body>...</body>
    <file>...</file>
    <author>...</author>
    <email>...</email>
    <time>2020-08-21T05:37:10Z</time>
    <children/>
  </puzzle>
  <puzzle alive="false">
    <issue href="https://github.com/artipie/artipie/issues/484" closed="2020-08-26T08:41:09+00:00">484</issue>
    <ticket>444</ticket>
    <estimate>30</estimate>
    <role>DEV</role>
    <id>444-f6623627</id>
    <lines>45-50</lines>
    <body>...</body>
    <file>...</file>
    <author>...</author>
    <email>...</email>
    <time>2020-08-21T12:15:24Z</time>
    <children/>
  </puzzle>
  <puzzle alive="false">
    <issue href="https://github.com/artipie/artipie/issues/493" closed="2020-08-27T10:49:28+00:00">493</issue>
    <ticket>449</ticket>
    <estimate>30</estimate>
    <role>DEV</role>
    <id>449-81c7f5cc</id>
    <lines>47-51</lines>
    <body>...</body>
    <file>...</file>
    <author>...</author>
    <email>...</email>
    <time>2020-08-21T11:14:21Z</time>
    <children/>
  </puzzle>
  <puzzle alive="false">
    <issue href="https://github.com/artipie/artipie/issues/494" closed="2020-08-27T06:46:20+00:00">494</issue>
    <ticket>444</ticket>
    <estimate>30</estimate>
    <role>DEV</role>
    <id>444-563c6bfe</id>
    <lines>36-40</lines>
    <body>...</body>
    <file>...</file>
    <author>...</author>
    <email>...</email>
    <time>2020-08-25T07:03:56Z</time>
    <children/>
  </puzzle>
  <puzzle alive="false">
    <issue href="https://github.com/artipie/artipie/issues/495" closed="2020-08-26T08:55:22+00:00">495</issue>
    <ticket>444</ticket>
    <estimate>30</estimate>
    <role>DEV</role>
    <id>444-0c759efe</id>
    <lines>36-40</lines>
    <body>...</body>
    <file>...</file>
    <author>...</author>
    <email>...</email>
    <time>2020-08-25T07:03:56Z</time>
    <children>
      <puzzle alive="false">
        <issue href="https://github.com/artipie/artipie/issues/509" closed="2020-08-31T12:13:26+00:00">509</issue>
        <ticket>495</ticket>
        <estimate>30</estimate>
        <role>DEV</role>
        <id>495-a27c3b37</id>
        <lines>55-58</lines>
        <body>...</body>
        <file>...</file>
        <author>...</author>
        <email>...</email>
        <time>2020-08-25T18:35:58Z</time>
        <children/>
      </puzzle>
    </children>
  </puzzle>
  <puzzle alive="false">
    <issue href="https://github.com/artipie/artipie/issues/496" closed="2020-08-25T14:20:21+00:00">496</issue>
    <ticket>444</ticket>
    <estimate>30</estimate>
    <role>DEV</role>
    <id>444-7f6be348</id>
    <lines>36-39</lines>
    <body>...</body>
    <file>...</file>
    <author>...</author>
    <email>...</email>
    <time>2020-08-25T07:03:56Z</time>
    <children/>
  </puzzle>
  <puzzle alive="false">
    <issue href="https://github.com/artipie/artipie/issues/497" closed="2020-08-26T09:56:21+00:00">497</issue>
    <ticket>444</ticket>
    <estimate>30</estimate>
    <role>DEV</role>
    <id>444-61eb484a</id>
    <lines>36-40</lines>
    <body>...</body>
    <file>...</file>
    <author>...</author>
    <email>...</email>
    <time>2020-08-25T07:03:56Z</time>
    <children/>
  </puzzle>
  <puzzle alive="true">
    <issue href="https://github.com/artipie/artipie/issues/510">510</issue>
    <ticket>499</ticket>
    <estimate>30</estimate>
    <role>DEV</role>
    <id>499-bc7d8bcf</id>
    <lines>46-50</lines>
    <body>...</body>
    <file>...</file>
    <author>...</author>
    <email>...</email>
    <time>2020-08-25T09:05:29Z</time>
    <children/>
  </puzzle>
  <puzzle alive="true">
    <issue href="https://github.com/artipie/artipie/issues/511">511</issue>
    <ticket>499</ticket>
    <estimate>30</estimate>
    <role>DEV</role>
    <id>499-4f132183</id>
    <lines>51-53</lines>
    <body>...</body>
    <file>...</file>
    <author>...</author>
    <email>...</email>
    <time>2020-08-25T09:05:29Z</time>
    <children/>
  </puzzle>
  <puzzle alive="true">
    <issue href="https://github.com/artipie/artipie/issues/512">512</issue>
    <ticket>449</ticket>
    <estimate>30</estimate>
    <role>DEV</role>
    <id>449-eeee6363</id>
    <lines>54-60</lines>
    <body>...</body>
    <file>...</file>
    <author>...</author>
    <email>...</email>
    <time>2020-08-25T09:05:29Z</time>
    <children/>
  </puzzle>
  <puzzle alive="false">
    <issue href="https://github.com/artipie/artipie/issues/524" closed="2020-09-02T14:13:29+00:00">524</issue>
    <ticket>449</ticket>
    <estimate>30</estimate>
    <role>DEV</role>
    <id>449-2a88ca71</id>
    <lines>45-51</lines>
    <body>...</body>
    <file>...</file>
    <author>...</author>
    <email>...</email>
    <time>2020-08-27T10:37:36Z</time>
    <children/>
  </puzzle>
  <puzzle alive="false">
    <issue href="https://github.com/artipie/artipie/issues/589" closed="2020-12-03T07:27:46+00:00">589</issue>
    <ticket>569</ticket>
    <estimate>30</estimate>
    <role>DEV</role>
    <id>569-26fa1589</id>
    <lines>298-299</lines>
    <body>...</body>
    <file>...</file>
    <author>...</author>
    <email>...</email>
    <time>2020-09-14T11:06:25Z</time>
    <children/>
  </puzzle>
  <puzzle alive="false">
    <issue href="https://github.com/artipie/artipie/issues/597" closed="2020-12-03T07:27:49+00:00">597</issue>
    <ticket>545</ticket>
    <estimate>30</estimate>
    <role>DEV</role>
    <id>545-9296ae45</id>
    <lines>95-99</lines>
    <body>...</body>
    <file>...</file>
    <author>...</author>
    <email>...</email>
    <time>2020-09-15T09:43:20Z</time>
    <children>
      <puzzle alive="false">
        <issue href="https://github.com/artipie/artipie/issues/786" closed="2020-12-04T09:28:32+00:00">786</issue>
        <ticket>597</ticket>
        <estimate>30</estimate>
        <role>DEV</role>
        <id>597-732d602b</id>
        <lines>36-38</lines>
        <body>...</body>
        <file>...</file>
        <author>...</author>
        <email>...</email>
        <time>2020-12-03T07:27:32Z</time>
        <children/>
      </puzzle>
    </children>
  </puzzle>
  <puzzle alive="false">
    <issue href="https://github.com/artipie/artipie/issues/616" closed="2020-09-24T17:26:58+00:00">616</issue>
    <ticket>572</ticket>
    <estimate>30</estimate>
    <role>DEV</role>
    <id>572-84159cfe</id>
    <lines>45-47</lines>
    <body>...</body>
    <file>...</file>
    <author>...</author>
    <email>...</email>
    <time>2020-09-21T09:34:58Z</time>
    <children/>
  </puzzle>
  <puzzle alive="false">
    <issue href="https://github.com/artipie/artipie/issues/674" closed="2020-10-12T08:17:15+00:00">674</issue>
    <ticket>668</ticket>
    <estimate>30</estimate>
    <role>DEV</role>
    <id>668-edbbdbad</id>
    <lines>43-47</lines>
    <body>...</body>
    <file>...</file>
    <author>...</author>
    <email>...</email>
    <time>2020-10-08T11:35:45Z</time>
    <children/>
  </puzzle>
  <puzzle alive="false">
    <issue href="https://github.com/artipie/artipie/issues/677" closed="2020-10-13T14:37:29+00:00">677</issue>
    <ticket>602</ticket>
    <estimate>30</estimate>
    <role>DEV</role>
    <id>602-02a4b526</id>
    <lines>88-91</lines>
    <body>...</body>
    <file>...</file>
    <author>...</author>
    <email>...</email>
    <time>2020-10-09T05:58:48Z</time>
    <children/>
  </puzzle>
  <puzzle alive="false">
    <issue href="https://github.com/artipie/artipie/issues/679" closed="2020-12-03T07:27:53+00:00">679</issue>
    <ticket>602</ticket>
    <estimate>60</estimate>
    <role>DEV</role>
    <id>602-656eb91f</id>
    <lines>55-58</lines>
    <body>...</body>
    <file>...</file>
    <author>...</author>
    <email>...</email>
    <time>2020-10-09T08:12:05Z</time>
    <children/>
  </puzzle>
  <puzzle alive="false">
    <issue href="https://github.com/artipie/artipie/issues/734" closed="2020-12-03T07:27:58+00:00">734</issue>
    <ticket>231</ticket>
    <estimate>30</estimate>
    <role>DEV</role>
    <id>231-f3499255</id>
    <lines>36-39</lines>
    <body>...</body>
    <file>...</file>
    <author>...</author>
    <email>...</email>
    <time>2020-11-02T14:05:41Z</time>
    <children/>
  </puzzle>
  <puzzle alive="true">
    <issue href="https://github.com/artipie/artipie/issues/787">787</issue>
    <ticket>213</ticket>
    <estimate>30</estimate>
    <role>DEV</role>
    <id>213-1cbc8779</id>
    <lines>79-83</lines>
    <body>...</body>
    <file>...</file>
    <author>...</author>
    <email>...</email>
    <time>2020-12-03T07:27:32Z</time>
    <children/>
  </puzzle>
  <puzzle alive="false">
    <issue href="https://github.com/artipie/artipie/issues/788" closed="2021-02-22T05:33:46+00:00">788</issue>
    <ticket>586</ticket>
    <estimate>30</estimate>
    <role>DEV</role>
    <id>586-ef3e091d</id>
    <lines>73-75</lines>
    <body>...</body>
    <file>...</file>
    <author>...</author>
    <email>...</email>
    <time>2020-12-03T07:27:32Z</time>
    <children/>
  </puzzle>
  <puzzle alive="false">
    <issue href="https://github.com/artipie/artipie/issues/789" closed="2021-03-28T08:45:12+00:00">789</issue>
    <ticket>586</ticket>
    <estimate>30</estimate>
    <role>DEV</role>
    <id>586-0be4ea0e</id>
    <lines>106-108</lines>
    <body>...</body>
    <file>...</file>
    <author>...</author>
    <email>...</email>
    <time>2020-12-03T07:27:32Z</time>
    <children/>
  </puzzle>
  <puzzle alive="true">
    <issue href="https://github.com/artipie/artipie/issues/790">790</issue>
    <ticket>730</ticket>
    <estimate>30</estimate>
    <role>DEV</role>
    <id>730-ef465e62</id>
    <lines>161-163</lines>
    <body>...</body>
    <file>...</file>
    <author>...</author>
    <email>...</email>
    <time>2020-12-03T07:27:32Z</time>
    <children/>
  </puzzle>
  <puzzle alive="true">
    <issue href="https://github.com/artipie/artipie/issues/791">791</issue>
    <ticket>607</ticket>
    <estimate>60</estimate>
    <role>DEV</role>
    <id>607-5e919bc7</id>
    <lines>62-65</lines>
    <body>...</body>
    <file>...</file>
    <author>...</author>
    <email>...</email>
    <time>2020-12-03T07:27:32Z</time>
    <children/>
  </puzzle>
  <puzzle alive="false">
    <issue href="https://github.com/artipie/artipie/issues/803" closed="2020-12-15T14:36:59+00:00">803</issue>
    <ticket>775</ticket>
    <estimate>30</estimate>
    <role>DEV</role>
    <id>775-5d678143</id>
    <lines>168-171</lines>
    <body>...</body>
    <file>...</file>
    <author>...</author>
    <email>...</email>
    <time>2020-12-11T15:36:52Z</time>
    <children/>
  </puzzle>
  <puzzle alive="true">
    <issue href="https://github.com/artipie/artipie/issues/806">806</issue>
    <ticket>738</ticket>
    <estimate>30</estimate>
    <role>DEV</role>
    <id>738-a44eae0d</id>
    <lines>132-134</lines>
    <body>...</body>
    <file>...</file>
    <author>...</author>
    <email>...</email>
    <time>2020-12-14T09:22:48Z</time>
    <children/>
  </puzzle>
  <puzzle alive="true">
    <issue href="https://github.com/artipie/artipie/issues/818">818</issue>
    <ticket>797</ticket>
    <estimate>30</estimate>
    <role>DEV</role>
    <id>797-df0b20e0</id>
    <lines>68-71</lines>
    <body>...</body>
    <file>...</file>
    <author>...</author>
    <email>...</email>
    <time>2020-12-18T13:13:58Z</time>
    <children/>
  </puzzle>
  <puzzle alive="true">
    <issue href="https://github.com/artipie/artipie/issues/855">855</issue>
    <ticket>851</ticket>
    <estimate>30</estimate>
    <role>DEV</role>
    <id>851-a9da7c9e</id>
    <lines>29-33</lines>
    <body>...</body>
    <file>...</file>
    <author>...</author>
    <email>...</email>
    <time>2021-01-29T06:50:20Z</time>
    <children>
      <puzzle alive="false">
        <issue href="https://github.com/artipie/artipie/issues/860" closed="2021-04-22T13:59:26+00:00">860</issue>
        <ticket>855</ticket>
        <estimate>30</estimate>
        <role>DEV</role>
        <id>855-2b6537c5</id>
        <lines>52-54</lines>
        <body>...</body>
        <file>...</file>
        <author>...</author>
        <email>...</email>
        <time>2021-03-12T09:07:59Z</time>
        <children/>
      </puzzle>
      <puzzle alive="true">
        <issue href="https://github.com/artipie/artipie/issues/861">861</issue>
        <ticket>855</ticket>
        <estimate>30</estimate>
        <role>DEV</role>
        <id>855-8eff6a20</id>
        <lines>121-124</lines>
        <body>...</body>
        <file>...</file>
        <author>...</author>
        <email>...</email>
        <time>2021-03-12T09:07:59Z</time>
        <children/>
      </puzzle>
      <puzzle alive="false">
        <issue href="https://github.com/artipie/artipie/issues/862" closed="2021-05-28T14:46:49+00:00">862</issue>
        <ticket>855</ticket>
        <estimate>30</estimate>
        <role>DEV</role>
        <id>855-c3bcecb3</id>
        <lines>159-163</lines>
        <body>...</body>
        <file>...</file>
        <author>...</author>
        <email>...</email>
        <time>2021-03-12T09:07:59Z</time>
        <children/>
      </puzzle>
      <puzzle alive="true">
        <issue href="https://github.com/artipie/artipie/issues/863">863</issue>
        <ticket>855</ticket>
        <estimate>30</estimate>
        <role>DEV</role>
        <id>855-45e49964</id>
        <lines>46-49</lines>
        <body>...</body>
        <file>...</file>
        <author>...</author>
        <email>...</email>
        <time>2021-03-12T09:07:59Z</time>
        <children/>
      </puzzle>
    </children>
  </puzzle>
  <puzzle alive="true">
    <issue href="https://github.com/artipie/artipie/issues/910">910</issue>
    <ticket>896</ticket>
    <estimate>30</estimate>
    <role>DEV</role>
    <id>896-d2d64e1d</id>
    <lines>25-29</lines>
    <body>...</body>
    <file>...</file>
    <author>...</author>
    <email>...</email>
    <time>2021-06-09T09:35:34Z</time>
    <children/>
  </puzzle>
</puzzles>
