<?xml version="1.0"?>
<puzzles xmlns:xsi="http://www.w3.org/2001/XMLSchema-instance" xsi:noNamespaceSchemaLocation="http://www.0pdd.com/puzzles.xsd" date="2021-04-21T11:34:57+00:00" version="0.30.23">
  <puzzle alive="false">
    <issue href="https://github.com/artipie/asto/issues/57" closed="2020-02-18T17:54:23+00:00">57</issue>
    <ticket>53</ticket>
    <estimate>30</estimate>
    <role>DEV</role>
    <id>53-9c70e0d7</id>
    <lines>43-46</lines>
    <body>...</body>
    <file>...</file>
    <author>...</author>
    <email>...</email>
    <time>2020-02-12T14:05:11Z</time>
    <children/>
  </puzzle>
  <puzzle alive="false">
    <issue href="https://github.com/artipie/asto/issues/96" closed="2020-03-19T13:46:01+00:00">96</issue>
    <ticket>87</ticket>
    <estimate>60</estimate>
    <role>DEV</role>
    <id>87-0ebc33ba</id>
    <lines>83-85</lines>
    <body>...</body>
    <file>...</file>
    <author>...</author>
    <email>...</email>
    <time>2020-03-04T10:45:20Z</time>
    <children/>
  </puzzle>
  <puzzle alive="true">
    <issue href="https://github.com/artipie/asto/issues/108">108</issue>
    <ticket>87</ticket>
    <estimate>60</estimate>
    <role>DEV</role>
    <id>87-c49a9b48</id>
    <lines>54-59</lines>
    <body>...</body>
    <file>...</file>
    <author>...</author>
    <email>...</email>
    <time>2020-03-12T12:13:37Z</time>
    <children/>
  </puzzle>
  <puzzle alive="false">
    <issue href="https://github.com/artipie/asto/issues/162" closed="2020-04-27T15:48:51+00:00">162</issue>
    <ticket>160</ticket>
    <estimate>30</estimate>
    <role>DEV</role>
    <id>160-2edb9ba4</id>
    <lines>39-41</lines>
    <body>...</body>
    <file>...</file>
    <author>...</author>
    <email>...</email>
    <time>2020-04-24T10:44:24Z</time>
    <children/>
  </puzzle>
  <puzzle alive="false">
    <issue href="https://github.com/artipie/asto/issues/168" closed="2020-04-28T07:54:15+00:00">168</issue>
    <ticket>160</ticket>
    <estimate>30</estimate>
    <role>DEV</role>
    <id>160-24b7b6f9</id>
    <lines>37-39</lines>
    <body>...</body>
    <file>...</file>
    <author>...</author>
    <email>...</email>
    <time>2020-04-27T15:48:38Z</time>
    <children/>
  </puzzle>
  <puzzle alive="true">
    <issue href="https://github.com/artipie/asto/issues/181">181</issue>
    <ticket>139</ticket>
    <estimate>30</estimate>
    <role>DEV</role>
    <id>139-b53f425f</id>
    <lines>36-39</lines>
    <body>...</body>
    <file>...</file>
    <author>...</author>
    <email>...</email>
    <time>2020-05-20T09:26:48Z</time>
    <children/>
  </puzzle>
  <puzzle alive="true">
    <issue href="https://github.com/artipie/asto/issues/186">186</issue>
    <ticket>87</ticket>
    <estimate>60</estimate>
    <role>DEV</role>
    <id>87-de141472</id>
    <lines>30-34</lines>
    <body>...</body>
    <file>...</file>
    <author>...</author>
    <email>...</email>
    <time>2020-05-22T13:25:09Z</time>
    <children/>
  </puzzle>
  <puzzle alive="false">
    <issue href="https://github.com/artipie/asto/issues/196" closed="2021-02-15T12:12:20+00:00">196</issue>
    <ticket>193</ticket>
    <estimate>30</estimate>
    <role>DEV</role>
    <id>193-ee41fbc9</id>
    <lines>67-71</lines>
    <body>...</body>
    <file>...</file>
    <author>...</author>
    <email>...</email>
    <time>2020-06-04T13:16:38Z</time>
    <children/>
  </puzzle>
  <puzzle alive="false">
    <issue href="https://github.com/artipie/asto/issues/199" closed="2020-06-10T13:58:53+00:00">199</issue>
    <ticket>183</ticket>
    <estimate>60</estimate>
    <role>DEV</role>
    <id>183-8c1925c2</id>
    <lines>277-280</lines>
    <body>...</body>
    <file>...</file>
    <author>...</author>
    <email>...</email>
    <time>2020-06-08T09:32:00Z</time>
    <children/>
  </puzzle>
  <puzzle alive="false">
    <issue href="https://github.com/artipie/asto/issues/206" closed="2020-06-29T13:48:50+00:00">206</issue>
    <ticket>204</ticket>
    <estimate>30</estimate>
    <role>DEV</role>
    <id>204-8901f06f</id>
    <lines>35-37</lines>
    <body>...</body>
    <file>...</file>
    <author>...</author>
    <email>...</email>
    <time>2020-06-19T05:52:06Z</time>
    <children/>
  </puzzle>
  <puzzle alive="true">
    <issue href="https://github.com/artipie/asto/issues/309">309</issue>
    <ticket>306</ticket>
    <estimate>90</estimate>
    <role>DEV</role>
    <id>306-ccf10929</id>
    <lines>46-48</lines>
    <body>...</body>
    <file>...</file>
    <author>...</author>
    <email>...</email>
    <time>2021-04-21T09:44:09Z</time>
    <children/>
  </puzzle>
  <puzzle alive="true">
    <issue href="https://github.com/artipie/asto/issues/310">310</issue>
    <ticket>306</ticket>
    <estimate>90</estimate>
    <role>DEV</role>
    <id>306-f94460d8</id>
    <lines>49-52</lines>
    <body>...</body>
    <file>...</file>
    <author>...</author>
    <email>...</email>
    <time>2021-04-21T09:44:09Z</time>
    <children/>
  </puzzle>
</puzzles>
