<?xml version="1.0"?>
<puzzles xmlns:xsi="http://www.w3.org/2001/XMLSchema-instance" xsi:noNamespaceSchemaLocation="http://www.0pdd.com/puzzles.xsd" date="2021-03-11T18:39:58+00:00" version="0.30.23">
  <puzzle alive="true">
    <issue href="https://github.com/artipie/debian-adapter/issues/65">65</issue>
    <ticket>29</ticket>
    <estimate>30</estimate>
    <role>DEV</role>
    <id>29-a26f608e</id>
    <lines>57-61</lines>
    <body>...</body>
    <file>...</file>
    <author>...</author>
    <email>...</email>
    <time>2021-03-09T08:29:08Z</time>
    <children/>
  </puzzle>
  <puzzle alive="false">
    <issue href="https://github.com/artipie/debian-adapter/issues/66" closed="2021-03-11T18:39:58+00:00">66</issue>
    <ticket>11</ticket>
    <estimate>30</estimate>
    <role>DEV</role>
    <id>11-9fbd983f</id>
    <lines>214-216</lines>
    <body>...</body>
    <file>...</file>
    <author>...</author>
    <email>...</email>
    <time>2021-03-09T08:29:08Z</time>
    <children/>
  </puzzle>
  <puzzle alive="true">
    <issue href="https://github.com/artipie/debian-adapter/issues/67">67</issue>
    <ticket>2</ticket>
    <estimate>30</estimate>
    <role>DEV</role>
    <id>2-d15148f2</id>
    <lines>66-68</lines>
    <body>...</body>
    <file>...</file>
    <author>...</author>
    <email>...</email>
    <time>2021-03-09T08:29:08Z</time>
    <children/>
  </puzzle>
  <puzzle alive="true">
    <issue href="https://github.com/artipie/debian-adapter/issues/71">71</issue>
    <ticket>51</ticket>
    <estimate>30</estimate>
    <role>DEV</role>
    <id>51-941f8271</id>
    <lines>56-59</lines>
    <body>...</body>
    <file>...</file>
    <author>...</author>
    <email>...</email>
    <time>2021-03-10T07:41:46Z</time>
    <children/>
  </puzzle>
</puzzles>
