<?xml version="1.0"?>
<puzzles xmlns:xsi="http://www.w3.org/2001/XMLSchema-instance" xsi:noNamespaceSchemaLocation="http://www.0pdd.com/puzzles.xsd" date="2021-07-16T08:49:51+00:00" version="0.30.23">
  <puzzle alive="false">
    <issue href="https://github.com/artipie/gem-adapter/issues/9" closed="2020-05-08T17:15:06+00:00">9</issue>
    <ticket>32</ticket>
    <estimate>120</estimate>
    <role>DEV</role>
    <id>32-7ef023e4</id>
    <lines>39-41</lines>
    <body>...</body>
    <file>...</file>
    <author>...</author>
    <email>...</email>
    <time>2020-03-27T14:33:12Z</time>
    <children>
      <puzzle alive="false">
        <issue href="https://github.com/artipie/gem-adapter/issues/24" closed="2020-04-22T11:05:19+00:00">24</issue>
        <ticket>9</ticket>
        <estimate>30</estimate>
        <role>DEV</role>
        <id>9-d34d2491</id>
        <lines>33-35</lines>
        <body>...</body>
        <file>...</file>
        <author>...</author>
        <email>...</email>
        <time>2020-04-22T06:38:04Z</time>
        <children/>
      </puzzle>
      <puzzle alive="false">
        <issue href="https://github.com/artipie/gem-adapter/issues/25" closed="2020-05-08T17:15:11+00:00">25</issue>
        <ticket>9</ticket>
        <estimate>30</estimate>
        <role>DEV</role>
        <id>9-d0d317ad</id>
        <lines>38-40</lines>
        <body>...</body>
        <file>...</file>
        <author>...</author>
        <email>...</email>
        <time>2020-04-22T06:38:04Z</time>
        <children>
          <puzzle alive="false">
            <issue href="https://github.com/artipie/gem-adapter/issues/30" closed="2020-05-08T17:15:17+00:00">30</issue>
            <ticket>25</ticket>
            <estimate>30</estimate>
            <role>DEV</role>
            <id>25-b18eefce</id>
            <lines>99-102</lines>
            <body>...</body>
            <file>...</file>
            <author>...</author>
            <email>...</email>
            <time>2020-04-29T11:53:24Z</time>
            <children/>
          </puzzle>
        </children>
      </puzzle>
      <puzzle alive="false">
        <issue href="https://github.com/artipie/gem-adapter/issues/42" closed="2021-05-24T08:31:33+00:00">42</issue>
        <ticket>9</ticket>
        <estimate>30</estimate>
        <role>DEV</role>
        <id>9-59a54dc4</id>
        <lines>22-24</lines>
        <body>...</body>
        <file>...</file>
        <author>...</author>
        <email>...</email>
        <time>2020-05-08T16:51:13Z</time>
        <children/>
      </puzzle>
    </children>
  </puzzle>
  <puzzle alive="false">
    <issue href="https://github.com/artipie/gem-adapter/issues/11" closed="2021-06-09T08:28:06+00:00">11</issue>
    <ticket>32</ticket>
    <estimate>120</estimate>
    <role>DEV</role>
    <id>32-d2ff0e89</id>
    <lines>40-42</lines>
    <body>...</body>
    <file>...</file>
    <author>...</author>
    <email>...</email>
    <time>2020-04-06T14:37:25Z</time>
    <children/>
  </puzzle>
  <puzzle alive="false">
    <issue href="https://github.com/artipie/gem-adapter/issues/15" closed="2021-05-24T08:31:37+00:00">15</issue>
    <ticket>13</ticket>
    <estimate>30</estimate>
    <role>DEV</role>
    <id>13-4aa56782</id>
    <lines>46-49</lines>
    <body>...</body>
    <file>...</file>
    <author>...</author>
    <email>...</email>
    <time>2020-04-10T15:34:11Z</time>
    <children/>
  </puzzle>
  <puzzle alive="true">
    <issue href="https://github.com/artipie/gem-adapter/issues/101">101</issue>
    <ticket>85</ticket>
    <estimate>30</estimate>
    <role>DEV</role>
    <id>85-3d638df9</id>
    <lines>35-37</lines>
    <body>...</body>
    <file>...</file>
    <author>...</author>
    <email>...</email>
    <time>2021-07-16T06:33:28Z</time>
    <children/>
  </puzzle>
</puzzles>
