<?xml version="1.0"?>
<puzzles xmlns:xsi="http://www.w3.org/2001/XMLSchema-instance" xsi:noNamespaceSchemaLocation="http://www.0pdd.com/puzzles.xsd" date="2020-10-22T12:12:37+00:00" version="0.30.21">
  <puzzle alive="true">
    <issue href="https://github.com/artipie/http-client/issues/9">9</issue>
    <ticket>1</ticket>
    <estimate>30</estimate>
    <role>DEV</role>
    <id>1-0d69c7ca</id>
    <lines>45-48</lines>
    <body>...</body>
    <file>...</file>
    <author>...</author>
    <email>...</email>
    <time>2020-07-28T10:52:01Z</time>
    <children/>
  </puzzle>
  <puzzle alive="true">
    <issue href="https://github.com/artipie/http-client/issues/10">10</issue>
    <ticket>1</ticket>
    <estimate>30</estimate>
    <role>DEV</role>
    <id>1-39b556eb</id>
    <lines>34-38</lines>
    <body>...</body>
    <file>...</file>
    <author>...</author>
    <email>...</email>
    <time>2020-07-28T11:17:36Z</time>
    <children/>
  </puzzle>
  <puzzle alive="true">
    <issue href="https://github.com/artipie/http-client/issues/12">12</issue>
    <ticket>1</ticket>
    <estimate>30</estimate>
    <role>DEV</role>
    <id>1-63a7f1f9</id>
    <lines>121-126</lines>
    <body>...</body>
    <file>...</file>
    <author>...</author>
    <email>...</email>
    <time>2020-07-29T12:15:38Z</time>
    <children/>
  </puzzle>
  <puzzle alive="true">
    <issue href="https://github.com/artipie/http-client/issues/19">19</issue>
    <ticket>5</ticket>
    <estimate>30</estimate>
    <role>DEV</role>
    <id>5-bb3f1e3e</id>
    <lines>50-53</lines>
    <body>...</body>
    <file>...</file>
    <author>...</author>
    <email>...</email>
    <time>2020-07-29T14:18:50Z</time>
    <children/>
  </puzzle>
  <puzzle alive="true">
    <issue href="https://github.com/artipie/http-client/issues/21">21</issue>
    <ticket>5</ticket>
    <estimate>30</estimate>
    <role>DEV</role>
    <id>5-b8096a2d</id>
    <lines>54-59</lines>
    <body>...</body>
    <file>...</file>
    <author>...</author>
    <email>...</email>
    <time>2020-07-30T11:22:42Z</time>
    <children/>
  </puzzle>
  <puzzle alive="false">
    <issue href="https://github.com/artipie/http-client/issues/25" closed="2020-10-22T12:12:37+00:00">25</issue>
    <ticket>1</ticket>
    <estimate>30</estimate>
    <role>DEV</role>
    <id>1-364dff18</id>
    <lines>79-82</lines>
    <body>...</body>
    <file>...</file>
    <author>...</author>
    <email>...</email>
    <time>2020-08-03T12:39:37Z</time>
    <children/>
  </puzzle>
  <puzzle alive="true">
    <issue href="https://github.com/artipie/http-client/issues/28">28</issue>
    <ticket>23</ticket>
    <estimate>30</estimate>
    <role>DEV</role>
    <id>23-b3524443</id>
    <lines>35-38</lines>
    <body>...</body>
    <file>...</file>
    <author>...</author>
    <email>...</email>
    <time>2020-08-04T14:07:15Z</time>
    <children/>
  </puzzle>
</puzzles>
