<?xml version="1.0"?>
<puzzles xmlns:xsi="http://www.w3.org/2001/XMLSchema-instance" xsi:noNamespaceSchemaLocation="http://www.0pdd.com/puzzles.xsd" date="2021-06-16T14:33:32+00:00" version="0.30.23">
  <puzzle alive="false">
    <issue href="https://github.com/artipie/http/issues/5" closed="2020-02-06T14:23:28+00:00">5</issue>
    <ticket>3</ticket>
    <estimate>30</estimate>
    <role>DEV</role>
    <id>3-7995f123</id>
    <lines>28-32</lines>
    <body>...</body>
    <file>...</file>
    <author>...</author>
    <email>...</email>
    <time>2020-02-03T12:28:26Z</time>
    <children/>
  </puzzle>
  <puzzle alive="false">
    <issue href="https://github.com/artipie/http/issues/6" closed="2020-02-03T16:36:44+00:00">6</issue>
    <ticket>3</ticket>
    <estimate>30</estimate>
    <role>DEV</role>
    <id>3-3dab05e8</id>
    <lines>41-44</lines>
    <body>...</body>
    <file>...</file>
    <author>...</author>
    <email>...</email>
    <time>2020-02-03T12:28:26Z</time>
    <children/>
  </puzzle>
  <puzzle alive="false">
    <issue href="https://github.com/artipie/http/issues/7" closed="2020-02-04T13:03:38+00:00">7</issue>
    <ticket>3</ticket>
    <estimate>30</estimate>
    <role>DEV</role>
    <id>3-21935464</id>
    <lines>83-89</lines>
    <body>...</body>
    <file>...</file>
    <author>...</author>
    <email>...</email>
    <time>2020-02-03T12:28:26Z</time>
    <children>
      <puzzle alive="false">
        <issue href="https://github.com/artipie/http/issues/11" closed="2020-02-06T10:29:44+00:00">11</issue>
        <ticket>7</ticket>
        <estimate>30</estimate>
        <role>DEV</role>
        <id>7-5352e0ad</id>
        <lines>79-81</lines>
        <body>...</body>
        <file>...</file>
        <author>...</author>
        <email>...</email>
        <time>2020-02-04T11:19:46Z</time>
        <children/>
      </puzzle>
    </children>
  </puzzle>
  <puzzle alive="false">
    <issue href="https://github.com/artipie/http/issues/24" closed="2020-04-17T11:21:35+00:00">24</issue>
    <ticket>12</ticket>
    <estimate>30</estimate>
    <role>DEV</role>
    <id>12-587fa439</id>
    <lines>103-105</lines>
    <body>...</body>
    <file>...</file>
    <author>...</author>
    <email>...</email>
    <time>2020-02-06T12:37:06Z</time>
    <children/>
  </puzzle>
  <puzzle alive="false">
    <issue href="https://github.com/artipie/http/issues/37" closed="2020-05-08T07:26:22+00:00">37</issue>
    <ticket>29</ticket>
    <estimate>30</estimate>
    <role>DEV</role>
    <id>29-b88cdf36</id>
    <lines>38-41</lines>
    <body>...</body>
    <file>...</file>
    <author>...</author>
    <email>...</email>
    <time>2020-02-18T07:32:44Z</time>
    <children>
      <puzzle alive="false">
        <issue href="https://github.com/artipie/http/issues/144" closed="2020-05-29T13:48:40+00:00">144</issue>
        <ticket>37</ticket>
        <estimate>30</estimate>
        <role>DEV</role>
        <id>37-ecd3feaa</id>
        <lines>158-161</lines>
        <body>...</body>
        <file>...</file>
        <author>...</author>
        <email>...</email>
        <time>2020-05-07T06:01:29Z</time>
        <children>
          <puzzle alive="true">
            <issue href="https://github.com/artipie/http/issues/165">165</issue>
            <ticket>144</ticket>
            <estimate>30</estimate>
            <role>DEV</role>
            <id>144-ecd3feaa</id>
            <lines>158-161</lines>
            <body>...</body>
            <file>...</file>
            <author>...</author>
            <email>...</email>
            <time>2020-05-27T02:22:33Z</time>
            <children/>
          </puzzle>
        </children>
      </puzzle>
    </children>
  </puzzle>
  <puzzle alive="false">
    <issue href="https://github.com/artipie/http/issues/46" closed="2020-03-23T15:29:01+00:00">46</issue>
    <ticket>32</ticket>
    <estimate>30</estimate>
    <role>DEV</role>
    <id>32-7952a3d2</id>
    <lines>38-41</lines>
    <body>...</body>
    <file>...</file>
    <author>...</author>
    <email>...</email>
    <time>2020-02-20T12:46:22Z</time>
    <children/>
  </puzzle>
  <puzzle alive="false">
    <issue href="https://github.com/artipie/http/issues/47" closed="2020-03-23T15:29:07+00:00">47</issue>
    <ticket>32</ticket>
    <estimate>30</estimate>
    <role>DEV</role>
    <id>32-5080620a</id>
    <lines>69-71</lines>
    <body>...</body>
    <file>...</file>
    <author>...</author>
    <email>...</email>
    <time>2020-02-20T12:46:22Z</time>
    <children/>
  </puzzle>
  <puzzle alive="false">
    <issue href="https://github.com/artipie/http/issues/59" closed="2020-04-08T07:47:45+00:00">59</issue>
    <ticket>41</ticket>
    <estimate>30</estimate>
    <role>DEV</role>
    <id>41-f448a190</id>
    <lines>41-44</lines>
    <body>...</body>
    <file>...</file>
    <author>...</author>
    <email>...</email>
    <time>2020-02-19T07:30:31Z</time>
    <children/>
  </puzzle>
  <puzzle alive="false">
    <issue href="https://github.com/artipie/http/issues/67" closed="2020-03-18T08:49:21+00:00">67</issue>
    <ticket>32</ticket>
    <estimate>30</estimate>
    <role>DEV</role>
    <id>32-0fde6650</id>
    <lines>43-45</lines>
    <body>...</body>
    <file>...</file>
    <author>...</author>
    <email>...</email>
    <time>2020-03-05T12:05:01Z</time>
    <children/>
  </puzzle>
  <puzzle alive="false">
    <issue href="https://github.com/artipie/http/issues/68" closed="2021-05-21T07:06:56+00:00">68</issue>
    <ticket>32</ticket>
    <estimate>30</estimate>
    <role>DEV</role>
    <id>32-c93fa6a7</id>
    <lines>46-48</lines>
    <body>...</body>
    <file>...</file>
    <author>...</author>
    <email>...</email>
    <time>2020-03-05T12:05:01Z</time>
    <children/>
  </puzzle>
  <puzzle alive="false">
    <issue href="https://github.com/artipie/http/issues/69" closed="2021-05-21T07:07:00+00:00">69</issue>
    <ticket>32</ticket>
    <estimate>30</estimate>
    <role>DEV</role>
    <id>32-e9f722d0</id>
    <lines>49-51</lines>
    <body>...</body>
    <file>...</file>
    <author>...</author>
    <email>...</email>
    <time>2020-03-05T12:05:01Z</time>
    <children/>
  </puzzle>
  <puzzle alive="false">
    <issue href="https://github.com/artipie/http/issues/70" closed="2021-05-21T07:07:06+00:00">70</issue>
    <ticket>32</ticket>
    <estimate>30</estimate>
    <role>DEV</role>
    <id>32-9cb3a871</id>
    <lines>52-54</lines>
    <body>...</body>
    <file>...</file>
    <author>...</author>
    <email>...</email>
    <time>2020-03-05T12:05:01Z</time>
    <children/>
  </puzzle>
  <puzzle alive="false">
    <issue href="https://github.com/artipie/http/issues/72" closed="2020-03-18T07:19:54+00:00">72</issue>
    <ticket>51</ticket>
    <estimate>30</estimate>
    <role>DEV</role>
    <id>51-aa5d6442</id>
    <lines>57-59</lines>
    <body>...</body>
    <file>...</file>
    <author>...</author>
    <email>...</email>
    <time>2020-03-11T15:06:31Z</time>
    <children/>
  </puzzle>
  <puzzle alive="false">
    <issue href="https://github.com/artipie/http/issues/88" closed="2020-04-07T09:19:57+00:00">88</issue>
    <ticket>32</ticket>
    <estimate>120</estimate>
    <role>DEV</role>
    <id>32-aafaf44f</id>
    <lines>42-44</lines>
    <body>...</body>
    <file>...</file>
    <author>...</author>
    <email>...</email>
    <time>2020-03-17T11:51:58Z</time>
    <children/>
  </puzzle>
  <puzzle alive="false">
    <issue href="https://github.com/artipie/http/issues/89" closed="2020-03-25T11:26:56+00:00">89</issue>
    <ticket>32</ticket>
    <estimate>120</estimate>
    <role>DEV</role>
    <id>32-b383879a</id>
    <lines>45-47</lines>
    <body>...</body>
    <file>...</file>
    <author>...</author>
    <email>...</email>
    <time>2020-03-17T11:51:58Z</time>
    <children/>
  </puzzle>
  <puzzle alive="false">
    <issue href="https://github.com/artipie/http/issues/90" closed="2021-05-14T09:05:56+00:00">90</issue>
    <ticket>32</ticket>
    <estimate>60</estimate>
    <role>DEV</role>
    <id>32-8c776bfe</id>
    <lines>48-51</lines>
    <body>...</body>
    <file>...</file>
    <author>...</author>
    <email>...</email>
    <time>2020-03-19T13:40:11Z</time>
    <children/>
  </puzzle>
  <puzzle alive="false">
    <issue href="https://github.com/artipie/http/issues/95" closed="2021-05-14T09:06:01+00:00">95</issue>
    <ticket>32</ticket>
    <estimate>90</estimate>
    <role>DEV</role>
    <id>32-9bb15c22</id>
    <lines>34-36</lines>
    <body>...</body>
    <file>...</file>
    <author>...</author>
    <email>...</email>
    <time>2020-03-24T12:21:05Z</time>
    <children/>
  </puzzle>
  <puzzle alive="false">
    <issue href="https://github.com/artipie/http/issues/194" closed="2020-12-08T17:08:14+00:00">194</issue>
    <ticket>191</ticket>
    <estimate>60</estimate>
    <role>DEV</role>
    <id>191-868754ef</id>
    <lines>34-37</lines>
    <body>...</body>
    <file>...</file>
    <author>...</author>
    <email>...</email>
    <time>2020-07-02T11:30:18Z</time>
    <children/>
  </puzzle>
  <puzzle alive="false">
    <issue href="https://github.com/artipie/http/issues/218" closed="2020-08-14T12:45:51+00:00">218</issue>
    <ticket>138</ticket>
    <estimate>30</estimate>
    <role>DEV</role>
    <id>138-96915975</id>
    <lines>38-41</lines>
    <body>...</body>
    <file>...</file>
    <author>...</author>
    <email>...</email>
    <time>2020-06-12T22:30:20Z</time>
    <children/>
  </puzzle>
  <puzzle alive="true">
    <issue href="https://github.com/artipie/http/issues/334">334</issue>
    <ticket>299</ticket>
    <estimate>30</estimate>
    <role>DEV</role>
    <id>299-1938f333</id>
    <lines>143-145</lines>
    <body>...</body>
    <file>...</file>
    <author>...</author>
    <email>...</email>
    <time>2021-06-10T14:13:37Z</time>
    <children/>
  </puzzle>
</puzzles>
