<?xml version="1.0"?>
<puzzles xmlns:xsi="http://www.w3.org/2001/XMLSchema-instance" xsi:noNamespaceSchemaLocation="http://www.0pdd.com/puzzles.xsd" date="2021-06-01T09:19:05+00:00" version="0.30.23">
  <puzzle alive="true">
    <issue href="https://github.com/artipie/management-api/issues/20">20</issue>
    <ticket>569</ticket>
    <estimate>30</estimate>
    <role>DEV</role>
    <id>569-26fa1589</id>
    <lines>89-90</lines>
    <body>...</body>
    <file>...</file>
    <author>...</author>
    <email>...</email>
    <time>2020-12-08T17:09:09Z</time>
    <children/>
  </puzzle>
  <puzzle alive="true">
    <issue href="https://github.com/artipie/management-api/issues/21">21</issue>
    <ticket>231</ticket>
    <estimate>30</estimate>
    <role>DEV</role>
    <id>231-f3499255</id>
    <lines>36-39</lines>
    <body>...</body>
    <file>...</file>
    <author>...</author>
    <email>...</email>
    <time>2020-12-08T17:09:09Z</time>
    <children/>
  </puzzle>
  <puzzle alive="true">
    <issue href="https://github.com/artipie/management-api/issues/22">22</issue>
    <ticket>2</ticket>
    <estimate>30</estimate>
    <role>DEV</role>
    <id>2-f08326a0</id>
    <lines>50-51</lines>
    <body>...</body>
    <file>...</file>
    <author>...</author>
    <email>...</email>
    <time>2020-12-08T17:09:09Z</time>
    <children/>
  </puzzle>
  <puzzle alive="false">
    <issue href="https://github.com/artipie/management-api/issues/31" closed="2021-06-01T09:19:05+00:00">31</issue>
    <ticket>27</ticket>
    <estimate>45</estimate>
    <role>DEV</role>
    <id>27-5ae5af14</id>
    <lines>59-65</lines>
    <body>...</body>
    <file>...</file>
    <author>...</author>
    <email>...</email>
    <time>2020-12-22T19:28:19Z</time>
    <children/>
  </puzzle>
</puzzles>
