<?xml version="1.0"?>
<puzzles xmlns:xsi="http://www.w3.org/2001/XMLSchema-instance" xsi:noNamespaceSchemaLocation="http://www.0pdd.com/puzzles.xsd" date="2021-04-09T13:29:30+00:00" version="0.30.23">
  <puzzle alive="false">
    <issue href="https://github.com/artipie/maven-adapter/issues/7" closed="2020-01-31T06:56:47+00:00">7</issue>
    <ticket>1</ticket>
    <estimate>30</estimate>
    <role>DEV</role>
    <id>1-539b0424</id>
    <lines>35-38</lines>
    <body>...</body>
    <file>...</file>
    <author>...</author>
    <email>...</email>
    <time>2020-01-30T12:45:24Z</time>
    <children/>
  </puzzle>
  <puzzle alive="false">
    <issue href="https://github.com/artipie/maven-adapter/issues/41" closed="2020-04-23T17:54:42+00:00">41</issue>
    <ticket>10</ticket>
    <estimate>30</estimate>
    <role>DEV</role>
    <id>10-5f36658f</id>
    <lines>60-62</lines>
    <body>...</body>
    <file>...</file>
    <author>...</author>
    <email>...</email>
    <time>2020-02-10T09:09:57Z</time>
    <children/>
  </puzzle>
  <puzzle alive="false">
    <issue href="https://github.com/artipie/maven-adapter/issues/44" closed="2020-04-23T17:54:48+00:00">44</issue>
    <ticket>37</ticket>
    <estimate>30</estimate>
    <role>DEV</role>
    <id>37-329dc9a9</id>
    <lines>73-76</lines>
    <body>...</body>
    <file>...</file>
    <author>...</author>
    <email>...</email>
    <time>2020-02-18T10:42:14Z</time>
    <children/>
  </puzzle>
  <puzzle alive="false">
    <issue href="https://github.com/artipie/maven-adapter/issues/53" closed="2020-04-23T17:54:54+00:00">53</issue>
    <ticket>37</ticket>
    <estimate>30</estimate>
    <role>DEV</role>
    <id>37-15918c08</id>
    <lines>43-46</lines>
    <body>...</body>
    <file>...</file>
    <author>...</author>
    <email>...</email>
    <time>2020-02-26T13:05:06Z</time>
    <children/>
  </puzzle>
  <puzzle alive="false">
    <issue href="https://github.com/artipie/maven-adapter/issues/56" closed="2020-09-03T08:42:42+00:00">56</issue>
    <ticket>54</ticket>
    <estimate>30</estimate>
    <role>DEV</role>
    <id>54-9c5a8d8c</id>
    <lines>102-102</lines>
    <body>...</body>
    <file>...</file>
    <author>...</author>
    <email>...</email>
    <time>2020-03-10T03:22:05Z</time>
    <children/>
  </puzzle>
  <puzzle alive="false">
    <issue href="https://github.com/artipie/maven-adapter/issues/57" closed="2020-03-25T13:37:40+00:00">57</issue>
    <ticket>54</ticket>
    <estimate>30</estimate>
    <role>DEV</role>
    <id>54-83abca7b</id>
    <lines>39-44</lines>
    <body>...</body>
    <file>...</file>
    <author>...</author>
    <email>...</email>
    <time>2020-03-13T03:12:06Z</time>
    <children>
      <puzzle alive="false">
        <issue href="https://github.com/artipie/maven-adapter/issues/60" closed="2020-04-02T06:40:19+00:00">60</issue>
        <ticket>57</ticket>
        <estimate>30</estimate>
        <role>DEV</role>
        <id>57-0a27a98f</id>
        <lines>39-44</lines>
        <body>...</body>
        <file>...</file>
        <author>...</author>
        <email>...</email>
        <time>2020-03-23T04:22:12Z</time>
        <children/>
      </puzzle>
    </children>
  </puzzle>
  <puzzle alive="false">
    <issue href="https://github.com/artipie/maven-adapter/issues/58" closed="2020-03-27T13:51:32+00:00">58</issue>
    <ticket>54</ticket>
    <estimate>30</estimate>
    <role>DEV</role>
    <id>54-affb36a2</id>
    <lines>34-36</lines>
    <body>...</body>
    <file>...</file>
    <author>...</author>
    <email>...</email>
    <time>2020-03-10T21:52:43Z</time>
    <children>
      <puzzle alive="false">
        <issue href="https://github.com/artipie/maven-adapter/issues/62" closed="2020-04-08T07:53:26+00:00">62</issue>
        <ticket>58</ticket>
        <estimate>30</estimate>
        <role>DEV</role>
        <id>58-abf1aafd</id>
        <lines>38-40</lines>
        <body>...</body>
        <file>...</file>
        <author>...</author>
        <email>...</email>
        <time>2020-03-26T02:23:48Z</time>
        <children/>
      </puzzle>
    </children>
  </puzzle>
  <puzzle alive="false">
    <issue href="https://github.com/artipie/maven-adapter/issues/71" closed="2020-04-23T09:50:00+00:00">71</issue>
    <ticket>64</ticket>
    <estimate>30</estimate>
    <role>DEV</role>
    <id>64-a4ea9323</id>
    <lines>35-38</lines>
    <body>...</body>
    <file>...</file>
    <author>...</author>
    <email>...</email>
    <time>2020-04-11T08:21:18Z</time>
    <children>
      <puzzle alive="false">
        <issue href="https://github.com/artipie/maven-adapter/issues/77" closed="2020-04-23T17:55:00+00:00">77</issue>
        <ticket>71</ticket>
        <estimate>30</estimate>
        <role>DEV</role>
        <id>71-c580cc48</id>
        <lines>54-60</lines>
        <body>...</body>
        <file>...</file>
        <author>...</author>
        <email>...</email>
        <time>2020-04-23T09:49:47Z</time>
        <children/>
      </puzzle>
    </children>
  </puzzle>
  <puzzle alive="false">
    <issue href="https://github.com/artipie/maven-adapter/issues/72" closed="2020-05-11T11:54:48+00:00">72</issue>
    <ticket>64</ticket>
    <estimate>30</estimate>
    <role>DEV</role>
    <id>64-cc923fd8</id>
    <lines>46-50</lines>
    <body>...</body>
    <file>...</file>
    <author>...</author>
    <email>...</email>
    <time>2020-04-11T08:21:18Z</time>
    <children>
      <puzzle alive="false">
        <issue href="https://github.com/artipie/maven-adapter/issues/83" closed="2020-05-28T10:48:25+00:00">83</issue>
        <ticket>72</ticket>
        <estimate>30</estimate>
        <role>DEV</role>
        <id>72-b493e50d</id>
        <lines>45-47</lines>
        <body>...</body>
        <file>...</file>
        <author>...</author>
        <email>...</email>
        <time>2020-05-08T16:49:40Z</time>
        <children/>
      </puzzle>
      <puzzle alive="false">
        <issue href="https://github.com/artipie/maven-adapter/issues/84" closed="2021-04-05T11:07:41+00:00">84</issue>
        <ticket>72</ticket>
        <estimate>30</estimate>
        <role>DEV</role>
        <id>72-e21c7763</id>
        <lines>70-72</lines>
        <body>...</body>
        <file>...</file>
        <author>...</author>
        <email>...</email>
        <time>2020-05-08T16:49:40Z</time>
        <children/>
      </puzzle>
      <puzzle alive="false">
        <issue href="https://github.com/artipie/maven-adapter/issues/85" closed="2020-05-28T10:48:31+00:00">85</issue>
        <ticket>72</ticket>
        <estimate>30</estimate>
        <role>DEV</role>
        <id>72-9e640b6a</id>
        <lines>158-164</lines>
        <body>...</body>
        <file>...</file>
        <author>...</author>
        <email>...</email>
        <time>2020-05-08T16:49:40Z</time>
        <children>
          <puzzle alive="false">
            <issue href="https://github.com/artipie/maven-adapter/issues/91" closed="2020-06-10T06:21:43+00:00">91</issue>
            <ticket>85</ticket>
            <estimate>30</estimate>
            <role>DEV</role>
            <id>85-bba77ac2</id>
            <lines>43-50</lines>
            <body>...</body>
            <file>...</file>
            <author>...</author>
            <email>...</email>
            <time>2020-05-21T12:40:56Z</time>
            <children>
              <puzzle alive="false">
                <issue href="https://github.com/artipie/maven-adapter/issues/99" closed="2020-08-18T11:56:47+00:00">99</issue>
                <ticket>91</ticket>
                <estimate>30</estimate>
                <role>DEV</role>
                <id>91-f4650219</id>
                <lines>43-51</lines>
                <body>...</body>
                <file>...</file>
                <author>...</author>
                <email>...</email>
                <time>2020-05-31T21:37:17Z</time>
                <children/>
              </puzzle>
            </children>
          </puzzle>
        </children>
      </puzzle>
    </children>
  </puzzle>
  <puzzle alive="false">
    <issue href="https://github.com/artipie/maven-adapter/issues/95" closed="2020-10-14T06:31:09+00:00">95</issue>
    <ticket>92</ticket>
    <estimate>30</estimate>
    <role>DEV</role>
    <id>92-1b44735d</id>
    <lines>35-44</lines>
    <body>...</body>
    <file>...</file>
    <author>...</author>
    <email>...</email>
    <time>2020-06-06T10:50:40Z</time>
    <children/>
  </puzzle>
  <puzzle alive="false">
    <issue href="https://github.com/artipie/maven-adapter/issues/96" closed="2020-06-15T07:35:29+00:00">96</issue>
    <ticket>92</ticket>
    <estimate>30</estimate>
    <role>DEV</role>
    <id>92-8515f940</id>
    <lines>45-48</lines>
    <body>...</body>
    <file>...</file>
    <author>...</author>
    <email>...</email>
    <time>2020-06-06T10:50:40Z</time>
    <children/>
  </puzzle>
  <puzzle alive="false">
    <issue href="https://github.com/artipie/maven-adapter/issues/97" closed="2020-10-14T06:31:15+00:00">97</issue>
    <ticket>92</ticket>
    <estimate>30</estimate>
    <role>DEV</role>
    <id>92-97bb0a49</id>
    <lines>48-50</lines>
    <body>...</body>
    <file>...</file>
    <author>...</author>
    <email>...</email>
    <time>2020-06-06T10:50:40Z</time>
    <children/>
  </puzzle>
  <puzzle alive="false">
    <issue href="https://github.com/artipie/maven-adapter/issues/98" closed="2020-06-23T11:46:20+00:00">98</issue>
    <ticket>92</ticket>
    <estimate>30</estimate>
    <role>DEV</role>
    <id>92-c03a78f8</id>
    <lines>51-53</lines>
    <body>...</body>
    <file>...</file>
    <author>...</author>
    <email>...</email>
    <time>2020-06-06T10:50:40Z</time>
    <children>
      <puzzle alive="false">
        <issue href="https://github.com/artipie/maven-adapter/issues/104" closed="2020-10-14T06:31:22+00:00">104</issue>
        <ticket>98</ticket>
        <estimate>30</estimate>
        <role>DEV</role>
        <id>98-e282a7b7</id>
        <lines>42-44</lines>
        <body>...</body>
        <file>...</file>
        <author>...</author>
        <email>...</email>
        <time>2020-06-23T11:19:27Z</time>
        <children/>
      </puzzle>
    </children>
  </puzzle>
  <puzzle alive="false">
    <issue href="https://github.com/artipie/maven-adapter/issues/112" closed="2021-04-09T13:29:30+00:00">112</issue>
    <ticket>81</ticket>
    <estimate>30</estimate>
    <role>DEV</role>
    <id>81-45c77ddf</id>
    <lines>87-95</lines>
    <body>...</body>
    <file>...</file>
    <author>...</author>
    <email>...</email>
    <time>2020-06-12T19:30:06Z</time>
    <children/>
  </puzzle>
  <puzzle alive="false">
    <issue href="https://github.com/artipie/maven-adapter/issues/124" closed="2020-08-11T11:28:21+00:00">124</issue>
    <ticket>113</ticket>
    <estimate>30</estimate>
    <role>DEV</role>
    <id>113-dcb9f101</id>
    <lines>52-54</lines>
    <body>...</body>
    <file>...</file>
    <author>...</author>
    <email>...</email>
    <time>2020-08-07T07:23:20Z</time>
    <children/>
  </puzzle>
  <puzzle alive="false">
    <issue href="https://github.com/artipie/maven-adapter/issues/125" closed="2020-08-11T13:21:56+00:00">125</issue>
    <ticket>113</ticket>
    <estimate>30</estimate>
    <role>DEV</role>
    <id>113-4777d363</id>
    <lines>33-34</lines>
    <body>...</body>
    <file>...</file>
    <author>...</author>
    <email>...</email>
    <time>2020-08-07T07:23:20Z</time>
    <children>
      <puzzle alive="false">
        <issue href="https://github.com/artipie/maven-adapter/issues/131" closed="2020-08-14T12:51:14+00:00">131</issue>
        <ticket>125</ticket>
        <estimate>30</estimate>
        <role>DEV</role>
        <id>125-381e455c</id>
        <lines>63-65</lines>
        <body>...</body>
        <file>...</file>
        <author>...</author>
        <email>...</email>
        <time>2020-08-11T09:13:51Z</time>
        <children>
          <puzzle alive="false">
            <issue href="https://github.com/artipie/maven-adapter/issues/143" closed="2020-08-31T10:02:27+00:00">143</issue>
            <ticket>131</ticket>
            <estimate>30</estimate>
            <role>DEV</role>
            <id>131-0b1cd596</id>
            <lines>38-41</lines>
            <body>...</body>
            <file>...</file>
            <author>...</author>
            <email>...</email>
            <time>2020-08-13T14:30:51Z</time>
            <children/>
          </puzzle>
        </children>
      </puzzle>
      <puzzle alive="false">
        <issue href="https://github.com/artipie/maven-adapter/issues/132" closed="2020-08-13T08:33:27+00:00">132</issue>
        <ticket>125</ticket>
        <estimate>30</estimate>
        <role>DEV</role>
        <id>125-7c485e22</id>
        <lines>93-94</lines>
        <body>...</body>
        <file>...</file>
        <author>...</author>
        <email>...</email>
        <time>2020-08-11T12:57:42Z</time>
        <children/>
      </puzzle>
    </children>
  </puzzle>
  <puzzle alive="true">
    <issue href="https://github.com/artipie/maven-adapter/issues/127">127</issue>
    <ticket>117</ticket>
    <estimate>30</estimate>
    <role>DEV</role>
    <id>117-fbe37248</id>
    <lines>56-58</lines>
    <body>...</body>
    <file>...</file>
    <author>...</author>
    <email>...</email>
    <time>2020-08-07T14:24:32Z</time>
    <children/>
  </puzzle>
  <puzzle alive="false">
    <issue href="https://github.com/artipie/maven-adapter/issues/138" closed="2020-10-05T08:25:41+00:00">138</issue>
    <ticket>128</ticket>
    <estimate>30</estimate>
    <role>DEV</role>
    <id>128-dad87a94</id>
    <lines>79-81</lines>
    <body>...</body>
    <file>...</file>
    <author>...</author>
    <email>...</email>
    <time>2020-08-13T12:39:24Z</time>
    <children/>
  </puzzle>
  <puzzle alive="false">
    <issue href="https://github.com/artipie/maven-adapter/issues/151" closed="2020-08-28T09:02:11+00:00">151</issue>
    <ticket>144</ticket>
    <estimate>30</estimate>
    <role>DEV</role>
    <id>144-f2081e49</id>
    <lines>110-111</lines>
    <body>...</body>
    <file>...</file>
    <author>...</author>
    <email>...</email>
    <time>2020-08-18T05:46:27Z</time>
    <children/>
  </puzzle>
  <puzzle alive="true">
    <issue href="https://github.com/artipie/maven-adapter/issues/153">153</issue>
    <ticket>146</ticket>
    <estimate>30</estimate>
    <role>DEV</role>
    <id>146-f356618a</id>
    <lines>56-61</lines>
    <body>...</body>
    <file>...</file>
    <author>...</author>
    <email>...</email>
    <time>2020-08-19T13:01:07Z</time>
    <children/>
  </puzzle>
  <puzzle alive="true">
    <issue href="https://github.com/artipie/maven-adapter/issues/221">221</issue>
    <ticket>219</ticket>
    <estimate>30</estimate>
    <role>DEV</role>
    <id>219-256f285b</id>
    <lines>65-68</lines>
    <body>...</body>
    <file>...</file>
    <author>...</author>
    <email>...</email>
    <time>2020-10-30T13:56:35Z</time>
    <children/>
  </puzzle>
  <puzzle alive="true">
    <issue href="https://github.com/artipie/maven-adapter/issues/224">224</issue>
    <ticket>222</ticket>
    <estimate>30</estimate>
    <role>DEV</role>
    <id>222-04d7eed6</id>
    <lines>55-57</lines>
    <body>...</body>
    <file>...</file>
    <author>...</author>
    <email>...</email>
    <time>2020-11-13T07:51:00Z</time>
    <children/>
  </puzzle>
</puzzles>
