<?xml version="1.0"?>
<puzzles xmlns:xsi="http://www.w3.org/2001/XMLSchema-instance" xsi:noNamespaceSchemaLocation="http://www.0pdd.com/puzzles.xsd" date="2021-03-12T13:30:05+00:00" version="0.30.23">
  <puzzle alive="false">
    <issue href="https://github.com/artipie/npm-adapter/issues/36" closed="2021-02-19T09:06:39+00:00">36</issue>
    <ticket>27</ticket>
    <estimate>30</estimate>
    <role>DEV</role>
    <id>27-b5f30c4d</id>
    <lines>119-124</lines>
    <body>...</body>
    <file>...</file>
    <author>...</author>
    <email>...</email>
    <time>2020-03-17T02:07:07Z</time>
    <children/>
  </puzzle>
  <puzzle alive="false">
    <issue href="https://github.com/artipie/npm-adapter/issues/54" closed="2020-06-03T07:17:51+00:00">54</issue>
    <ticket>53</ticket>
    <estimate>45</estimate>
    <role>DEV</role>
    <id>53-d5b414c9</id>
    <lines>63-63</lines>
    <body>...</body>
    <file>...</file>
    <author>...</author>
    <email>...</email>
    <time>2020-05-08T15:47:30Z</time>
    <children/>
  </puzzle>
  <puzzle alive="false">
    <issue href="https://github.com/artipie/npm-adapter/issues/63" closed="2021-02-01T08:15:18+00:00">63</issue>
    <ticket>49</ticket>
    <estimate>90</estimate>
    <role>DEV</role>
    <id>49-ba9c0273</id>
    <lines>50-50</lines>
    <body>...</body>
    <file>...</file>
    <author>...</author>
    <email>...</email>
    <time>2020-05-14T15:54:19Z</time>
    <children/>
  </puzzle>
  <puzzle alive="false">
    <issue href="https://github.com/artipie/npm-adapter/issues/67" closed="2020-10-12T14:27:21+00:00">67</issue>
    <ticket>64</ticket>
    <estimate>60</estimate>
    <role>DEV</role>
    <id>64-0c89f1b5</id>
    <lines>82-84</lines>
    <body>...</body>
    <file>...</file>
    <author>...</author>
    <email>...</email>
    <time>2020-05-21T13:28:48Z</time>
    <children/>
  </puzzle>
  <puzzle alive="false">
    <issue href="https://github.com/artipie/npm-adapter/issues/68" closed="2020-10-12T11:22:20+00:00">68</issue>
    <ticket>64</ticket>
    <estimate>90</estimate>
    <role>DEV</role>
    <id>64-5e3ded21</id>
    <lines>178-181</lines>
    <body>...</body>
    <file>...</file>
    <author>...</author>
    <email>...</email>
    <time>2020-05-21T11:15:19Z</time>
    <children/>
  </puzzle>
  <puzzle alive="true">
    <issue href="https://github.com/artipie/npm-adapter/issues/85">85</issue>
    <ticket>16</ticket>
    <estimate>30</estimate>
    <role>DEV</role>
    <id>16-ac6a0eac</id>
    <lines>36-40</lines>
    <body>...</body>
    <file>...</file>
    <author>...</author>
    <email>...</email>
    <time>2020-07-15T14:21:59Z</time>
    <children/>
  </puzzle>
  <puzzle alive="true">
    <issue href="https://github.com/artipie/npm-adapter/issues/86">86</issue>
    <ticket>16</ticket>
    <estimate>30</estimate>
    <role>DEV</role>
    <id>16-6161ad7f</id>
    <lines>41-46</lines>
    <body>...</body>
    <file>...</file>
    <author>...</author>
    <email>...</email>
    <time>2020-07-15T14:21:59Z</time>
    <children/>
  </puzzle>
  <puzzle alive="false">
    <issue href="https://github.com/artipie/npm-adapter/issues/129" closed="2020-10-12T14:27:25+00:00">129</issue>
    <ticket>123</ticket>
    <estimate>60</estimate>
    <role>DEV</role>
    <id>123-9c583b0d</id>
    <lines>114-118</lines>
    <body>...</body>
    <file>...</file>
    <author>...</author>
    <email>...</email>
    <time>2020-09-28T15:19:57Z</time>
    <children/>
  </puzzle>
  <puzzle alive="false">
    <issue href="https://github.com/artipie/npm-adapter/issues/144" closed="2020-10-23T12:35:12+00:00">144</issue>
    <ticket>141</ticket>
    <estimate>30</estimate>
    <role>DEV</role>
    <id>141-ed29e327</id>
    <lines>58-62</lines>
    <body>...</body>
    <file>...</file>
    <author>...</author>
    <email>...</email>
    <time>2020-10-23T12:05:52Z</time>
    <children/>
  </puzzle>
  <puzzle alive="false">
    <issue href="https://github.com/artipie/npm-adapter/issues/168" closed="2021-02-11T09:10:58+00:00">168</issue>
    <ticket>164</ticket>
    <estimate>30</estimate>
    <role>DEV</role>
    <id>164-52856a91</id>
    <lines>29-32</lines>
    <body>...</body>
    <file>...</file>
    <author>...</author>
    <email>...</email>
    <time>2021-01-25T06:40:04Z</time>
    <children>
      <puzzle alive="false">
        <issue href="https://github.com/artipie/npm-adapter/issues/190" closed="2021-03-12T13:30:05+00:00">190</issue>
        <ticket>168</ticket>
        <estimate>30</estimate>
        <role>DEV</role>
        <id>168-faf64628</id>
        <lines>29-32</lines>
        <body>...</body>
        <file>...</file>
        <author>...</author>
        <email>...</email>
        <time>2021-02-08T05:59:37Z</time>
        <children/>
      </puzzle>
    </children>
  </puzzle>
</puzzles>
