<?xml version="1.0"?>
<puzzles xmlns:xsi="http://www.w3.org/2001/XMLSchema-instance" xsi:noNamespaceSchemaLocation="http://www.0pdd.com/puzzles.xsd" date="2021-05-14T12:59:30+00:00" version="0.30.23">
  <puzzle alive="false">
    <issue href="https://github.com/artipie/rpm-adapter/issues/32" closed="2020-03-13T08:09:02+00:00">32</issue>
    <ticket>30</ticket>
    <estimate>30</estimate>
    <role>DEV</role>
    <id>30-6f533735</id>
    <lines>52-56</lines>
    <body>...</body>
    <file>...</file>
    <author>...</author>
    <email>...</email>
    <time>2020-03-10T14:36:13Z</time>
    <children>
      <puzzle alive="false">
        <issue href="https://github.com/artipie/rpm-adapter/issues/40" closed="2020-04-08T17:29:15+00:00">40</issue>
        <ticket>32</ticket>
        <estimate>30</estimate>
        <role>DEV</role>
        <id>32-75a1be06</id>
        <lines>54-56</lines>
        <body>...</body>
        <file>...</file>
        <author>...</author>
        <email>...</email>
        <time>2020-03-12T09:29:07Z</time>
        <children/>
      </puzzle>
    </children>
  </puzzle>
  <puzzle alive="false">
    <issue href="https://github.com/artipie/rpm-adapter/issues/41" closed="2020-04-02T09:04:13+00:00">41</issue>
    <ticket>29</ticket>
    <estimate>30</estimate>
    <role>DEV</role>
    <id>29-399d2455</id>
    <lines>166-170</lines>
    <body>...</body>
    <file>...</file>
    <author>...</author>
    <email>...</email>
    <time>2020-03-13T08:34:47Z</time>
    <children>
      <puzzle alive="false">
        <issue href="https://github.com/artipie/rpm-adapter/issues/60" closed="2020-04-08T17:29:22+00:00">60</issue>
        <ticket>41</ticket>
        <estimate>30</estimate>
        <role>DEV</role>
        <id>41-df9cd1a3</id>
        <lines>142-146</lines>
        <body>...</body>
        <file>...</file>
        <author>...</author>
        <email>...</email>
        <time>2020-04-02T07:47:32Z</time>
        <children/>
      </puzzle>
      <puzzle alive="false">
        <issue href="https://github.com/artipie/rpm-adapter/issues/61" closed="2020-04-08T17:29:28+00:00">61</issue>
        <ticket>41</ticket>
        <estimate>30</estimate>
        <role>DEV</role>
        <id>41-ab144851</id>
        <lines>191-194</lines>
        <body>...</body>
        <file>...</file>
        <author>...</author>
        <email>...</email>
        <time>2020-03-31T18:50:52Z</time>
        <children/>
      </puzzle>
    </children>
  </puzzle>
  <puzzle alive="false">
    <issue href="https://github.com/artipie/rpm-adapter/issues/70" closed="2020-04-08T17:29:34+00:00">70</issue>
    <ticket>17</ticket>
    <estimate>30</estimate>
    <role>DEV</role>
    <id>17-f66e78ab</id>
    <lines>34-37</lines>
    <body>...</body>
    <file>...</file>
    <author>...</author>
    <email>...</email>
    <time>2020-03-24T03:06:18Z</time>
    <children/>
  </puzzle>
  <puzzle alive="false">
    <issue href="https://github.com/artipie/rpm-adapter/issues/75" closed="2020-04-29T12:22:11+00:00">75</issue>
    <ticket>69</ticket>
    <estimate>30</estimate>
    <role>DEV</role>
    <id>69-3c6bbf6c</id>
    <lines>113-115</lines>
    <body>...</body>
    <file>...</file>
    <author>...</author>
    <email>...</email>
    <time>2020-04-08T17:07:04Z</time>
    <children>
      <puzzle alive="false">
        <issue href="https://github.com/artipie/rpm-adapter/issues/154" closed="2020-06-30T11:32:28+00:00">154</issue>
        <ticket>75</ticket>
        <estimate>30</estimate>
        <role>DEV</role>
        <id>75-9baf1976</id>
        <lines>50-55</lines>
        <body>...</body>
        <file>...</file>
        <author>...</author>
        <email>...</email>
        <time>2020-04-28T08:37:15Z</time>
        <children/>
      </puzzle>
      <puzzle alive="false">
        <issue href="https://github.com/artipie/rpm-adapter/issues/155" closed="2020-05-20T09:57:42+00:00">155</issue>
        <ticket>75</ticket>
        <estimate>30</estimate>
        <role>DEV</role>
        <id>75-58eafec8</id>
        <lines>38-42</lines>
        <body>...</body>
        <file>...</file>
        <author>...</author>
        <email>...</email>
        <time>2020-04-28T08:37:15Z</time>
        <children/>
      </puzzle>
    </children>
  </puzzle>
  <puzzle alive="false">
    <issue href="https://github.com/artipie/rpm-adapter/issues/76" closed="2020-04-13T07:49:42+00:00">76</issue>
    <ticket>69</ticket>
    <estimate>30</estimate>
    <role>DEV</role>
    <id>69-5a24f18b</id>
    <lines>33-34</lines>
    <body>...</body>
    <file>...</file>
    <author>...</author>
    <email>...</email>
    <time>2020-04-08T17:07:04Z</time>
    <children/>
  </puzzle>
  <puzzle alive="false">
    <issue href="https://github.com/artipie/rpm-adapter/issues/77" closed="2020-04-15T12:22:24+00:00">77</issue>
    <ticket>69</ticket>
    <estimate>30</estimate>
    <role>DEV</role>
    <id>69-56010550</id>
    <lines>49-50</lines>
    <body>...</body>
    <file>...</file>
    <author>...</author>
    <email>...</email>
    <time>2020-04-08T17:07:04Z</time>
    <children/>
  </puzzle>
  <puzzle alive="false">
    <issue href="https://github.com/artipie/rpm-adapter/issues/78" closed="2020-04-13T14:25:34+00:00">78</issue>
    <ticket>69</ticket>
    <estimate>30</estimate>
    <role>DEV</role>
    <id>69-b66a2919</id>
    <lines>45-46</lines>
    <body>...</body>
    <file>...</file>
    <author>...</author>
    <email>...</email>
    <time>2020-04-08T17:07:04Z</time>
    <children>
      <puzzle alive="false">
        <issue href="https://github.com/artipie/rpm-adapter/issues/106" closed="2020-05-26T12:24:43+00:00">106</issue>
        <ticket>78</ticket>
        <estimate>30</estimate>
        <role>DEV</role>
        <id>78-ae125758</id>
        <lines>43-47</lines>
        <body>...</body>
        <file>...</file>
        <author>...</author>
        <email>...</email>
        <time>2020-04-11T15:35:57Z</time>
        <children>
          <puzzle alive="false">
            <issue href="https://github.com/artipie/rpm-adapter/issues/206" closed="2020-06-01T10:48:13+00:00">206</issue>
            <ticket>106</ticket>
            <estimate>30</estimate>
            <role>DEV</role>
            <id>106-c1f3bb3a</id>
            <lines>45-53</lines>
            <body>...</body>
            <file>...</file>
            <author>...</author>
            <email>...</email>
            <time>2020-05-13T01:24:36Z</time>
            <children/>
          </puzzle>
        </children>
      </puzzle>
    </children>
  </puzzle>
  <puzzle alive="false">
    <issue href="https://github.com/artipie/rpm-adapter/issues/79" closed="2020-04-20T13:55:47+00:00">79</issue>
    <ticket>69</ticket>
    <estimate>30</estimate>
    <role>DEV</role>
    <id>69-a899429c</id>
    <lines>67-71</lines>
    <body>...</body>
    <file>...</file>
    <author>...</author>
    <email>...</email>
    <time>2020-04-08T17:07:04Z</time>
    <children>
      <puzzle alive="false">
        <issue href="https://github.com/artipie/rpm-adapter/issues/129" closed="2020-05-18T14:23:23+00:00">129</issue>
        <ticket>79</ticket>
        <estimate>30</estimate>
        <role>DEV</role>
        <id>79-4e9f7178</id>
        <lines>68-69</lines>
        <body>...</body>
        <file>...</file>
        <author>...</author>
        <email>...</email>
        <time>2020-04-20T13:55:32Z</time>
        <children/>
      </puzzle>
    </children>
  </puzzle>
  <puzzle alive="false">
    <issue href="https://github.com/artipie/rpm-adapter/issues/80" closed="2020-04-20T13:55:54+00:00">80</issue>
    <ticket>69</ticket>
    <estimate>30</estimate>
    <role>DEV</role>
    <id>69-0165dd8a</id>
    <lines>53-55</lines>
    <body>...</body>
    <file>...</file>
    <author>...</author>
    <email>...</email>
    <time>2020-04-08T17:07:04Z</time>
    <children>
      <puzzle alive="false">
        <issue href="https://github.com/artipie/rpm-adapter/issues/130" closed="2020-05-19T15:57:02+00:00">130</issue>
        <ticket>80</ticket>
        <estimate>30</estimate>
        <role>DEV</role>
        <id>80-4f54b460</id>
        <lines>39-41</lines>
        <body>...</body>
        <file>...</file>
        <author>...</author>
        <email>...</email>
        <time>2020-04-20T13:55:32Z</time>
        <children/>
      </puzzle>
    </children>
  </puzzle>
  <puzzle alive="false">
    <issue href="https://github.com/artipie/rpm-adapter/issues/81" closed="2020-04-13T12:13:19+00:00">81</issue>
    <ticket>69</ticket>
    <estimate>30</estimate>
    <role>DEV</role>
    <id>69-30c26981</id>
    <lines>168-170</lines>
    <body>...</body>
    <file>...</file>
    <author>...</author>
    <email>...</email>
    <time>2020-04-08T17:07:04Z</time>
    <children>
      <puzzle alive="false">
        <issue href="https://github.com/artipie/rpm-adapter/issues/103" closed="2020-04-18T19:17:54+00:00">103</issue>
        <ticket>81</ticket>
        <estimate>30</estimate>
        <role>DEV</role>
        <id>81-827d5ef1</id>
        <lines>49-51</lines>
        <body>...</body>
        <file>...</file>
        <author>...</author>
        <email>...</email>
        <time>2020-04-11T09:35:08Z</time>
        <children/>
      </puzzle>
      <puzzle alive="false">
        <issue href="https://github.com/artipie/rpm-adapter/issues/104" closed="2020-04-27T06:37:56+00:00">104</issue>
        <ticket>81</ticket>
        <estimate>30</estimate>
        <role>DEV</role>
        <id>81-27d531fb</id>
        <lines>52-60</lines>
        <body>...</body>
        <file>...</file>
        <author>...</author>
        <email>...</email>
        <time>2020-04-13T11:51:02Z</time>
        <children>
          <puzzle alive="false">
            <issue href="https://github.com/artipie/rpm-adapter/issues/147" closed="2020-05-08T07:54:46+00:00">147</issue>
            <ticket>104</ticket>
            <estimate>30</estimate>
            <role>DEV</role>
            <id>104-6e11be90</id>
            <lines>36-38</lines>
            <body>...</body>
            <file>...</file>
            <author>...</author>
            <email>...</email>
            <time>2020-04-27T06:37:43Z</time>
            <children/>
          </puzzle>
        </children>
      </puzzle>
      <puzzle alive="false">
        <issue href="https://github.com/artipie/rpm-adapter/issues/105" closed="2020-06-17T18:04:32+00:00">105</issue>
        <ticket>81</ticket>
        <estimate>30</estimate>
        <role>DEV</role>
        <id>81-6d01bf6b</id>
        <lines>43-51</lines>
        <body>...</body>
        <file>...</file>
        <author>...</author>
        <email>...</email>
        <time>2020-04-11T09:35:08Z</time>
        <children/>
      </puzzle>
    </children>
  </puzzle>
  <puzzle alive="false">
    <issue href="https://github.com/artipie/rpm-adapter/issues/82" closed="2020-05-20T06:35:12+00:00">82</issue>
    <ticket>69</ticket>
    <estimate>30</estimate>
    <role>DEV</role>
    <id>69-43c6c36b</id>
    <lines>231-233</lines>
    <body>...</body>
    <file>...</file>
    <author>...</author>
    <email>...</email>
    <time>2020-04-08T17:07:04Z</time>
    <children>
      <puzzle alive="false">
        <issue href="https://github.com/artipie/rpm-adapter/issues/191" closed="2020-06-10T16:48:08+00:00">191</issue>
        <ticket>82</ticket>
        <estimate>30</estimate>
        <role>DEV</role>
        <id>82-4bfb0748</id>
        <lines>151-156</lines>
        <body>...</body>
        <file>...</file>
        <author>...</author>
        <email>...</email>
        <time>2020-05-13T17:51:44Z</time>
        <children/>
      </puzzle>
    </children>
  </puzzle>
  <puzzle alive="false">
    <issue href="https://github.com/artipie/rpm-adapter/issues/83" closed="2020-04-15T12:14:08+00:00">83</issue>
    <ticket>69</ticket>
    <estimate>30</estimate>
    <role>DEV</role>
    <id>69-e192dc9a</id>
    <lines>58-60</lines>
    <body>...</body>
    <file>...</file>
    <author>...</author>
    <email>...</email>
    <time>2020-04-08T17:07:04Z</time>
    <children>
      <puzzle alive="false">
        <issue href="https://github.com/artipie/rpm-adapter/issues/117" closed="2020-06-02T15:48:30+00:00">117</issue>
        <ticket>83</ticket>
        <estimate>30</estimate>
        <role>DEV</role>
        <id>83-a430163f</id>
        <lines>38-42</lines>
        <body>...</body>
        <file>...</file>
        <author>...</author>
        <email>...</email>
        <time>2020-04-11T09:20:54Z</time>
        <children>
          <puzzle alive="false">
            <issue href="https://github.com/artipie/rpm-adapter/issues/219" closed="2020-06-10T14:06:59+00:00">219</issue>
            <ticket>117</ticket>
            <estimate>30</estimate>
            <role>DEV</role>
            <id>117-c6ba630d</id>
            <lines>43-47</lines>
            <body>...</body>
            <file>...</file>
            <author>...</author>
            <email>...</email>
            <time>2020-05-25T22:24:43Z</time>
            <children/>
          </puzzle>
          <puzzle alive="false">
            <issue href="https://github.com/artipie/rpm-adapter/issues/220" closed="2020-06-11T08:08:55+00:00">220</issue>
            <ticket>117</ticket>
            <estimate>30</estimate>
            <role>DEV</role>
            <id>117-c0f32a4a</id>
            <lines>48-54</lines>
            <body>...</body>
            <file>...</file>
            <author>...</author>
            <email>...</email>
            <time>2020-05-25T22:24:43Z</time>
            <children>
              <puzzle alive="false">
                <issue href="https://github.com/artipie/rpm-adapter/issues/254" closed="2020-09-24T07:47:56+00:00">254</issue>
                <ticket>220</ticket>
                <estimate>30</estimate>
                <role>DEV</role>
                <id>220-c707f9f7</id>
                <lines>432-439</lines>
                <body>...</body>
                <file>...</file>
                <author>...</author>
                <email>...</email>
                <time>2020-06-03T09:57:35Z</time>
                <children/>
              </puzzle>
              <puzzle alive="true">
                <issue href="https://github.com/artipie/rpm-adapter/issues/255">255</issue>
                <ticket>220</ticket>
                <estimate>30</estimate>
                <role>DEV</role>
                <id>220-dd2fed2e</id>
                <lines>440-442</lines>
                <body>...</body>
                <file>...</file>
                <author>...</author>
                <email>...</email>
                <time>2020-06-03T18:54:10Z</time>
                <children/>
              </puzzle>
              <puzzle alive="true">
                <issue href="https://github.com/artipie/rpm-adapter/issues/366">366</issue>
                <ticket>220</ticket>
                <estimate>30</estimate>
                <role>DEV</role>
                <id>220-a8f07415</id>
                <lines>432-439</lines>
                <body>...</body>
                <file>...</file>
                <author>...</author>
                <email>...</email>
                <time>2020-08-05T14:23:18Z</time>
                <children/>
              </puzzle>
            </children>
          </puzzle>
        </children>
      </puzzle>
    </children>
  </puzzle>
  <puzzle alive="false">
    <issue href="https://github.com/artipie/rpm-adapter/issues/84" closed="2020-04-13T16:26:25+00:00">84</issue>
    <ticket>69</ticket>
    <estimate>30</estimate>
    <role>DEV</role>
    <id>69-64696d73</id>
    <lines>55-57</lines>
    <body>...</body>
    <file>...</file>
    <author>...</author>
    <email>...</email>
    <time>2020-04-08T17:07:04Z</time>
    <children>
      <puzzle alive="false">
        <issue href="https://github.com/artipie/rpm-adapter/issues/107" closed="2020-05-19T06:13:38+00:00">107</issue>
        <ticket>84</ticket>
        <estimate>30</estimate>
        <role>DEV</role>
        <id>84-f98fbe90</id>
        <lines>38-42</lines>
        <body>...</body>
        <file>...</file>
        <author>...</author>
        <email>...</email>
        <time>2020-04-11T08:46:35Z</time>
        <children/>
      </puzzle>
    </children>
  </puzzle>
  <puzzle alive="false">
    <issue href="https://github.com/artipie/rpm-adapter/issues/85" closed="2020-05-08T06:44:06+00:00">85</issue>
    <ticket>69</ticket>
    <estimate>30</estimate>
    <role>DEV</role>
    <id>69-ac25d152</id>
    <lines>41-48</lines>
    <body>...</body>
    <file>...</file>
    <author>...</author>
    <email>...</email>
    <time>2020-04-08T17:07:04Z</time>
    <children>
      <puzzle alive="false">
        <issue href="https://github.com/artipie/rpm-adapter/issues/166" closed="2020-07-02T08:50:17+00:00">166</issue>
        <ticket>85</ticket>
        <estimate>30</estimate>
        <role>DEV</role>
        <id>85-d051fc3e</id>
        <lines>47-52</lines>
        <body>...</body>
        <file>...</file>
        <author>...</author>
        <email>...</email>
        <time>2020-04-30T05:19:08Z</time>
        <children/>
      </puzzle>
    </children>
  </puzzle>
  <puzzle alive="false">
    <issue href="https://github.com/artipie/rpm-adapter/issues/86" closed="2020-04-16T06:59:11+00:00">86</issue>
    <ticket>69</ticket>
    <estimate>30</estimate>
    <role>DEV</role>
    <id>69-20779ab6</id>
    <lines>49-52</lines>
    <body>...</body>
    <file>...</file>
    <author>...</author>
    <email>...</email>
    <time>2020-04-08T17:21:25Z</time>
    <children/>
  </puzzle>
  <puzzle alive="false">
    <issue href="https://github.com/artipie/rpm-adapter/issues/89" closed="2020-04-14T16:31:36+00:00">89</issue>
    <ticket>68</ticket>
    <estimate>30</estimate>
    <role>DEV</role>
    <id>68-3d243175</id>
    <lines>83-87</lines>
    <body>...</body>
    <file>...</file>
    <author>...</author>
    <email>...</email>
    <time>2020-04-09T11:38:56Z</time>
    <children>
      <puzzle alive="false">
        <issue href="https://github.com/artipie/rpm-adapter/issues/113" closed="2020-05-26T09:51:33+00:00">113</issue>
        <ticket>89</ticket>
        <estimate>30</estimate>
        <role>DEV</role>
        <id>89-bf69222b</id>
        <lines>41-43</lines>
        <body>...</body>
        <file>...</file>
        <author>...</author>
        <email>...</email>
        <time>2020-04-09T13:09:51Z</time>
        <children>
          <puzzle alive="false">
            <issue href="https://github.com/artipie/rpm-adapter/issues/205" closed="2020-06-02T15:47:44+00:00">205</issue>
            <ticket>113</ticket>
            <estimate>30</estimate>
            <role>DEV</role>
            <id>113-cf87a1eb</id>
            <lines>36-38</lines>
            <body>...</body>
            <file>...</file>
            <author>...</author>
            <email>...</email>
            <time>2020-05-25T19:25:20Z</time>
            <children/>
          </puzzle>
        </children>
      </puzzle>
      <puzzle alive="false">
        <issue href="https://github.com/artipie/rpm-adapter/issues/114" closed="2020-05-13T07:31:39+00:00">114</issue>
        <ticket>89</ticket>
        <estimate>30</estimate>
        <role>DEV</role>
        <id>89-d55308e3</id>
        <lines>65-67</lines>
        <body>...</body>
        <file>...</file>
        <author>...</author>
        <email>...</email>
        <time>2020-04-13T10:51:44Z</time>
        <children>
          <puzzle alive="false">
            <issue href="https://github.com/artipie/rpm-adapter/issues/176" closed="2020-06-29T04:51:56+00:00">176</issue>
            <ticket>114</ticket>
            <estimate>30</estimate>
            <role>DEV</role>
            <id>114-f9d288ae</id>
            <lines>34-35</lines>
            <body>...</body>
            <file>...</file>
            <author>...</author>
            <email>...</email>
            <time>2020-05-08T15:13:57Z</time>
            <children/>
          </puzzle>
        </children>
      </puzzle>
    </children>
  </puzzle>
  <puzzle alive="false">
    <issue href="https://github.com/artipie/rpm-adapter/issues/135" closed="2020-04-24T14:45:02+00:00">135</issue>
    <ticket>124</ticket>
    <estimate>30</estimate>
    <role>DEV</role>
    <id>124-5bce57f2</id>
    <lines>36-38</lines>
    <body>...</body>
    <file>...</file>
    <author>...</author>
    <email>...</email>
    <time>2020-04-22T10:13:39Z</time>
    <children/>
  </puzzle>
  <puzzle alive="false">
    <issue href="https://github.com/artipie/rpm-adapter/issues/136" closed="2020-04-24T14:45:08+00:00">136</issue>
    <ticket>124</ticket>
    <estimate>30</estimate>
    <role>DEV</role>
    <id>124-3102e87b</id>
    <lines>36-38</lines>
    <body>...</body>
    <file>...</file>
    <author>...</author>
    <email>...</email>
    <time>2020-04-22T10:13:39Z</time>
    <children>
      <puzzle alive="false">
        <issue href="https://github.com/artipie/rpm-adapter/issues/143" closed="2020-05-13T07:31:46+00:00">143</issue>
        <ticket>136</ticket>
        <estimate>30</estimate>
        <role>DEV</role>
        <id>136-9d5dbc04</id>
        <lines>36-37</lines>
        <body>...</body>
        <file>...</file>
        <author>...</author>
        <email>...</email>
        <time>2020-04-24T11:53:08Z</time>
        <children/>
      </puzzle>
      <puzzle alive="false">
        <issue href="https://github.com/artipie/rpm-adapter/issues/144" closed="2020-05-08T06:44:11+00:00">144</issue>
        <ticket>136</ticket>
        <estimate>30</estimate>
        <role>DEV</role>
        <id>136-d4e1ea38</id>
        <lines>44-47</lines>
        <body>...</body>
        <file>...</file>
        <author>...</author>
        <email>...</email>
        <time>2020-04-24T11:53:08Z</time>
        <children>
          <puzzle alive="false">
            <issue href="https://github.com/artipie/rpm-adapter/issues/167" closed="2020-05-13T07:31:52+00:00">167</issue>
            <ticket>144</ticket>
            <estimate>30</estimate>
            <role>DEV</role>
            <id>144-e68f383c</id>
            <lines>45-46</lines>
            <body>...</body>
            <file>...</file>
            <author>...</author>
            <email>...</email>
            <time>2020-05-07T08:39:18Z</time>
            <children/>
          </puzzle>
        </children>
      </puzzle>
    </children>
  </puzzle>
  <puzzle alive="false">
    <issue href="https://github.com/artipie/rpm-adapter/issues/137" closed="2020-05-08T06:44:17+00:00">137</issue>
    <ticket>124</ticket>
    <estimate>30</estimate>
    <role>DEV</role>
    <id>124-752857bc</id>
    <lines>52-56</lines>
    <body>...</body>
    <file>...</file>
    <author>...</author>
    <email>...</email>
    <time>2020-04-22T10:13:39Z</time>
    <children/>
  </puzzle>
  <puzzle alive="false">
    <issue href="https://github.com/artipie/rpm-adapter/issues/138" closed="2020-04-24T10:38:38+00:00">138</issue>
    <ticket>124</ticket>
    <estimate>30</estimate>
    <role>DEV</role>
    <id>124-6b3b1cde</id>
    <lines>36-38</lines>
    <body>...</body>
    <file>...</file>
    <author>...</author>
    <email>...</email>
    <time>2020-04-22T10:13:39Z</time>
    <children>
      <puzzle alive="false">
        <issue href="https://github.com/artipie/rpm-adapter/issues/141" closed="2020-05-13T07:31:58+00:00">141</issue>
        <ticket>138</ticket>
        <estimate>30</estimate>
        <role>DEV</role>
        <id>138-e82cce42</id>
        <lines>36-37</lines>
        <body>...</body>
        <file>...</file>
        <author>...</author>
        <email>...</email>
        <time>2020-04-22T19:46:01Z</time>
        <children>
          <puzzle alive="false">
            <issue href="https://github.com/artipie/rpm-adapter/issues/177" closed="2020-05-20T10:10:24+00:00">177</issue>
            <ticket>141</ticket>
            <estimate>30</estimate>
            <role>DEV</role>
            <id>141-769c95ee</id>
            <lines>38-40</lines>
            <body>...</body>
            <file>...</file>
            <author>...</author>
            <email>...</email>
            <time>2020-05-12T05:17:59Z</time>
            <children/>
          </puzzle>
          <puzzle alive="false">
            <issue href="https://github.com/artipie/rpm-adapter/issues/178" closed="2020-05-20T07:09:01+00:00">178</issue>
            <ticket>141</ticket>
            <estimate>30</estimate>
            <role>DEV</role>
            <id>141-85a28213</id>
            <lines>233-238</lines>
            <body>...</body>
            <file>...</file>
            <author>...</author>
            <email>...</email>
            <time>2020-05-12T05:17:59Z</time>
            <children>
              <puzzle alive="false">
                <issue href="https://github.com/artipie/rpm-adapter/issues/192" closed="2020-06-03T08:47:22+00:00">192</issue>
                <ticket>178</ticket>
                <estimate>30</estimate>
                <role>DEV</role>
                <id>178-1f21b2fa</id>
                <lines>333-334</lines>
                <body>...</body>
                <file>...</file>
                <author>...</author>
                <email>...</email>
                <time>2020-05-14T06:25:04Z</time>
                <children>
                  <puzzle alive="false">
                    <issue href="https://github.com/artipie/rpm-adapter/issues/224" closed="2020-06-05T10:47:45+00:00">224</issue>
                    <ticket>192</ticket>
                    <estimate>30</estimate>
                    <role>DEV</role>
                    <id>192-3e5a54da</id>
                    <lines>241-242</lines>
                    <body>...</body>
                    <file>...</file>
                    <author>...</author>
                    <email>...</email>
                    <time>2020-06-02T18:58:49Z</time>
                    <children/>
                  </puzzle>
                </children>
              </puzzle>
              <puzzle alive="false">
                <issue href="https://github.com/artipie/rpm-adapter/issues/193" closed="2020-05-26T12:32:02+00:00">193</issue>
                <ticket>178</ticket>
                <estimate>30</estimate>
                <role>DEV</role>
                <id>178-21b31f88</id>
                <lines>387-389</lines>
                <body>...</body>
                <file>...</file>
                <author>...</author>
                <email>...</email>
                <time>2020-05-14T06:25:04Z</time>
                <children/>
              </puzzle>
            </children>
          </puzzle>
        </children>
      </puzzle>
    </children>
  </puzzle>
  <puzzle alive="false">
    <issue href="https://github.com/artipie/rpm-adapter/issues/145" closed="2020-05-13T07:32:04+00:00">145</issue>
    <ticket>124</ticket>
    <estimate>30</estimate>
    <role>DEV</role>
    <id>124-dbdcc472</id>
    <lines>36-37</lines>
    <body>...</body>
    <file>...</file>
    <author>...</author>
    <email>...</email>
    <time>2020-04-24T11:53:08Z</time>
    <children/>
  </puzzle>
  <puzzle alive="false">
    <issue href="https://github.com/artipie/rpm-adapter/issues/151" closed="2020-04-29T06:58:40+00:00">151</issue>
    <ticket>120</ticket>
    <estimate>30</estimate>
    <role>DEV</role>
    <id>120-b9c4d61d</id>
    <lines>39-40</lines>
    <body>...</body>
    <file>...</file>
    <author>...</author>
    <email>...</email>
    <time>2020-04-24T17:20:18Z</time>
    <children/>
  </puzzle>
  <puzzle alive="false">
    <issue href="https://github.com/artipie/rpm-adapter/issues/168" closed="2020-06-29T13:33:13+00:00">168</issue>
    <ticket>161</ticket>
    <estimate>30</estimate>
    <role>DEV</role>
    <id>161-ecd3feaa</id>
    <lines>257-260</lines>
    <body>...</body>
    <file>...</file>
    <author>...</author>
    <email>...</email>
    <time>2020-05-07T08:39:18Z</time>
    <children/>
  </puzzle>
  <puzzle alive="false">
    <issue href="https://github.com/artipie/rpm-adapter/issues/190" closed="2020-06-02T13:22:01+00:00">190</issue>
    <ticket>63</ticket>
    <estimate>30</estimate>
    <role>DEV</role>
    <id>63-70804367</id>
    <lines>43-45</lines>
    <body>...</body>
    <file>...</file>
    <author>...</author>
    <email>...</email>
    <time>2020-05-01T03:02:47Z</time>
    <children>
      <puzzle alive="false">
        <issue href="https://github.com/artipie/rpm-adapter/issues/218" closed="2020-06-04T07:33:58+00:00">218</issue>
        <ticket>190</ticket>
        <estimate>30</estimate>
        <role>DEV</role>
        <id>190-d298c6d5</id>
        <lines>43-46</lines>
        <body>...</body>
        <file>...</file>
        <author>...</author>
        <email>...</email>
        <time>2020-06-02T12:37:38Z</time>
        <children/>
      </puzzle>
    </children>
  </puzzle>
  <puzzle alive="false">
    <issue href="https://github.com/artipie/rpm-adapter/issues/194" closed="2020-05-26T12:32:08+00:00">194</issue>
    <ticket>159</ticket>
    <estimate>30</estimate>
    <role>DEV</role>
    <id>159-8e7ac748</id>
    <lines>34-35</lines>
    <body>...</body>
    <file>...</file>
    <author>...</author>
    <email>...</email>
    <time>2020-05-15T08:32:43Z</time>
    <children/>
  </puzzle>
  <puzzle alive="false">
    <issue href="https://github.com/artipie/rpm-adapter/issues/201" closed="2020-05-29T07:40:59+00:00">201</issue>
    <ticket>200</ticket>
    <estimate>30</estimate>
    <role>DEV</role>
    <id>200-d9ed28fb</id>
    <lines>84-85</lines>
    <body>...</body>
    <file>...</file>
    <author>...</author>
    <email>...</email>
    <time>2020-05-25T11:34:53Z</time>
    <children/>
  </puzzle>
  <puzzle alive="false">
    <issue href="https://github.com/artipie/rpm-adapter/issues/244" closed="2020-08-25T12:01:46+00:00">244</issue>
    <ticket>230</ticket>
    <estimate>30</estimate>
    <role>DEV</role>
    <id>230-3a08fd65</id>
    <lines>35-38</lines>
    <body>...</body>
    <file>...</file>
    <author>...</author>
    <email>...</email>
    <time>2020-06-08T11:26:03Z</time>
    <children/>
  </puzzle>
  <puzzle alive="false">
    <issue href="https://github.com/artipie/rpm-adapter/issues/245" closed="2020-08-25T12:01:52+00:00">245</issue>
    <ticket>230</ticket>
    <estimate>30</estimate>
    <role>DEV</role>
    <id>230-d8ecbde2</id>
    <lines>39-40</lines>
    <body>...</body>
    <file>...</file>
    <author>...</author>
    <email>...</email>
    <time>2020-06-09T04:51:52Z</time>
    <children/>
  </puzzle>
  <puzzle alive="false">
    <issue href="https://github.com/artipie/rpm-adapter/issues/248" closed="2020-06-17T04:49:30+00:00">248</issue>
    <ticket>235</ticket>
    <estimate>30</estimate>
    <role>DEV</role>
    <id>235-1ed04df5</id>
    <lines>37-40</lines>
    <body>...</body>
    <file>...</file>
    <author>...</author>
    <email>...</email>
    <time>2020-06-09T18:58:24Z</time>
    <children>
      <puzzle alive="false">
        <issue href="https://github.com/artipie/rpm-adapter/issues/265" closed="2020-06-29T04:27:00+00:00">265</issue>
        <ticket>248</ticket>
        <estimate>30</estimate>
        <role>DEV</role>
        <id>248-3857a8d1</id>
        <lines>38-41</lines>
        <body>...</body>
        <file>...</file>
        <author>...</author>
        <email>...</email>
        <time>2020-06-16T16:39:26Z</time>
        <children/>
      </puzzle>
    </children>
  </puzzle>
  <puzzle alive="false">
    <issue href="https://github.com/artipie/rpm-adapter/issues/250" closed="2020-08-05T14:23:30+00:00">250</issue>
    <ticket>240</ticket>
    <estimate>30</estimate>
    <role>DEV</role>
    <id>240-b0f96bd8</id>
    <lines>306-307</lines>
    <body>...</body>
    <file>...</file>
    <author>...</author>
    <email>...</email>
    <time>2020-06-09T07:34:29Z</time>
    <children/>
  </puzzle>
  <puzzle alive="false">
    <issue href="https://github.com/artipie/rpm-adapter/issues/253" closed="2020-06-15T06:51:48+00:00">253</issue>
    <ticket>162</ticket>
    <estimate>30</estimate>
    <role>DEV</role>
    <id>162-efa52435</id>
    <lines>33-50</lines>
    <body>...</body>
    <file>...</file>
    <author>...</author>
    <email>...</email>
    <time>2020-05-24T23:23:31Z</time>
    <children>
      <puzzle alive="false">
        <issue href="https://github.com/artipie/rpm-adapter/issues/260" closed="2020-06-19T09:11:13+00:00">260</issue>
        <ticket>253</ticket>
        <estimate>30</estimate>
        <role>DEV</role>
        <id>253-431eeb6b</id>
        <lines>48-53</lines>
        <body>...</body>
        <file>...</file>
        <author>...</author>
        <email>...</email>
        <time>2020-06-11T12:38:42Z</time>
        <children/>
      </puzzle>
    </children>
  </puzzle>
  <puzzle alive="false">
    <issue href="https://github.com/artipie/rpm-adapter/issues/257" closed="2020-06-17T18:18:48+00:00">257</issue>
    <ticket>226</ticket>
    <estimate>30</estimate>
    <role>DEV</role>
    <id>226-ba71598e</id>
    <lines>34-37</lines>
    <body>...</body>
    <file>...</file>
    <author>...</author>
    <email>...</email>
    <time>2020-06-11T06:03:21Z</time>
    <children/>
  </puzzle>
  <puzzle alive="false">
    <issue href="https://github.com/artipie/rpm-adapter/issues/259" closed="2020-06-19T05:38:42+00:00">259</issue>
    <ticket>213</ticket>
    <estimate>30</estimate>
    <role>DEV</role>
    <id>213-52d0fd27</id>
    <lines>42-46</lines>
    <body>...</body>
    <file>...</file>
    <author>...</author>
    <email>...</email>
    <time>2020-06-07T08:50:02Z</time>
    <children>
      <puzzle alive="false">
        <issue href="https://github.com/artipie/rpm-adapter/issues/273" closed="2020-06-23T09:00:38+00:00">273</issue>
        <ticket>259</ticket>
        <estimate>30</estimate>
        <role>DEV</role>
        <id>259-71347a14</id>
        <lines>42-46</lines>
        <body>...</body>
        <file>...</file>
        <author>...</author>
        <email>...</email>
        <time>2020-06-17T08:52:07Z</time>
        <children>
          <puzzle alive="false">
            <issue href="https://github.com/artipie/rpm-adapter/issues/290" closed="2020-07-03T11:30:51+00:00">290</issue>
            <ticket>273</ticket>
            <estimate>30</estimate>
            <role>DEV</role>
            <id>273-e9afba21</id>
            <lines>56-58</lines>
            <body>...</body>
            <file>...</file>
            <author>...</author>
            <email>...</email>
            <time>2020-06-22T18:03:59Z</time>
            <children/>
          </puzzle>
        </children>
      </puzzle>
    </children>
  </puzzle>
  <puzzle alive="true">
    <issue href="https://github.com/artipie/rpm-adapter/issues/268">268</issue>
    <ticket>110</ticket>
    <estimate>30</estimate>
    <role>DEV</role>
    <id>110-69218d91</id>
    <lines>58-63</lines>
    <body>...</body>
    <file>...</file>
    <author>...</author>
    <email>...</email>
    <time>2020-06-12T16:52:49Z</time>
    <children/>
  </puzzle>
  <puzzle alive="false">
    <issue href="https://github.com/artipie/rpm-adapter/issues/277" closed="2020-07-03T06:43:09+00:00">277</issue>
    <ticket>241</ticket>
    <estimate>30</estimate>
    <role>DEV</role>
    <id>241-299104fc</id>
    <lines>48-50</lines>
    <body>...</body>
    <file>...</file>
    <author>...</author>
    <email>...</email>
    <time>2020-06-18T11:55:42Z</time>
    <children/>
  </puzzle>
  <puzzle alive="false">
    <issue href="https://github.com/artipie/rpm-adapter/issues/278" closed="2020-06-25T10:48:37+00:00">278</issue>
    <ticket>241</ticket>
    <estimate>30</estimate>
    <role>DEV</role>
    <id>241-a350bc6d</id>
    <lines>88-90</lines>
    <body>...</body>
    <file>...</file>
    <author>...</author>
    <email>...</email>
    <time>2020-06-18T11:55:42Z</time>
    <children/>
  </puzzle>
  <puzzle alive="false">
    <issue href="https://github.com/artipie/rpm-adapter/issues/281" closed="2020-06-23T07:59:35+00:00">281</issue>
    <ticket>275</ticket>
    <estimate>30</estimate>
    <role>DEV</role>
    <id>275-12a5bede</id>
    <lines>32-40</lines>
    <body>...</body>
    <file>...</file>
    <author>...</author>
    <email>...</email>
    <time>2020-06-19T11:03:34Z</time>
    <children>
      <puzzle alive="false">
        <issue href="https://github.com/artipie/rpm-adapter/issues/286" closed="2020-06-23T11:00:11+00:00">286</issue>
        <ticket>281</ticket>
        <estimate>30</estimate>
        <role>DEV</role>
        <id>281-4a7508e7</id>
        <lines>31-37</lines>
        <body>...</body>
        <file>...</file>
        <author>...</author>
        <email>...</email>
        <time>2020-06-22T15:55:07Z</time>
        <children/>
      </puzzle>
      <puzzle alive="false">
        <issue href="https://github.com/artipie/rpm-adapter/issues/287" closed="2020-06-25T10:41:40+00:00">287</issue>
        <ticket>281</ticket>
        <estimate>30</estimate>
        <role>DEV</role>
        <id>281-e86c51c6</id>
        <lines>62-70</lines>
        <body>...</body>
        <file>...</file>
        <author>...</author>
        <email>...</email>
        <time>2020-06-22T15:55:07Z</time>
        <children/>
      </puzzle>
    </children>
  </puzzle>
  <puzzle alive="false">
    <issue href="https://github.com/artipie/rpm-adapter/issues/282" closed="2020-07-03T09:21:43+00:00">282</issue>
    <ticket>275</ticket>
    <estimate>30</estimate>
    <role>DEV</role>
    <id>275-eee2e5ba</id>
    <lines>41-42</lines>
    <body>...</body>
    <file>...</file>
    <author>...</author>
    <email>...</email>
    <time>2020-06-22T12:06:59Z</time>
    <children/>
  </puzzle>
  <puzzle alive="false">
    <issue href="https://github.com/artipie/rpm-adapter/issues/285" closed="2020-06-30T13:09:52+00:00">285</issue>
    <ticket>241</ticket>
    <estimate>30</estimate>
    <role>DEV</role>
    <id>241-fffd0470</id>
    <lines>33-37</lines>
    <body>...</body>
    <file>...</file>
    <author>...</author>
    <email>...</email>
    <time>2020-06-18T07:42:45Z</time>
    <children>
      <puzzle alive="false">
        <issue href="https://github.com/artipie/rpm-adapter/issues/307" closed="2020-07-02T09:20:50+00:00">307</issue>
        <ticket>285</ticket>
        <estimate>30</estimate>
        <role>DEV</role>
        <id>285-b9db6ed3</id>
        <lines>34-39</lines>
        <body>...</body>
        <file>...</file>
        <author>...</author>
        <email>...</email>
        <time>2020-06-25T16:12:33Z</time>
        <children>
          <puzzle alive="true">
            <issue href="https://github.com/artipie/rpm-adapter/issues/310">310</issue>
            <ticket>307</ticket>
            <estimate>30</estimate>
            <role>DEV</role>
            <id>307-d58d9aca</id>
            <lines>41-42</lines>
            <body>...</body>
            <file>...</file>
            <author>...</author>
            <email>...</email>
            <time>2020-06-30T18:39:50Z</time>
            <children/>
          </puzzle>
          <puzzle alive="false">
            <issue href="https://github.com/artipie/rpm-adapter/issues/311" closed="2020-07-03T13:29:26+00:00">311</issue>
            <ticket>307</ticket>
            <estimate>30</estimate>
            <role>DEV</role>
            <id>307-cda9f9c1</id>
            <lines>35-36</lines>
            <body>...</body>
            <file>...</file>
            <author>...</author>
            <email>...</email>
            <time>2020-06-30T15:20:06Z</time>
            <children>
              <puzzle alive="false">
                <issue href="https://github.com/artipie/rpm-adapter/issues/316" closed="2020-09-10T13:44:24+00:00">316</issue>
                <ticket>311</ticket>
                <estimate>30</estimate>
                <role>DEV</role>
                <id>311-652b1692</id>
                <lines>44-45</lines>
                <body>...</body>
                <file>...</file>
                <author>...</author>
                <email>...</email>
                <time>2020-07-03T05:35:52Z</time>
                <children/>
              </puzzle>
              <puzzle alive="false">
                <issue href="https://github.com/artipie/rpm-adapter/issues/317" closed="2020-09-10T13:44:30+00:00">317</issue>
                <ticket>311</ticket>
                <estimate>30</estimate>
                <role>DEV</role>
                <id>311-7f1cb24b</id>
                <lines>46-49</lines>
                <body>...</body>
                <file>...</file>
                <author>...</author>
                <email>...</email>
                <time>2020-07-03T05:35:52Z</time>
                <children>
                  <puzzle alive="false">
                    <issue href="https://github.com/artipie/rpm-adapter/issues/359" closed="2020-10-27T07:50:18+00:00">359</issue>
                    <ticket>317</ticket>
                    <estimate>30</estimate>
                    <role>DEV</role>
                    <id>317-5a8b4b93</id>
                    <lines>33-36</lines>
                    <body>...</body>
                    <file>...</file>
                    <author>...</author>
                    <email>...</email>
                    <time>2020-09-09T19:45:54Z</time>
                    <children/>
                  </puzzle>
                </children>
              </puzzle>
              <puzzle alive="true">
                <issue href="https://github.com/artipie/rpm-adapter/issues/360">360</issue>
                <ticket>311</ticket>
                <estimate>30</estimate>
                <role>DEV</role>
                <id>311-c333d3a1</id>
                <lines>47-49</lines>
                <body>...</body>
                <file>...</file>
                <author>...</author>
                <email>...</email>
                <time>2020-08-05T14:23:18Z</time>
                <children/>
              </puzzle>
            </children>
          </puzzle>
        </children>
      </puzzle>
    </children>
  </puzzle>
  <puzzle alive="true">
    <issue href="https://github.com/artipie/rpm-adapter/issues/391">391</issue>
    <ticket>376</ticket>
    <estimate>30</estimate>
    <role>DEV</role>
    <id>376-24e83852</id>
    <lines>78-80</lines>
    <body>...</body>
    <file>...</file>
    <author>...</author>
    <email>...</email>
    <time>2021-05-07T11:34:18Z</time>
    <children/>
  </puzzle>
  <puzzle alive="true">
    <issue href="https://github.com/artipie/rpm-adapter/issues/397">397</issue>
    <ticket>388</ticket>
    <estimate>30</estimate>
    <role>DEV</role>
    <id>388-5c2cea0d</id>
    <lines>165-166</lines>
    <body>...</body>
    <file>...</file>
    <author>...</author>
    <email>...</email>
    <time>2021-05-14T11:31:19Z</time>
    <children/>
  </puzzle>
</puzzles>
