<?xml version="1.0"?>
<puzzles xmlns:xsi="http://www.w3.org/2001/XMLSchema-instance" xsi:noNamespaceSchemaLocation="http://www.0pdd.com/puzzles.xsd" date="2021-03-18T14:57:21+00:00" version="0.30.23">
  <puzzle alive="true">
    <issue href="https://github.com/shiruka/JRakNet/issues/2">2</issue>
    <ticket>1</ticket>
    <estimate>60</estimate>
    <role>DEV</role>
    <id>1-f60620d4</id>
    <lines>87-87</lines>
    <body>...</body>
    <file>...</file>
    <author>...</author>
    <email>...</email>
    <time>2021-03-18T14:31:08Z</time>
    <children/>
  </puzzle>
  <puzzle alive="true">
    <issue href="https://github.com/shiruka/JRakNet/issues/3">3</issue>
    <ticket>1</ticket>
    <estimate>60</estimate>
    <role>DEV</role>
    <id>1-c8708087</id>
    <lines>124-124</lines>
    <body>...</body>
    <file>...</file>
    <author>...</author>
    <email>...</email>
    <time>2021-03-18T14:31:08Z</time>
    <children/>
  </puzzle>
  <puzzle alive="true">
    <issue href="https://github.com/shiruka/JRakNet/issues/4">4</issue>
    <ticket>1</ticket>
    <estimate>60</estimate>
    <role>DEV</role>
    <id>1-57d9757e</id>
    <lines>92-92</lines>
    <body>...</body>
    <file>...</file>
    <author>...</author>
    <email>...</email>
    <time>2021-03-18T14:31:08Z</time>
    <children/>
  </puzzle>
  <puzzle alive="true">
    <issue href="https://github.com/shiruka/JRakNet/issues/5">5</issue>
    <ticket>1</ticket>
    <estimate>60</estimate>
    <role>DEV</role>
    <id>1-56a567e2</id>
    <lines>115-115</lines>
    <body>...</body>
    <file>...</file>
    <author>...</author>
    <email>...</email>
    <time>2021-03-18T14:31:08Z</time>
    <children/>
  </puzzle>
</puzzles>
