<?xml version="1.0"?>
<puzzles xmlns:xsi="http://www.w3.org/2001/XMLSchema-instance" xsi:noNamespaceSchemaLocation="http://www.0pdd.com/puzzles.xsd" date="2021-08-12T13:40:16+00:00" version="0.30.23">
  <puzzle alive="false">
    <issue href="https://github.com/shiruka/shiruka/issues/91" closed="2021-01-14T20:27:22+00:00">91</issue>
    <ticket>1</ticket>
    <estimate>15</estimate>
    <role>DEV</role>
    <id>1-921830d3</id>
    <lines>168-168</lines>
    <body>...</body>
    <file>...</file>
    <author>...</author>
    <email>...</email>
    <time>2020-12-26T16:46:28Z</time>
    <children/>
  </puzzle>
  <puzzle alive="false">
    <issue href="https://github.com/shiruka/shiruka/issues/92" closed="2021-01-07T17:28:10+00:00">92</issue>
    <ticket>1</ticket>
    <estimate>30</estimate>
    <role>DEV</role>
    <id>1-32af5a0d</id>
    <lines>225-225</lines>
    <body>...</body>
    <file>...</file>
    <author>...</author>
    <email>...</email>
    <time>2020-12-23T15:22:14Z</time>
    <children/>
  </puzzle>
  <puzzle alive="false">
    <issue href="https://github.com/shiruka/shiruka/issues/93" closed="2021-01-14T20:27:27+00:00">93</issue>
    <ticket>1</ticket>
    <estimate>15</estimate>
    <role>DEV</role>
    <id>1-c7c597c0</id>
    <lines>301-301</lines>
    <body>...</body>
    <file>...</file>
    <author>...</author>
    <email>...</email>
    <time>2020-12-26T16:46:28Z</time>
    <children/>
  </puzzle>
  <puzzle alive="false">
    <issue href="https://github.com/shiruka/shiruka/issues/94" closed="2021-01-14T20:27:32+00:00">94</issue>
    <ticket>1</ticket>
    <estimate>60</estimate>
    <role>DEV</role>
    <id>1-a3434f18</id>
    <lines>311-311</lines>
    <body>...</body>
    <file>...</file>
    <author>...</author>
    <email>...</email>
    <time>2020-12-23T15:22:14Z</time>
    <children/>
  </puzzle>
  <puzzle alive="false">
    <issue href="https://github.com/shiruka/shiruka/issues/95" closed="2021-01-14T20:27:38+00:00">95</issue>
    <ticket>1</ticket>
    <estimate>60</estimate>
    <role>DEV</role>
    <id>1-9ca4a2fb</id>
    <lines>312-312</lines>
    <body>...</body>
    <file>...</file>
    <author>...</author>
    <email>...</email>
    <time>2020-12-23T15:22:14Z</time>
    <children/>
  </puzzle>
  <puzzle alive="false">
    <issue href="https://github.com/shiruka/shiruka/issues/96" closed="2021-01-14T20:27:43+00:00">96</issue>
    <ticket>1</ticket>
    <estimate>60</estimate>
    <role>DEV</role>
    <id>1-71bdc071</id>
    <lines>313-313</lines>
    <body>...</body>
    <file>...</file>
    <author>...</author>
    <email>...</email>
    <time>2020-12-23T15:22:14Z</time>
    <children/>
  </puzzle>
  <puzzle alive="false">
    <issue href="https://github.com/shiruka/shiruka/issues/97" closed="2021-01-14T20:27:48+00:00">97</issue>
    <ticket>1</ticket>
    <estimate>15</estimate>
    <role>DEV</role>
    <id>1-7d46d08a</id>
    <lines>154-154</lines>
    <body>...</body>
    <file>...</file>
    <author>...</author>
    <email>...</email>
    <time>2020-12-26T16:46:28Z</time>
    <children/>
  </puzzle>
  <puzzle alive="false">
    <issue href="https://github.com/shiruka/shiruka/issues/98" closed="2021-01-07T10:27:19+00:00">98</issue>
    <ticket>1</ticket>
    <estimate>5</estimate>
    <role>DEV</role>
    <id>1-793cb7e0</id>
    <lines>46-46</lines>
    <body>...</body>
    <file>...</file>
    <author>...</author>
    <email>...</email>
    <time>2020-12-26T16:46:28Z</time>
    <children/>
  </puzzle>
  <puzzle alive="false">
    <issue href="https://github.com/shiruka/shiruka/issues/99" closed="2021-08-12T13:34:04+00:00">99</issue>
    <ticket>1</ticket>
    <estimate>60</estimate>
    <role>DEV</role>
    <id>1-7308ca1b</id>
    <lines>201-201</lines>
    <body>...</body>
    <file>...</file>
    <author>...</author>
    <email>...</email>
    <time>2020-12-26T16:46:28Z</time>
    <children/>
  </puzzle>
  <puzzle alive="false">
    <issue href="https://github.com/shiruka/shiruka/issues/100" closed="2021-08-12T13:34:09+00:00">100</issue>
    <ticket>1</ticket>
    <estimate>60</estimate>
    <role>DEV</role>
    <id>1-57e47f97</id>
    <lines>203-203</lines>
    <body>...</body>
    <file>...</file>
    <author>...</author>
    <email>...</email>
    <time>2020-12-26T16:46:28Z</time>
    <children/>
  </puzzle>
  <puzzle alive="false">
    <issue href="https://github.com/shiruka/shiruka/issues/101" closed="2021-08-12T13:34:14+00:00">101</issue>
    <ticket>1</ticket>
    <estimate>60</estimate>
    <role>DEV</role>
    <id>1-6201d5e7</id>
    <lines>207-207</lines>
    <body>...</body>
    <file>...</file>
    <author>...</author>
    <email>...</email>
    <time>2020-12-26T16:46:28Z</time>
    <children/>
  </puzzle>
  <puzzle alive="false">
    <issue href="https://github.com/shiruka/shiruka/issues/102" closed="2021-01-04T01:30:30+00:00">102</issue>
    <ticket>1</ticket>
    <estimate>15</estimate>
    <role>DEV</role>
    <id>1-4bd21604</id>
    <lines>115-115</lines>
    <body>...</body>
    <file>...</file>
    <author>...</author>
    <email>...</email>
    <time>2020-12-26T16:46:28Z</time>
    <children/>
  </puzzle>
  <puzzle alive="false">
    <issue href="https://github.com/shiruka/shiruka/issues/103" closed="2020-12-27T13:02:26+00:00">103</issue>
    <ticket>1</ticket>
    <estimate>60</estimate>
    <role>DEV</role>
    <id>1-f91e4ee0</id>
    <lines>125-125</lines>
    <body>...</body>
    <file>...</file>
    <author>...</author>
    <email>...</email>
    <time>2020-12-26T16:46:28Z</time>
    <children/>
  </puzzle>
  <puzzle alive="false">
    <issue href="https://github.com/shiruka/shiruka/issues/104" closed="2021-01-18T16:35:06+00:00">104</issue>
    <ticket>1</ticket>
    <estimate>15</estimate>
    <role>DEV</role>
    <id>1-1e34067a</id>
    <lines>67-67</lines>
    <body>...</body>
    <file>...</file>
    <author>...</author>
    <email>...</email>
    <time>2020-12-26T16:46:28Z</time>
    <children/>
  </puzzle>
  <puzzle alive="false">
    <issue href="https://github.com/shiruka/shiruka/issues/108" closed="2021-01-04T01:21:23+00:00">108</issue>
    <ticket>1</ticket>
    <estimate>30</estimate>
    <role>DEV</role>
    <id>1-edcc4266</id>
    <lines>77-77</lines>
    <body>...</body>
    <file>...</file>
    <author>...</author>
    <email>...</email>
    <time>2020-12-27T11:11:25Z</time>
    <children/>
  </puzzle>
  <puzzle alive="false">
    <issue href="https://github.com/shiruka/shiruka/issues/113" closed="2021-01-14T20:27:53+00:00">113</issue>
    <ticket>1</ticket>
    <estimate>60</estimate>
    <role>DEV</role>
    <id>1-964853b8</id>
    <lines>80-80</lines>
    <body>...</body>
    <file>...</file>
    <author>...</author>
    <email>...</email>
    <time>2020-12-27T12:31:26Z</time>
    <children/>
  </puzzle>
  <puzzle alive="false">
    <issue href="https://github.com/shiruka/shiruka/issues/114" closed="2021-01-14T20:27:58+00:00">114</issue>
    <ticket>1</ticket>
    <estimate>60</estimate>
    <role>DEV</role>
    <id>1-19c435c0</id>
    <lines>92-92</lines>
    <body>...</body>
    <file>...</file>
    <author>...</author>
    <email>...</email>
    <time>2020-12-27T12:31:26Z</time>
    <children/>
  </puzzle>
  <puzzle alive="false">
    <issue href="https://github.com/shiruka/shiruka/issues/115" closed="2021-01-07T10:27:24+00:00">115</issue>
    <ticket>1</ticket>
    <estimate>5</estimate>
    <role>DEV</role>
    <id>1-0c9fc0cc</id>
    <lines>38-38</lines>
    <body>...</body>
    <file>...</file>
    <author>...</author>
    <email>...</email>
    <time>2020-12-27T12:37:29Z</time>
    <children/>
  </puzzle>
  <puzzle alive="false">
    <issue href="https://github.com/shiruka/shiruka/issues/116" closed="2021-01-14T20:28:03+00:00">116</issue>
    <ticket>1</ticket>
    <estimate>60</estimate>
    <role>DEV</role>
    <id>1-87bb7b4e</id>
    <lines>86-86</lines>
    <body>...</body>
    <file>...</file>
    <author>...</author>
    <email>...</email>
    <time>2020-12-27T12:43:15Z</time>
    <children/>
  </puzzle>
  <puzzle alive="false">
    <issue href="https://github.com/shiruka/shiruka/issues/117" closed="2021-01-14T20:28:08+00:00">117</issue>
    <ticket>1</ticket>
    <estimate>60</estimate>
    <role>DEV</role>
    <id>1-3e371291</id>
    <lines>132-132</lines>
    <body>...</body>
    <file>...</file>
    <author>...</author>
    <email>...</email>
    <time>2020-12-27T12:31:26Z</time>
    <children/>
  </puzzle>
  <puzzle alive="false">
    <issue href="https://github.com/shiruka/shiruka/issues/118" closed="2021-01-14T20:28:13+00:00">118</issue>
    <ticket>1</ticket>
    <estimate>60</estimate>
    <role>DEV</role>
    <id>1-02f99adc</id>
    <lines>143-143</lines>
    <body>...</body>
    <file>...</file>
    <author>...</author>
    <email>...</email>
    <time>2020-12-27T12:31:26Z</time>
    <children/>
  </puzzle>
  <puzzle alive="false">
    <issue href="https://github.com/shiruka/shiruka/issues/119" closed="2021-01-14T20:28:18+00:00">119</issue>
    <ticket>1</ticket>
    <estimate>60</estimate>
    <role>DEV</role>
    <id>1-9fdbc271</id>
    <lines>161-161</lines>
    <body>...</body>
    <file>...</file>
    <author>...</author>
    <email>...</email>
    <time>2020-12-27T12:31:26Z</time>
    <children/>
  </puzzle>
  <puzzle alive="false">
    <issue href="https://github.com/shiruka/shiruka/issues/120" closed="2021-01-14T20:28:23+00:00">120</issue>
    <ticket>1</ticket>
    <estimate>60</estimate>
    <role>DEV</role>
    <id>1-9b085edb</id>
    <lines>163-163</lines>
    <body>...</body>
    <file>...</file>
    <author>...</author>
    <email>...</email>
    <time>2020-12-27T12:31:26Z</time>
    <children/>
  </puzzle>
  <puzzle alive="false">
    <issue href="https://github.com/shiruka/shiruka/issues/121" closed="2021-01-14T20:28:28+00:00">121</issue>
    <ticket>1</ticket>
    <estimate>60</estimate>
    <role>DEV</role>
    <id>1-db8ca189</id>
    <lines>176-176</lines>
    <body>...</body>
    <file>...</file>
    <author>...</author>
    <email>...</email>
    <time>2020-12-27T12:31:26Z</time>
    <children/>
  </puzzle>
  <puzzle alive="false">
    <issue href="https://github.com/shiruka/shiruka/issues/122" closed="2021-01-14T20:28:33+00:00">122</issue>
    <ticket>1</ticket>
    <estimate>60</estimate>
    <role>DEV</role>
    <id>1-1333fc01</id>
    <lines>182-182</lines>
    <body>...</body>
    <file>...</file>
    <author>...</author>
    <email>...</email>
    <time>2020-12-27T12:31:26Z</time>
    <children/>
  </puzzle>
  <puzzle alive="false">
    <issue href="https://github.com/shiruka/shiruka/issues/123" closed="2021-01-14T20:28:38+00:00">123</issue>
    <ticket>1</ticket>
    <estimate>60</estimate>
    <role>DEV</role>
    <id>1-ab39edc6</id>
    <lines>190-190</lines>
    <body>...</body>
    <file>...</file>
    <author>...</author>
    <email>...</email>
    <time>2020-12-27T12:31:26Z</time>
    <children/>
  </puzzle>
  <puzzle alive="false">
    <issue href="https://github.com/shiruka/shiruka/issues/124" closed="2021-01-14T20:28:43+00:00">124</issue>
    <ticket>1</ticket>
    <estimate>60</estimate>
    <role>DEV</role>
    <id>1-59d0279b</id>
    <lines>192-192</lines>
    <body>...</body>
    <file>...</file>
    <author>...</author>
    <email>...</email>
    <time>2020-12-27T12:31:26Z</time>
    <children/>
  </puzzle>
  <puzzle alive="false">
    <issue href="https://github.com/shiruka/shiruka/issues/125" closed="2021-01-04T01:21:28+00:00">125</issue>
    <ticket>1</ticket>
    <estimate>60</estimate>
    <role>DEV</role>
    <id>1-834e04f1</id>
    <lines>125-125</lines>
    <body>...</body>
    <file>...</file>
    <author>...</author>
    <email>...</email>
    <time>2020-12-27T12:31:26Z</time>
    <children/>
  </puzzle>
  <puzzle alive="false">
    <issue href="https://github.com/shiruka/shiruka/issues/134" closed="2021-08-12T13:34:18+00:00">134</issue>
    <ticket>1</ticket>
    <estimate>15</estimate>
    <role>DEV</role>
    <id>1-4eca8edb</id>
    <lines>220-220</lines>
    <body>...</body>
    <file>...</file>
    <author>...</author>
    <email>...</email>
    <time>2021-01-04T01:08:27Z</time>
    <children/>
  </puzzle>
  <puzzle alive="false">
    <issue href="https://github.com/shiruka/shiruka/issues/135" closed="2021-01-14T20:28:48+00:00">135</issue>
    <ticket>1</ticket>
    <estimate>60</estimate>
    <role>DEV</role>
    <id>1-8ec48dc0</id>
    <lines>249-249</lines>
    <body>...</body>
    <file>...</file>
    <author>...</author>
    <email>...</email>
    <time>2021-01-04T01:08:27Z</time>
    <children/>
  </puzzle>
  <puzzle alive="false">
    <issue href="https://github.com/shiruka/shiruka/issues/136" closed="2021-01-14T20:28:53+00:00">136</issue>
    <ticket>1</ticket>
    <estimate>15</estimate>
    <role>DEV</role>
    <id>1-7bbe303e</id>
    <lines>118-118</lines>
    <body>...</body>
    <file>...</file>
    <author>...</author>
    <email>...</email>
    <time>2021-01-04T01:20:37Z</time>
    <children/>
  </puzzle>
  <puzzle alive="false">
    <issue href="https://github.com/shiruka/shiruka/issues/137" closed="2021-01-14T20:28:57+00:00">137</issue>
    <ticket>1</ticket>
    <estimate>15</estimate>
    <role>DEV</role>
    <id>1-d371c1d2</id>
    <lines>123-123</lines>
    <body>...</body>
    <file>...</file>
    <author>...</author>
    <email>...</email>
    <time>2021-01-04T01:20:37Z</time>
    <children/>
  </puzzle>
  <puzzle alive="false">
    <issue href="https://github.com/shiruka/shiruka/issues/138" closed="2021-01-14T20:29:03+00:00">138</issue>
    <ticket>1</ticket>
    <estimate>15</estimate>
    <role>DEV</role>
    <id>1-9674bf64</id>
    <lines>128-128</lines>
    <body>...</body>
    <file>...</file>
    <author>...</author>
    <email>...</email>
    <time>2021-01-04T01:20:37Z</time>
    <children/>
  </puzzle>
  <puzzle alive="false">
    <issue href="https://github.com/shiruka/shiruka/issues/139" closed="2021-01-14T20:29:08+00:00">139</issue>
    <ticket>1</ticket>
    <estimate>15</estimate>
    <role>DEV</role>
    <id>1-61ae5692</id>
    <lines>144-144</lines>
    <body>...</body>
    <file>...</file>
    <author>...</author>
    <email>...</email>
    <time>2021-01-04T01:20:37Z</time>
    <children/>
  </puzzle>
  <puzzle alive="false">
    <issue href="https://github.com/shiruka/shiruka/issues/140" closed="2021-01-04T02:34:03+00:00">140</issue>
    <ticket>1</ticket>
    <estimate>60</estimate>
    <role>DEV</role>
    <id>1-d9e1e50c</id>
    <lines>61-62</lines>
    <body>...</body>
    <file>...</file>
    <author>...</author>
    <email>...</email>
    <time>2021-01-04T01:08:27Z</time>
    <children/>
  </puzzle>
  <puzzle alive="false">
    <issue href="https://github.com/shiruka/shiruka/issues/141" closed="2021-01-25T20:24:43+00:00">141</issue>
    <ticket>1</ticket>
    <estimate>15</estimate>
    <role>DEV</role>
    <id>1-929b23ba</id>
    <lines>47-47</lines>
    <body>...</body>
    <file>...</file>
    <author>...</author>
    <email>...</email>
    <time>2021-01-04T01:08:27Z</time>
    <children/>
  </puzzle>
  <puzzle alive="false">
    <issue href="https://github.com/shiruka/shiruka/issues/142" closed="2021-01-04T02:34:07+00:00">142</issue>
    <ticket>1</ticket>
    <estimate>30</estimate>
    <role>DEV</role>
    <id>1-e9cb9493</id>
    <lines>35-36</lines>
    <body>...</body>
    <file>...</file>
    <author>...</author>
    <email>...</email>
    <time>2021-01-04T01:08:27Z</time>
    <children/>
  </puzzle>
  <puzzle alive="false">
    <issue href="https://github.com/shiruka/shiruka/issues/143" closed="2021-01-07T10:27:28+00:00">143</issue>
    <ticket>1</ticket>
    <estimate>5</estimate>
    <role>DEV</role>
    <id>1-bea15c26</id>
    <lines>49-49</lines>
    <body>...</body>
    <file>...</file>
    <author>...</author>
    <email>...</email>
    <time>2021-01-04T01:08:27Z</time>
    <children/>
  </puzzle>
  <puzzle alive="false">
    <issue href="https://github.com/shiruka/shiruka/issues/148" closed="2021-02-14T21:58:52+00:00">148</issue>
    <ticket>1</ticket>
    <estimate>60</estimate>
    <role>DEV</role>
    <id>1-aafe9d0a</id>
    <lines>61-61</lines>
    <body>...</body>
    <file>...</file>
    <author>...</author>
    <email>...</email>
    <time>2021-01-04T02:32:26Z</time>
    <children/>
  </puzzle>
  <puzzle alive="false">
    <issue href="https://github.com/shiruka/shiruka/issues/149" closed="2021-01-25T20:24:48+00:00">149</issue>
    <ticket>1</ticket>
    <estimate>30</estimate>
    <role>DEV</role>
    <id>1-1190f350</id>
    <lines>35-35</lines>
    <body>...</body>
    <file>...</file>
    <author>...</author>
    <email>...</email>
    <time>2021-01-04T01:08:27Z</time>
    <children/>
  </puzzle>
  <puzzle alive="false">
    <issue href="https://github.com/shiruka/shiruka/issues/163" closed="2021-01-25T20:24:53+00:00">163</issue>
    <ticket>1</ticket>
    <estimate>5</estimate>
    <role>DEV</role>
    <id>1-8c1bfc13</id>
    <lines>52-52</lines>
    <body>...</body>
    <file>...</file>
    <author>...</author>
    <email>...</email>
    <time>2021-01-07T10:27:05Z</time>
    <children/>
  </puzzle>
  <puzzle alive="false">
    <issue href="https://github.com/shiruka/shiruka/issues/164" closed="2021-01-25T20:24:58+00:00">164</issue>
    <ticket>1</ticket>
    <estimate>5</estimate>
    <role>DEV</role>
    <id>1-f8af68fb</id>
    <lines>31-31</lines>
    <body>...</body>
    <file>...</file>
    <author>...</author>
    <email>...</email>
    <time>2021-01-07T10:27:05Z</time>
    <children/>
  </puzzle>
  <puzzle alive="false">
    <issue href="https://github.com/shiruka/shiruka/issues/167" closed="2021-01-14T20:29:13+00:00">167</issue>
    <ticket>1</ticket>
    <estimate>60</estimate>
    <role>DEV</role>
    <id>1-cee84fb6</id>
    <lines>37-37</lines>
    <body>...</body>
    <file>...</file>
    <author>...</author>
    <email>...</email>
    <time>2021-01-07T17:16:06Z</time>
    <children/>
  </puzzle>
  <puzzle alive="false">
    <issue href="https://github.com/shiruka/shiruka/issues/168" closed="2021-01-14T20:29:18+00:00">168</issue>
    <ticket>1</ticket>
    <estimate>60</estimate>
    <role>DEV</role>
    <id>1-4eb7b07a</id>
    <lines>57-57</lines>
    <body>...</body>
    <file>...</file>
    <author>...</author>
    <email>...</email>
    <time>2021-01-07T17:16:06Z</time>
    <children/>
  </puzzle>
  <puzzle alive="false">
    <issue href="https://github.com/shiruka/shiruka/issues/169" closed="2021-02-01T15:12:07+00:00">169</issue>
    <ticket>1</ticket>
    <estimate>60</estimate>
    <role>DEV</role>
    <id>1-6867e7c1</id>
    <lines>38-38</lines>
    <body>...</body>
    <file>...</file>
    <author>...</author>
    <email>...</email>
    <time>2021-01-07T17:16:06Z</time>
    <children/>
  </puzzle>
  <puzzle alive="false">
    <issue href="https://github.com/shiruka/shiruka/issues/171" closed="2021-01-30T20:03:37+00:00">171</issue>
    <ticket>1</ticket>
    <estimate>15</estimate>
    <role>DEV</role>
    <id>1-a61c5e9a</id>
    <lines>201-201</lines>
    <body>...</body>
    <file>...</file>
    <author>...</author>
    <email>...</email>
    <time>2021-01-07T17:27:55Z</time>
    <children/>
  </puzzle>
  <puzzle alive="false">
    <issue href="https://github.com/shiruka/shiruka/issues/172" closed="2021-01-14T20:29:23+00:00">172</issue>
    <ticket>1</ticket>
    <estimate>60</estimate>
    <role>DEV</role>
    <id>1-83e36b0e</id>
    <lines>45-45</lines>
    <body>...</body>
    <file>...</file>
    <author>...</author>
    <email>...</email>
    <time>2021-01-07T17:16:06Z</time>
    <children/>
  </puzzle>
  <puzzle alive="false">
    <issue href="https://github.com/shiruka/shiruka/issues/173" closed="2021-01-14T20:29:28+00:00">173</issue>
    <ticket>1</ticket>
    <estimate>30</estimate>
    <role>DEV</role>
    <id>1-c7825e54</id>
    <lines>200-200</lines>
    <body>...</body>
    <file>...</file>
    <author>...</author>
    <email>...</email>
    <time>2021-01-07T17:16:06Z</time>
    <children/>
  </puzzle>
  <puzzle alive="false">
    <issue href="https://github.com/shiruka/shiruka/issues/175" closed="2021-01-21T01:48:43+00:00">175</issue>
    <ticket>1</ticket>
    <estimate>60</estimate>
    <role>DEV</role>
    <id>1-2f7840b3</id>
    <lines>128-128</lines>
    <body>...</body>
    <file>...</file>
    <author>...</author>
    <email>...</email>
    <time>2021-01-07T17:41:17Z</time>
    <children/>
  </puzzle>
  <puzzle alive="false">
    <issue href="https://github.com/shiruka/shiruka/issues/187" closed="2021-02-01T15:12:13+00:00">187</issue>
    <ticket>1</ticket>
    <estimate>60</estimate>
    <role>DEV</role>
    <id>1-af2faa07</id>
    <lines>53-53</lines>
    <body>...</body>
    <file>...</file>
    <author>...</author>
    <email>...</email>
    <time>2021-01-14T20:17:03Z</time>
    <children/>
  </puzzle>
  <puzzle alive="false">
    <issue href="https://github.com/shiruka/shiruka/issues/214" closed="2021-01-26T14:05:50+00:00">214</issue>
    <ticket>1</ticket>
    <estimate>15</estimate>
    <role>DEV</role>
    <id>1-4b98a131</id>
    <lines>85-85</lines>
    <body>...</body>
    <file>...</file>
    <author>...</author>
    <email>...</email>
    <time>2021-01-21T01:29:52Z</time>
    <children/>
  </puzzle>
  <puzzle alive="false">
    <issue href="https://github.com/shiruka/shiruka/issues/215" closed="2021-01-26T14:05:55+00:00">215</issue>
    <ticket>1</ticket>
    <estimate>15</estimate>
    <role>DEV</role>
    <id>1-0443424b</id>
    <lines>100-100</lines>
    <body>...</body>
    <file>...</file>
    <author>...</author>
    <email>...</email>
    <time>2021-01-21T01:29:52Z</time>
    <children/>
  </puzzle>
  <puzzle alive="false">
    <issue href="https://github.com/shiruka/shiruka/issues/216" closed="2021-01-26T14:06:00+00:00">216</issue>
    <ticket>1</ticket>
    <estimate>15</estimate>
    <role>DEV</role>
    <id>1-dd95b383</id>
    <lines>107-107</lines>
    <body>...</body>
    <file>...</file>
    <author>...</author>
    <email>...</email>
    <time>2021-01-21T01:29:52Z</time>
    <children/>
  </puzzle>
  <puzzle alive="false">
    <issue href="https://github.com/shiruka/shiruka/issues/217" closed="2021-01-26T14:06:05+00:00">217</issue>
    <ticket>1</ticket>
    <estimate>15</estimate>
    <role>DEV</role>
    <id>1-e3b83575</id>
    <lines>114-114</lines>
    <body>...</body>
    <file>...</file>
    <author>...</author>
    <email>...</email>
    <time>2021-01-21T01:29:52Z</time>
    <children/>
  </puzzle>
  <puzzle alive="false">
    <issue href="https://github.com/shiruka/shiruka/issues/218" closed="2021-01-26T14:06:10+00:00">218</issue>
    <ticket>1</ticket>
    <estimate>15</estimate>
    <role>DEV</role>
    <id>1-20363e9f</id>
    <lines>124-124</lines>
    <body>...</body>
    <file>...</file>
    <author>...</author>
    <email>...</email>
    <time>2021-01-21T01:29:52Z</time>
    <children/>
  </puzzle>
  <puzzle alive="false">
    <issue href="https://github.com/shiruka/shiruka/issues/219" closed="2021-01-26T14:06:16+00:00">219</issue>
    <ticket>1</ticket>
    <estimate>15</estimate>
    <role>DEV</role>
    <id>1-b9d21b9a</id>
    <lines>135-135</lines>
    <body>...</body>
    <file>...</file>
    <author>...</author>
    <email>...</email>
    <time>2021-01-21T01:29:52Z</time>
    <children/>
  </puzzle>
  <puzzle alive="false">
    <issue href="https://github.com/shiruka/shiruka/issues/220" closed="2021-01-26T14:06:20+00:00">220</issue>
    <ticket>1</ticket>
    <estimate>15</estimate>
    <role>DEV</role>
    <id>1-76e24fe1</id>
    <lines>145-145</lines>
    <body>...</body>
    <file>...</file>
    <author>...</author>
    <email>...</email>
    <time>2021-01-21T01:29:52Z</time>
    <children/>
  </puzzle>
  <puzzle alive="false">
    <issue href="https://github.com/shiruka/shiruka/issues/221" closed="2021-01-26T14:06:25+00:00">221</issue>
    <ticket>1</ticket>
    <estimate>15</estimate>
    <role>DEV</role>
    <id>1-7808082a</id>
    <lines>149-149</lines>
    <body>...</body>
    <file>...</file>
    <author>...</author>
    <email>...</email>
    <time>2021-01-21T01:29:52Z</time>
    <children/>
  </puzzle>
  <puzzle alive="false">
    <issue href="https://github.com/shiruka/shiruka/issues/222" closed="2021-01-31T14:29:39+00:00">222</issue>
    <ticket>1</ticket>
    <estimate>60</estimate>
    <role>DEV</role>
    <id>1-d18d13ed</id>
    <lines>74-74</lines>
    <body>...</body>
    <file>...</file>
    <author>...</author>
    <email>...</email>
    <time>2021-01-21T01:45:40Z</time>
    <children/>
  </puzzle>
  <puzzle alive="false">
    <issue href="https://github.com/shiruka/shiruka/issues/223" closed="2021-01-31T14:29:43+00:00">223</issue>
    <ticket>1</ticket>
    <estimate>15</estimate>
    <role>DEV</role>
    <id>1-930dc3cf</id>
    <lines>36-36</lines>
    <body>...</body>
    <file>...</file>
    <author>...</author>
    <email>...</email>
    <time>2021-01-21T01:47:20Z</time>
    <children/>
  </puzzle>
  <puzzle alive="false">
    <issue href="https://github.com/shiruka/shiruka/issues/224" closed="2021-01-31T14:29:47+00:00">224</issue>
    <ticket>1</ticket>
    <estimate>60</estimate>
    <role>DEV</role>
    <id>1-39bd234d</id>
    <lines>106-106</lines>
    <body>...</body>
    <file>...</file>
    <author>...</author>
    <email>...</email>
    <time>2021-01-21T01:29:52Z</time>
    <children/>
  </puzzle>
  <puzzle alive="false">
    <issue href="https://github.com/shiruka/shiruka/issues/233" closed="2021-04-20T13:12:33+00:00">233</issue>
    <ticket>1</ticket>
    <estimate>15</estimate>
    <role>DEV</role>
    <id>1-7a7d3b53</id>
    <lines>84-84</lines>
    <body>...</body>
    <file>...</file>
    <author>...</author>
    <email>...</email>
    <time>2021-01-25T20:24:29Z</time>
    <children/>
  </puzzle>
  <puzzle alive="false">
    <issue href="https://github.com/shiruka/shiruka/issues/246" closed="2021-02-01T15:12:17+00:00">246</issue>
    <ticket>1</ticket>
    <estimate>5</estimate>
    <role>DEV</role>
    <id>1-a7a6a0b8</id>
    <lines>88-88</lines>
    <body>...</body>
    <file>...</file>
    <author>...</author>
    <email>...</email>
    <time>2021-01-30T18:40:44Z</time>
    <children/>
  </puzzle>
  <puzzle alive="false">
    <issue href="https://github.com/shiruka/shiruka/issues/247" closed="2021-02-01T15:12:22+00:00">247</issue>
    <ticket>1</ticket>
    <estimate>5</estimate>
    <role>DEV</role>
    <id>1-75b7e788</id>
    <lines>101-101</lines>
    <body>...</body>
    <file>...</file>
    <author>...</author>
    <email>...</email>
    <time>2021-01-30T18:40:44Z</time>
    <children/>
  </puzzle>
  <puzzle alive="false">
    <issue href="https://github.com/shiruka/shiruka/issues/256" closed="2021-02-26T15:48:25+00:00">256</issue>
    <ticket>1</ticket>
    <estimate>10</estimate>
    <role>DEV</role>
    <id>1-b33edd9d</id>
    <lines>58-58</lines>
    <body>...</body>
    <file>...</file>
    <author>...</author>
    <email>...</email>
    <time>2021-02-01T15:10:28Z</time>
    <children/>
  </puzzle>
  <puzzle alive="false">
    <issue href="https://github.com/shiruka/shiruka/issues/257" closed="2021-04-04T22:34:23+00:00">257</issue>
    <ticket>1</ticket>
    <estimate>10</estimate>
    <role>DEV</role>
    <id>1-c8ce46b7</id>
    <lines>43-43</lines>
    <body>...</body>
    <file>...</file>
    <author>...</author>
    <email>...</email>
    <time>2021-02-01T15:11:45Z</time>
    <children/>
  </puzzle>
  <puzzle alive="false">
    <issue href="https://github.com/shiruka/shiruka/issues/258" closed="2021-04-04T22:34:27+00:00">258</issue>
    <ticket>1</ticket>
    <estimate>10</estimate>
    <role>DEV</role>
    <id>1-15d82a9e</id>
    <lines>49-49</lines>
    <body>...</body>
    <file>...</file>
    <author>...</author>
    <email>...</email>
    <time>2021-02-01T15:11:45Z</time>
    <children/>
  </puzzle>
  <puzzle alive="false">
    <issue href="https://github.com/shiruka/shiruka/issues/259" closed="2021-04-04T22:34:31+00:00">259</issue>
    <ticket>1</ticket>
    <estimate>10</estimate>
    <role>DEV</role>
    <id>1-f97f8271</id>
    <lines>55-55</lines>
    <body>...</body>
    <file>...</file>
    <author>...</author>
    <email>...</email>
    <time>2021-02-01T15:11:45Z</time>
    <children/>
  </puzzle>
  <puzzle alive="false">
    <issue href="https://github.com/shiruka/shiruka/issues/260" closed="2021-08-12T13:34:23+00:00">260</issue>
    <ticket>1</ticket>
    <estimate>10</estimate>
    <role>DEV</role>
    <id>1-45705026</id>
    <lines>42-42</lines>
    <body>...</body>
    <file>...</file>
    <author>...</author>
    <email>...</email>
    <time>2021-02-01T15:11:45Z</time>
    <children/>
  </puzzle>
  <puzzle alive="false">
    <issue href="https://github.com/shiruka/shiruka/issues/261" closed="2021-08-12T13:34:28+00:00">261</issue>
    <ticket>1</ticket>
    <estimate>10</estimate>
    <role>DEV</role>
    <id>1-0d84eb7f</id>
    <lines>48-48</lines>
    <body>...</body>
    <file>...</file>
    <author>...</author>
    <email>...</email>
    <time>2021-02-01T15:11:45Z</time>
    <children/>
  </puzzle>
  <puzzle alive="false">
    <issue href="https://github.com/shiruka/shiruka/issues/262" closed="2021-02-01T16:26:41+00:00">262</issue>
    <ticket>1</ticket>
    <estimate>10</estimate>
    <role>DEV</role>
    <id>1-7f13faae</id>
    <lines>54-54</lines>
    <body>...</body>
    <file>...</file>
    <author>...</author>
    <email>...</email>
    <time>2021-02-01T15:11:45Z</time>
    <children/>
  </puzzle>
  <puzzle alive="false">
    <issue href="https://github.com/shiruka/shiruka/issues/263" closed="2021-08-12T13:34:32+00:00">263</issue>
    <ticket>1</ticket>
    <estimate>10</estimate>
    <role>DEV</role>
    <id>1-d847dfb7</id>
    <lines>60-60</lines>
    <body>...</body>
    <file>...</file>
    <author>...</author>
    <email>...</email>
    <time>2021-02-01T15:11:45Z</time>
    <children/>
  </puzzle>
  <puzzle alive="false">
    <issue href="https://github.com/shiruka/shiruka/issues/264" closed="2021-08-12T13:34:37+00:00">264</issue>
    <ticket>1</ticket>
    <estimate>10</estimate>
    <role>DEV</role>
    <id>1-22b34022</id>
    <lines>66-66</lines>
    <body>...</body>
    <file>...</file>
    <author>...</author>
    <email>...</email>
    <time>2021-02-01T15:11:45Z</time>
    <children/>
  </puzzle>
  <puzzle alive="false">
    <issue href="https://github.com/shiruka/shiruka/issues/265" closed="2021-08-12T13:34:42+00:00">265</issue>
    <ticket>1</ticket>
    <estimate>10</estimate>
    <role>DEV</role>
    <id>1-9627580a</id>
    <lines>72-72</lines>
    <body>...</body>
    <file>...</file>
    <author>...</author>
    <email>...</email>
    <time>2021-02-01T15:11:45Z</time>
    <children/>
  </puzzle>
  <puzzle alive="false">
    <issue href="https://github.com/shiruka/shiruka/issues/266" closed="2021-08-12T13:34:46+00:00">266</issue>
    <ticket>1</ticket>
    <estimate>10</estimate>
    <role>DEV</role>
    <id>1-11c05038</id>
    <lines>77-77</lines>
    <body>...</body>
    <file>...</file>
    <author>...</author>
    <email>...</email>
    <time>2021-02-01T15:11:45Z</time>
    <children/>
  </puzzle>
  <puzzle alive="false">
    <issue href="https://github.com/shiruka/shiruka/issues/267" closed="2021-08-12T13:34:57+00:00">267</issue>
    <ticket>1</ticket>
    <estimate>10</estimate>
    <role>DEV</role>
    <id>1-25162006</id>
    <lines>82-82</lines>
    <body>...</body>
    <file>...</file>
    <author>...</author>
    <email>...</email>
    <time>2021-02-01T15:11:45Z</time>
    <children/>
  </puzzle>
  <puzzle alive="false">
    <issue href="https://github.com/shiruka/shiruka/issues/268" closed="2021-08-12T13:35:02+00:00">268</issue>
    <ticket>1</ticket>
    <estimate>10</estimate>
    <role>DEV</role>
    <id>1-1c609db1</id>
    <lines>87-87</lines>
    <body>...</body>
    <file>...</file>
    <author>...</author>
    <email>...</email>
    <time>2021-02-01T15:11:45Z</time>
    <children/>
  </puzzle>
  <puzzle alive="false">
    <issue href="https://github.com/shiruka/shiruka/issues/269" closed="2021-02-01T16:26:46+00:00">269</issue>
    <ticket>1</ticket>
    <estimate>10</estimate>
    <role>DEV</role>
    <id>1-98c280ea</id>
    <lines>92-92</lines>
    <body>...</body>
    <file>...</file>
    <author>...</author>
    <email>...</email>
    <time>2021-02-01T15:11:45Z</time>
    <children/>
  </puzzle>
  <puzzle alive="false">
    <issue href="https://github.com/shiruka/shiruka/issues/270" closed="2021-08-12T13:35:07+00:00">270</issue>
    <ticket>1</ticket>
    <estimate>10</estimate>
    <role>DEV</role>
    <id>1-606345a8</id>
    <lines>97-97</lines>
    <body>...</body>
    <file>...</file>
    <author>...</author>
    <email>...</email>
    <time>2021-02-01T15:11:45Z</time>
    <children/>
  </puzzle>
  <puzzle alive="false">
    <issue href="https://github.com/shiruka/shiruka/issues/271" closed="2021-02-01T16:26:50+00:00">271</issue>
    <ticket>1</ticket>
    <estimate>10</estimate>
    <role>DEV</role>
    <id>1-a7d27e56</id>
    <lines>102-102</lines>
    <body>...</body>
    <file>...</file>
    <author>...</author>
    <email>...</email>
    <time>2021-02-01T15:11:45Z</time>
    <children/>
  </puzzle>
  <puzzle alive="false">
    <issue href="https://github.com/shiruka/shiruka/issues/272" closed="2021-02-01T16:26:55+00:00">272</issue>
    <ticket>1</ticket>
    <estimate>10</estimate>
    <role>DEV</role>
    <id>1-0f7c4e7b</id>
    <lines>107-107</lines>
    <body>...</body>
    <file>...</file>
    <author>...</author>
    <email>...</email>
    <time>2021-02-01T15:11:45Z</time>
    <children/>
  </puzzle>
  <puzzle alive="false">
    <issue href="https://github.com/shiruka/shiruka/issues/273" closed="2021-08-12T13:35:12+00:00">273</issue>
    <ticket>1</ticket>
    <estimate>10</estimate>
    <role>DEV</role>
    <id>1-923e7c68</id>
    <lines>67-67</lines>
    <body>...</body>
    <file>...</file>
    <author>...</author>
    <email>...</email>
    <time>2021-02-01T15:11:45Z</time>
    <children/>
  </puzzle>
  <puzzle alive="false">
    <issue href="https://github.com/shiruka/shiruka/issues/274" closed="2021-08-12T13:35:17+00:00">274</issue>
    <ticket>1</ticket>
    <estimate>10</estimate>
    <role>DEV</role>
    <id>1-952969b8</id>
    <lines>73-73</lines>
    <body>...</body>
    <file>...</file>
    <author>...</author>
    <email>...</email>
    <time>2021-02-01T15:11:45Z</time>
    <children/>
  </puzzle>
  <puzzle alive="false">
    <issue href="https://github.com/shiruka/shiruka/issues/275" closed="2021-08-12T13:35:21+00:00">275</issue>
    <ticket>1</ticket>
    <estimate>10</estimate>
    <role>DEV</role>
    <id>1-0d951462</id>
    <lines>79-79</lines>
    <body>...</body>
    <file>...</file>
    <author>...</author>
    <email>...</email>
    <time>2021-02-01T15:11:45Z</time>
    <children/>
  </puzzle>
  <puzzle alive="false">
    <issue href="https://github.com/shiruka/shiruka/issues/276" closed="2021-08-12T13:35:26+00:00">276</issue>
    <ticket>1</ticket>
    <estimate>10</estimate>
    <role>DEV</role>
    <id>1-811a8033</id>
    <lines>85-85</lines>
    <body>...</body>
    <file>...</file>
    <author>...</author>
    <email>...</email>
    <time>2021-02-01T15:11:45Z</time>
    <children/>
  </puzzle>
  <puzzle alive="false">
    <issue href="https://github.com/shiruka/shiruka/issues/277" closed="2021-08-12T13:35:30+00:00">277</issue>
    <ticket>1</ticket>
    <estimate>10</estimate>
    <role>DEV</role>
    <id>1-dc58bd9c</id>
    <lines>91-91</lines>
    <body>...</body>
    <file>...</file>
    <author>...</author>
    <email>...</email>
    <time>2021-02-01T15:11:45Z</time>
    <children/>
  </puzzle>
  <puzzle alive="false">
    <issue href="https://github.com/shiruka/shiruka/issues/278" closed="2021-08-12T13:35:35+00:00">278</issue>
    <ticket>1</ticket>
    <estimate>10</estimate>
    <role>DEV</role>
    <id>1-6df509b8</id>
    <lines>106-106</lines>
    <body>...</body>
    <file>...</file>
    <author>...</author>
    <email>...</email>
    <time>2021-02-01T15:11:45Z</time>
    <children/>
  </puzzle>
  <puzzle alive="false">
    <issue href="https://github.com/shiruka/shiruka/issues/279" closed="2021-08-12T13:35:40+00:00">279</issue>
    <ticket>1</ticket>
    <estimate>10</estimate>
    <role>DEV</role>
    <id>1-cc32cd08</id>
    <lines>111-111</lines>
    <body>...</body>
    <file>...</file>
    <author>...</author>
    <email>...</email>
    <time>2021-02-01T15:11:45Z</time>
    <children/>
  </puzzle>
  <puzzle alive="false">
    <issue href="https://github.com/shiruka/shiruka/issues/280" closed="2021-08-12T13:35:45+00:00">280</issue>
    <ticket>1</ticket>
    <estimate>10</estimate>
    <role>DEV</role>
    <id>1-3b5d6dc2</id>
    <lines>116-116</lines>
    <body>...</body>
    <file>...</file>
    <author>...</author>
    <email>...</email>
    <time>2021-02-01T15:11:45Z</time>
    <children/>
  </puzzle>
  <puzzle alive="false">
    <issue href="https://github.com/shiruka/shiruka/issues/281" closed="2021-08-12T13:35:49+00:00">281</issue>
    <ticket>1</ticket>
    <estimate>10</estimate>
    <role>DEV</role>
    <id>1-f8ef72ff</id>
    <lines>121-121</lines>
    <body>...</body>
    <file>...</file>
    <author>...</author>
    <email>...</email>
    <time>2021-02-01T15:11:45Z</time>
    <children/>
  </puzzle>
  <puzzle alive="false">
    <issue href="https://github.com/shiruka/shiruka/issues/282" closed="2021-08-12T13:35:54+00:00">282</issue>
    <ticket>1</ticket>
    <estimate>10</estimate>
    <role>DEV</role>
    <id>1-19160c02</id>
    <lines>97-97</lines>
    <body>...</body>
    <file>...</file>
    <author>...</author>
    <email>...</email>
    <time>2021-02-01T15:11:45Z</time>
    <children/>
  </puzzle>
  <puzzle alive="false">
    <issue href="https://github.com/shiruka/shiruka/issues/283" closed="2021-08-12T13:35:59+00:00">283</issue>
    <ticket>1</ticket>
    <estimate>10</estimate>
    <role>DEV</role>
    <id>1-85910e67</id>
    <lines>103-103</lines>
    <body>...</body>
    <file>...</file>
    <author>...</author>
    <email>...</email>
    <time>2021-02-01T15:11:45Z</time>
    <children/>
  </puzzle>
  <puzzle alive="false">
    <issue href="https://github.com/shiruka/shiruka/issues/284" closed="2021-08-12T13:36:03+00:00">284</issue>
    <ticket>1</ticket>
    <estimate>10</estimate>
    <role>DEV</role>
    <id>1-f5c8a800</id>
    <lines>108-108</lines>
    <body>...</body>
    <file>...</file>
    <author>...</author>
    <email>...</email>
    <time>2021-02-01T15:11:45Z</time>
    <children/>
  </puzzle>
  <puzzle alive="false">
    <issue href="https://github.com/shiruka/shiruka/issues/285" closed="2021-08-12T13:36:08+00:00">285</issue>
    <ticket>1</ticket>
    <estimate>10</estimate>
    <role>DEV</role>
    <id>1-b3acfbf1</id>
    <lines>88-88</lines>
    <body>...</body>
    <file>...</file>
    <author>...</author>
    <email>...</email>
    <time>2021-02-01T15:11:45Z</time>
    <children/>
  </puzzle>
  <puzzle alive="false">
    <issue href="https://github.com/shiruka/shiruka/issues/286" closed="2021-02-17T16:42:45+00:00">286</issue>
    <ticket>1</ticket>
    <estimate>10</estimate>
    <role>DEV</role>
    <id>1-73e288ed</id>
    <lines>100-100</lines>
    <body>...</body>
    <file>...</file>
    <author>...</author>
    <email>...</email>
    <time>2021-02-01T15:11:45Z</time>
    <children/>
  </puzzle>
  <puzzle alive="false">
    <issue href="https://github.com/shiruka/shiruka/issues/287" closed="2021-08-12T13:36:12+00:00">287</issue>
    <ticket>1</ticket>
    <estimate>10</estimate>
    <role>DEV</role>
    <id>1-c63e08a4</id>
    <lines>226-226</lines>
    <body>...</body>
    <file>...</file>
    <author>...</author>
    <email>...</email>
    <time>2021-02-01T15:11:45Z</time>
    <children/>
  </puzzle>
  <puzzle alive="false">
    <issue href="https://github.com/shiruka/shiruka/issues/288" closed="2021-08-12T13:36:17+00:00">288</issue>
    <ticket>1</ticket>
    <estimate>10</estimate>
    <role>DEV</role>
    <id>1-4ed1af08</id>
    <lines>231-231</lines>
    <body>...</body>
    <file>...</file>
    <author>...</author>
    <email>...</email>
    <time>2021-02-01T15:11:45Z</time>
    <children/>
  </puzzle>
  <puzzle alive="false">
    <issue href="https://github.com/shiruka/shiruka/issues/289" closed="2021-08-12T13:36:22+00:00">289</issue>
    <ticket>1</ticket>
    <estimate>10</estimate>
    <role>DEV</role>
    <id>1-02c20c12</id>
    <lines>236-236</lines>
    <body>...</body>
    <file>...</file>
    <author>...</author>
    <email>...</email>
    <time>2021-02-01T15:11:45Z</time>
    <children/>
  </puzzle>
  <puzzle alive="false">
    <issue href="https://github.com/shiruka/shiruka/issues/290" closed="2021-08-12T13:36:27+00:00">290</issue>
    <ticket>1</ticket>
    <estimate>10</estimate>
    <role>DEV</role>
    <id>1-d0caf609</id>
    <lines>241-241</lines>
    <body>...</body>
    <file>...</file>
    <author>...</author>
    <email>...</email>
    <time>2021-02-01T15:11:45Z</time>
    <children/>
  </puzzle>
  <puzzle alive="false">
    <issue href="https://github.com/shiruka/shiruka/issues/291" closed="2021-08-12T13:36:32+00:00">291</issue>
    <ticket>1</ticket>
    <estimate>10</estimate>
    <role>DEV</role>
    <id>1-9b6ff894</id>
    <lines>247-247</lines>
    <body>...</body>
    <file>...</file>
    <author>...</author>
    <email>...</email>
    <time>2021-02-01T15:11:45Z</time>
    <children/>
  </puzzle>
  <puzzle alive="false">
    <issue href="https://github.com/shiruka/shiruka/issues/292" closed="2021-08-12T13:36:37+00:00">292</issue>
    <ticket>1</ticket>
    <estimate>10</estimate>
    <role>DEV</role>
    <id>1-c5ea7e68</id>
    <lines>252-252</lines>
    <body>...</body>
    <file>...</file>
    <author>...</author>
    <email>...</email>
    <time>2021-02-01T15:11:45Z</time>
    <children/>
  </puzzle>
  <puzzle alive="false">
    <issue href="https://github.com/shiruka/shiruka/issues/293" closed="2021-02-05T20:45:27+00:00">293</issue>
    <ticket>1</ticket>
    <estimate>10</estimate>
    <role>DEV</role>
    <id>1-ec62f5a9</id>
    <lines>257-257</lines>
    <body>...</body>
    <file>...</file>
    <author>...</author>
    <email>...</email>
    <time>2021-02-01T15:11:45Z</time>
    <children/>
  </puzzle>
  <puzzle alive="false">
    <issue href="https://github.com/shiruka/shiruka/issues/294" closed="2021-08-12T13:36:41+00:00">294</issue>
    <ticket>1</ticket>
    <estimate>10</estimate>
    <role>DEV</role>
    <id>1-d039a763</id>
    <lines>262-262</lines>
    <body>...</body>
    <file>...</file>
    <author>...</author>
    <email>...</email>
    <time>2021-02-01T15:11:45Z</time>
    <children/>
  </puzzle>
  <puzzle alive="false">
    <issue href="https://github.com/shiruka/shiruka/issues/295" closed="2021-02-05T20:45:32+00:00">295</issue>
    <ticket>1</ticket>
    <estimate>10</estimate>
    <role>DEV</role>
    <id>1-02b0c806</id>
    <lines>267-267</lines>
    <body>...</body>
    <file>...</file>
    <author>...</author>
    <email>...</email>
    <time>2021-02-01T15:11:45Z</time>
    <children/>
  </puzzle>
  <puzzle alive="false">
    <issue href="https://github.com/shiruka/shiruka/issues/296" closed="2021-08-12T13:36:46+00:00">296</issue>
    <ticket>1</ticket>
    <estimate>10</estimate>
    <role>DEV</role>
    <id>1-19ff7f8d</id>
    <lines>272-272</lines>
    <body>...</body>
    <file>...</file>
    <author>...</author>
    <email>...</email>
    <time>2021-02-01T15:11:45Z</time>
    <children/>
  </puzzle>
  <puzzle alive="false">
    <issue href="https://github.com/shiruka/shiruka/issues/297" closed="2021-08-12T13:36:50+00:00">297</issue>
    <ticket>1</ticket>
    <estimate>10</estimate>
    <role>DEV</role>
    <id>1-e70887ec</id>
    <lines>76-76</lines>
    <body>...</body>
    <file>...</file>
    <author>...</author>
    <email>...</email>
    <time>2021-02-01T15:11:45Z</time>
    <children/>
  </puzzle>
  <puzzle alive="false">
    <issue href="https://github.com/shiruka/shiruka/issues/298" closed="2021-08-12T13:36:55+00:00">298</issue>
    <ticket>1</ticket>
    <estimate>10</estimate>
    <role>DEV</role>
    <id>1-3c91987c</id>
    <lines>114-114</lines>
    <body>...</body>
    <file>...</file>
    <author>...</author>
    <email>...</email>
    <time>2021-02-01T15:11:45Z</time>
    <children/>
  </puzzle>
  <puzzle alive="false">
    <issue href="https://github.com/shiruka/shiruka/issues/299" closed="2021-08-12T13:37:00+00:00">299</issue>
    <ticket>1</ticket>
    <estimate>10</estimate>
    <role>DEV</role>
    <id>1-009cc887</id>
    <lines>119-119</lines>
    <body>...</body>
    <file>...</file>
    <author>...</author>
    <email>...</email>
    <time>2021-02-01T15:11:45Z</time>
    <children/>
  </puzzle>
  <puzzle alive="false">
    <issue href="https://github.com/shiruka/shiruka/issues/300" closed="2021-08-12T13:37:05+00:00">300</issue>
    <ticket>1</ticket>
    <estimate>10</estimate>
    <role>DEV</role>
    <id>1-9b568330</id>
    <lines>124-124</lines>
    <body>...</body>
    <file>...</file>
    <author>...</author>
    <email>...</email>
    <time>2021-02-01T15:11:45Z</time>
    <children/>
  </puzzle>
  <puzzle alive="false">
    <issue href="https://github.com/shiruka/shiruka/issues/301" closed="2021-08-12T13:37:10+00:00">301</issue>
    <ticket>1</ticket>
    <estimate>10</estimate>
    <role>DEV</role>
    <id>1-efb8dbb0</id>
    <lines>129-129</lines>
    <body>...</body>
    <file>...</file>
    <author>...</author>
    <email>...</email>
    <time>2021-02-01T15:11:45Z</time>
    <children/>
  </puzzle>
  <puzzle alive="false">
    <issue href="https://github.com/shiruka/shiruka/issues/302" closed="2021-08-12T13:37:14+00:00">302</issue>
    <ticket>1</ticket>
    <estimate>10</estimate>
    <role>DEV</role>
    <id>1-f617c99a</id>
    <lines>134-134</lines>
    <body>...</body>
    <file>...</file>
    <author>...</author>
    <email>...</email>
    <time>2021-02-01T15:11:45Z</time>
    <children/>
  </puzzle>
  <puzzle alive="false">
    <issue href="https://github.com/shiruka/shiruka/issues/303" closed="2021-08-12T13:37:19+00:00">303</issue>
    <ticket>1</ticket>
    <estimate>10</estimate>
    <role>DEV</role>
    <id>1-9e8921c4</id>
    <lines>140-140</lines>
    <body>...</body>
    <file>...</file>
    <author>...</author>
    <email>...</email>
    <time>2021-02-01T15:11:45Z</time>
    <children/>
  </puzzle>
  <puzzle alive="false">
    <issue href="https://github.com/shiruka/shiruka/issues/304" closed="2021-08-12T13:37:24+00:00">304</issue>
    <ticket>1</ticket>
    <estimate>10</estimate>
    <role>DEV</role>
    <id>1-dac8423c</id>
    <lines>145-145</lines>
    <body>...</body>
    <file>...</file>
    <author>...</author>
    <email>...</email>
    <time>2021-02-01T15:11:45Z</time>
    <children/>
  </puzzle>
  <puzzle alive="false">
    <issue href="https://github.com/shiruka/shiruka/issues/305" closed="2021-02-07T13:30:48+00:00">305</issue>
    <ticket>1</ticket>
    <estimate>15</estimate>
    <role>DEV</role>
    <id>1-6bae1c85</id>
    <lines>176-176</lines>
    <body>...</body>
    <file>...</file>
    <author>...</author>
    <email>...</email>
    <time>2021-02-01T15:06:07Z</time>
    <children/>
  </puzzle>
  <puzzle alive="false">
    <issue href="https://github.com/shiruka/shiruka/issues/306" closed="2021-02-03T15:02:51+00:00">306</issue>
    <ticket>1</ticket>
    <estimate>15</estimate>
    <role>DEV</role>
    <id>1-05cfa819</id>
    <lines>177-177</lines>
    <body>...</body>
    <file>...</file>
    <author>...</author>
    <email>...</email>
    <time>2021-02-01T15:06:07Z</time>
    <children/>
  </puzzle>
  <puzzle alive="false">
    <issue href="https://github.com/shiruka/shiruka/issues/317" closed="2021-02-11T12:01:10+00:00">317</issue>
    <ticket>1</ticket>
    <estimate>10</estimate>
    <role>DEV</role>
    <id>1-2be2286c</id>
    <lines>341-341</lines>
    <body>...</body>
    <file>...</file>
    <author>...</author>
    <email>...</email>
    <time>2021-02-05T20:45:11Z</time>
    <children/>
  </puzzle>
  <puzzle alive="false">
    <issue href="https://github.com/shiruka/shiruka/issues/328" closed="2021-08-12T13:37:28+00:00">328</issue>
    <ticket>1</ticket>
    <estimate>5</estimate>
    <role>DEV</role>
    <id>1-196f961e</id>
    <lines>336-336</lines>
    <body>...</body>
    <file>...</file>
    <author>...</author>
    <email>...</email>
    <time>2021-02-07T13:30:33Z</time>
    <children/>
  </puzzle>
  <puzzle alive="false">
    <issue href="https://github.com/shiruka/shiruka/issues/333" closed="2021-08-12T13:37:33+00:00">333</issue>
    <ticket>1</ticket>
    <estimate>15</estimate>
    <role>DEV</role>
    <id>1-64996fb9</id>
    <lines>564-564</lines>
    <body>...</body>
    <file>...</file>
    <author>...</author>
    <email>...</email>
    <time>2021-02-08T15:22:54Z</time>
    <children/>
  </puzzle>
  <puzzle alive="false">
    <issue href="https://github.com/shiruka/shiruka/issues/334" closed="2021-08-12T13:37:37+00:00">334</issue>
    <ticket>1</ticket>
    <estimate>15</estimate>
    <role>DEV</role>
    <id>1-acb667fc</id>
    <lines>566-566</lines>
    <body>...</body>
    <file>...</file>
    <author>...</author>
    <email>...</email>
    <time>2021-02-08T15:22:54Z</time>
    <children/>
  </puzzle>
  <puzzle alive="false">
    <issue href="https://github.com/shiruka/shiruka/issues/335" closed="2021-08-12T13:37:42+00:00">335</issue>
    <ticket>1</ticket>
    <estimate>15</estimate>
    <role>DEV</role>
    <id>1-02908960</id>
    <lines>568-568</lines>
    <body>...</body>
    <file>...</file>
    <author>...</author>
    <email>...</email>
    <time>2021-02-08T15:22:54Z</time>
    <children/>
  </puzzle>
  <puzzle alive="false">
    <issue href="https://github.com/shiruka/shiruka/issues/341" closed="2021-02-17T16:42:50+00:00">341</issue>
    <ticket>1</ticket>
    <estimate>10</estimate>
    <role>DEV</role>
    <id>1-b09f5838</id>
    <lines>152-152</lines>
    <body>...</body>
    <file>...</file>
    <author>...</author>
    <email>...</email>
    <time>2021-02-11T12:00:48Z</time>
    <children/>
  </puzzle>
  <puzzle alive="false">
    <issue href="https://github.com/shiruka/shiruka/issues/347" closed="2021-08-12T13:37:47+00:00">347</issue>
    <ticket>1</ticket>
    <estimate>15</estimate>
    <role>DEV</role>
    <id>1-3fc8ef2b</id>
    <lines>135-135</lines>
    <body>...</body>
    <file>...</file>
    <author>...</author>
    <email>...</email>
    <time>2021-02-14T11:51:03Z</time>
    <children/>
  </puzzle>
  <puzzle alive="false">
    <issue href="https://github.com/shiruka/shiruka/issues/351" closed="2021-04-04T22:34:36+00:00">351</issue>
    <ticket>1</ticket>
    <estimate>60</estimate>
    <role>DEV</role>
    <id>1-d3425d00</id>
    <lines>477-477</lines>
    <body>...</body>
    <file>...</file>
    <author>...</author>
    <email>...</email>
    <time>2021-02-14T21:58:37Z</time>
    <children/>
  </puzzle>
  <puzzle alive="false">
    <issue href="https://github.com/shiruka/shiruka/issues/353" closed="2021-08-12T13:37:51+00:00">353</issue>
    <ticket>1</ticket>
    <estimate>10</estimate>
    <role>DEV</role>
    <id>1-753a5ddd</id>
    <lines>127-127</lines>
    <body>...</body>
    <file>...</file>
    <author>...</author>
    <email>...</email>
    <time>2021-02-17T16:42:27Z</time>
    <children/>
  </puzzle>
  <puzzle alive="false">
    <issue href="https://github.com/shiruka/shiruka/issues/363" closed="2021-08-12T13:37:56+00:00">363</issue>
    <ticket>1</ticket>
    <estimate>30</estimate>
    <role>DEV</role>
    <id>1-9ca74a96</id>
    <lines>35-35</lines>
    <body>...</body>
    <file>...</file>
    <author>...</author>
    <email>...</email>
    <time>2021-02-24T12:42:21Z</time>
    <children/>
  </puzzle>
  <puzzle alive="false">
    <issue href="https://github.com/shiruka/shiruka/issues/368" closed="2021-08-12T13:38:01+00:00">368</issue>
    <ticket>1</ticket>
    <estimate>5</estimate>
    <role>DEV</role>
    <id>1-0aea9524</id>
    <lines>72-72</lines>
    <body>...</body>
    <file>...</file>
    <author>...</author>
    <email>...</email>
    <time>2021-02-26T15:48:09Z</time>
    <children/>
  </puzzle>
  <puzzle alive="false">
    <issue href="https://github.com/shiruka/shiruka/issues/371" closed="2021-08-12T13:38:06+00:00">371</issue>
    <ticket>1</ticket>
    <estimate>15</estimate>
    <role>DEV</role>
    <id>1-316aa918</id>
    <lines>62-62</lines>
    <body>...</body>
    <file>...</file>
    <author>...</author>
    <email>...</email>
    <time>2021-02-26T19:46:49Z</time>
    <children/>
  </puzzle>
  <puzzle alive="false">
    <issue href="https://github.com/shiruka/shiruka/issues/372" closed="2021-08-12T13:38:11+00:00">372</issue>
    <ticket>1</ticket>
    <estimate>5</estimate>
    <role>DEV</role>
    <id>1-57347383</id>
    <lines>112-112</lines>
    <body>...</body>
    <file>...</file>
    <author>...</author>
    <email>...</email>
    <time>2021-02-26T19:46:49Z</time>
    <children/>
  </puzzle>
  <puzzle alive="false">
    <issue href="https://github.com/shiruka/shiruka/issues/377" closed="2021-04-04T22:34:40+00:00">377</issue>
    <ticket>1</ticket>
    <estimate>10</estimate>
    <role>DEV</role>
    <id>1-6540bc6c</id>
    <lines>63-63</lines>
    <body>...</body>
    <file>...</file>
    <author>...</author>
    <email>...</email>
    <time>2021-02-28T11:02:16Z</time>
    <children/>
  </puzzle>
  <puzzle alive="false">
    <issue href="https://github.com/shiruka/shiruka/issues/378" closed="2021-04-04T22:34:45+00:00">378</issue>
    <ticket>1</ticket>
    <estimate>10</estimate>
    <role>DEV</role>
    <id>1-0084568d</id>
    <lines>69-69</lines>
    <body>...</body>
    <file>...</file>
    <author>...</author>
    <email>...</email>
    <time>2021-02-28T11:02:16Z</time>
    <children/>
  </puzzle>
  <puzzle alive="false">
    <issue href="https://github.com/shiruka/shiruka/issues/396" closed="2021-08-12T13:38:15+00:00">396</issue>
    <ticket>1</ticket>
    <estimate>5</estimate>
    <role>DEV</role>
    <id>1-eaf13a61</id>
    <lines>380-380</lines>
    <body>...</body>
    <file>...</file>
    <author>...</author>
    <email>...</email>
    <time>2021-03-14T13:36:27Z</time>
    <children/>
  </puzzle>
  <puzzle alive="false">
    <issue href="https://github.com/shiruka/shiruka/issues/399" closed="2021-08-12T13:38:18+00:00">399</issue>
    <ticket>1</ticket>
    <estimate>60</estimate>
    <role>DEV</role>
    <id>1-33e63994</id>
    <lines>74-74</lines>
    <body>...</body>
    <file>...</file>
    <author>...</author>
    <email>...</email>
    <time>2021-03-15T10:43:11Z</time>
    <children/>
  </puzzle>
  <puzzle alive="false">
    <issue href="https://github.com/shiruka/shiruka/issues/406" closed="2021-08-12T13:38:22+00:00">406</issue>
    <ticket>1</ticket>
    <estimate>5</estimate>
    <role>DEV</role>
    <id>1-c58bd7b2</id>
    <lines>117-117</lines>
    <body>...</body>
    <file>...</file>
    <author>...</author>
    <email>...</email>
    <time>2021-03-19T11:34:56Z</time>
    <children/>
  </puzzle>
  <puzzle alive="false">
    <issue href="https://github.com/shiruka/shiruka/issues/407" closed="2021-08-12T13:38:27+00:00">407</issue>
    <ticket>1</ticket>
    <estimate>5</estimate>
    <role>DEV</role>
    <id>1-22ef1d4f</id>
    <lines>122-122</lines>
    <body>...</body>
    <file>...</file>
    <author>...</author>
    <email>...</email>
    <time>2021-03-19T11:34:56Z</time>
    <children/>
  </puzzle>
  <puzzle alive="false">
    <issue href="https://github.com/shiruka/shiruka/issues/408" closed="2021-08-12T13:38:33+00:00">408</issue>
    <ticket>1</ticket>
    <estimate>5</estimate>
    <role>DEV</role>
    <id>1-68d5464d</id>
    <lines>147-147</lines>
    <body>...</body>
    <file>...</file>
    <author>...</author>
    <email>...</email>
    <time>2021-03-19T11:34:56Z</time>
    <children/>
  </puzzle>
  <puzzle alive="false">
    <issue href="https://github.com/shiruka/shiruka/issues/409" closed="2021-08-12T13:38:38+00:00">409</issue>
    <ticket>1</ticket>
    <estimate>5</estimate>
    <role>DEV</role>
    <id>1-b8f15a00</id>
    <lines>380-380</lines>
    <body>...</body>
    <file>...</file>
    <author>...</author>
    <email>...</email>
    <time>2021-03-19T11:34:56Z</time>
    <children/>
  </puzzle>
  <puzzle alive="false">
    <issue href="https://github.com/shiruka/shiruka/issues/411" closed="2021-08-12T13:38:42+00:00">411</issue>
    <ticket>1</ticket>
    <estimate>60</estimate>
    <role>DEV</role>
    <id>1-eebd4722</id>
    <lines>1-1</lines>
    <body>...</body>
    <file>...</file>
    <author>...</author>
    <email>...</email>
    <time>2021-03-21T12:06:42Z</time>
    <children/>
  </puzzle>
  <puzzle alive="false">
    <issue href="https://github.com/shiruka/shiruka/issues/428" closed="2021-04-20T13:12:37+00:00">428</issue>
    <ticket>1</ticket>
    <estimate>5</estimate>
    <role>DEV</role>
    <id>1-6ad3a521</id>
    <lines>106-106</lines>
    <body>...</body>
    <file>...</file>
    <author>...</author>
    <email>...</email>
    <time>2021-04-04T18:11:49Z</time>
    <children/>
  </puzzle>
  <puzzle alive="false">
    <issue href="https://github.com/shiruka/shiruka/issues/429" closed="2021-04-20T13:12:42+00:00">429</issue>
    <ticket>1</ticket>
    <estimate>5</estimate>
    <role>DEV</role>
    <id>1-a90006cb</id>
    <lines>174-174</lines>
    <body>...</body>
    <file>...</file>
    <author>...</author>
    <email>...</email>
    <time>2021-04-04T18:11:49Z</time>
    <children/>
  </puzzle>
  <puzzle alive="false">
    <issue href="https://github.com/shiruka/shiruka/issues/430" closed="2021-04-20T13:12:46+00:00">430</issue>
    <ticket>1</ticket>
    <estimate>5</estimate>
    <role>DEV</role>
    <id>1-6f654134</id>
    <lines>187-187</lines>
    <body>...</body>
    <file>...</file>
    <author>...</author>
    <email>...</email>
    <time>2021-04-04T18:11:49Z</time>
    <children/>
  </puzzle>
  <puzzle alive="false">
    <issue href="https://github.com/shiruka/shiruka/issues/431" closed="2021-08-12T13:38:47+00:00">431</issue>
    <ticket>1</ticket>
    <estimate>5</estimate>
    <role>DEV</role>
    <id>1-8bae0c9f</id>
    <lines>204-204</lines>
    <body>...</body>
    <file>...</file>
    <author>...</author>
    <email>...</email>
    <time>2021-04-04T18:11:49Z</time>
    <children/>
  </puzzle>
  <puzzle alive="false">
    <issue href="https://github.com/shiruka/shiruka/issues/432" closed="2021-08-12T13:38:52+00:00">432</issue>
    <ticket>1</ticket>
    <estimate>5</estimate>
    <role>DEV</role>
    <id>1-99c97473</id>
    <lines>216-216</lines>
    <body>...</body>
    <file>...</file>
    <author>...</author>
    <email>...</email>
    <time>2021-04-04T18:11:49Z</time>
    <children/>
  </puzzle>
  <puzzle alive="false">
    <issue href="https://github.com/shiruka/shiruka/issues/433" closed="2021-08-12T13:38:56+00:00">433</issue>
    <ticket>1</ticket>
    <estimate>5</estimate>
    <role>DEV</role>
    <id>1-20a655f5</id>
    <lines>44-44</lines>
    <body>...</body>
    <file>...</file>
    <author>...</author>
    <email>...</email>
    <time>2021-04-04T18:11:49Z</time>
    <children/>
  </puzzle>
  <puzzle alive="false">
    <issue href="https://github.com/shiruka/shiruka/issues/434" closed="2021-08-12T13:39:00+00:00">434</issue>
    <ticket>1</ticket>
    <estimate>5</estimate>
    <role>DEV</role>
    <id>1-48bf090e</id>
    <lines>51-51</lines>
    <body>...</body>
    <file>...</file>
    <author>...</author>
    <email>...</email>
    <time>2021-04-04T18:11:49Z</time>
    <children/>
  </puzzle>
  <puzzle alive="false">
    <issue href="https://github.com/shiruka/shiruka/issues/435" closed="2021-08-12T13:39:06+00:00">435</issue>
    <ticket>1</ticket>
    <estimate>5</estimate>
    <role>DEV</role>
    <id>1-8e9def92</id>
    <lines>58-58</lines>
    <body>...</body>
    <file>...</file>
    <author>...</author>
    <email>...</email>
    <time>2021-04-04T18:11:49Z</time>
    <children/>
  </puzzle>
  <puzzle alive="false">
    <issue href="https://github.com/shiruka/shiruka/issues/436" closed="2021-08-12T13:39:10+00:00">436</issue>
    <ticket>1</ticket>
    <estimate>5</estimate>
    <role>DEV</role>
    <id>1-195068ca</id>
    <lines>181-181</lines>
    <body>...</body>
    <file>...</file>
    <author>...</author>
    <email>...</email>
    <time>2021-04-04T18:11:49Z</time>
    <children/>
  </puzzle>
  <puzzle alive="false">
    <issue href="https://github.com/shiruka/shiruka/issues/437" closed="2021-04-20T13:12:51+00:00">437</issue>
    <ticket>1</ticket>
    <estimate>5</estimate>
    <role>DEV</role>
    <id>1-22048643</id>
    <lines>67-67</lines>
    <body>...</body>
    <file>...</file>
    <author>...</author>
    <email>...</email>
    <time>2021-04-04T18:11:49Z</time>
    <children/>
  </puzzle>
  <puzzle alive="false">
    <issue href="https://github.com/shiruka/shiruka/issues/438" closed="2021-04-20T13:12:56+00:00">438</issue>
    <ticket>1</ticket>
    <estimate>5</estimate>
    <role>DEV</role>
    <id>1-f8107340</id>
    <lines>102-102</lines>
    <body>...</body>
    <file>...</file>
    <author>...</author>
    <email>...</email>
    <time>2021-04-04T18:11:49Z</time>
    <children/>
  </puzzle>
  <puzzle alive="false">
    <issue href="https://github.com/shiruka/shiruka/issues/439" closed="2021-08-12T13:39:16+00:00">439</issue>
    <ticket>1</ticket>
    <estimate>5</estimate>
    <role>DEV</role>
    <id>1-34b448ae</id>
    <lines>301-301</lines>
    <body>...</body>
    <file>...</file>
    <author>...</author>
    <email>...</email>
    <time>2021-04-04T18:11:49Z</time>
    <children/>
  </puzzle>
  <puzzle alive="false">
    <issue href="https://github.com/shiruka/shiruka/issues/446" closed="2021-04-20T13:13:00+00:00">446</issue>
    <ticket>1</ticket>
    <estimate>5</estimate>
    <role>DEV</role>
    <id>1-a5e2804c</id>
    <lines>79-79</lines>
    <body>...</body>
    <file>...</file>
    <author>...</author>
    <email>...</email>
    <time>2021-04-05T11:07:46Z</time>
    <children/>
  </puzzle>
  <puzzle alive="false">
    <issue href="https://github.com/shiruka/shiruka/issues/447" closed="2021-04-20T13:13:05+00:00">447</issue>
    <ticket>1</ticket>
    <estimate>5</estimate>
    <role>DEV</role>
    <id>1-e107e8f1</id>
    <lines>104-104</lines>
    <body>...</body>
    <file>...</file>
    <author>...</author>
    <email>...</email>
    <time>2021-04-05T11:07:46Z</time>
    <children/>
  </puzzle>
  <puzzle alive="false">
    <issue href="https://github.com/shiruka/shiruka/issues/448" closed="2021-04-20T13:13:09+00:00">448</issue>
    <ticket>1</ticket>
    <estimate>5</estimate>
    <role>DEV</role>
    <id>1-abc2e295</id>
    <lines>121-121</lines>
    <body>...</body>
    <file>...</file>
    <author>...</author>
    <email>...</email>
    <time>2021-04-05T11:07:46Z</time>
    <children/>
  </puzzle>
  <puzzle alive="false">
    <issue href="https://github.com/shiruka/shiruka/issues/449" closed="2021-04-20T13:13:14+00:00">449</issue>
    <ticket>1</ticket>
    <estimate>5</estimate>
    <role>DEV</role>
    <id>1-0e9f6ded</id>
    <lines>137-137</lines>
    <body>...</body>
    <file>...</file>
    <author>...</author>
    <email>...</email>
    <time>2021-04-05T11:07:46Z</time>
    <children/>
  </puzzle>
  <puzzle alive="false">
    <issue href="https://github.com/shiruka/shiruka/issues/450" closed="2021-04-20T13:13:19+00:00">450</issue>
    <ticket>1</ticket>
    <estimate>5</estimate>
    <role>DEV</role>
    <id>1-ad4bf3a7</id>
    <lines>152-152</lines>
    <body>...</body>
    <file>...</file>
    <author>...</author>
    <email>...</email>
    <time>2021-04-05T11:15:36Z</time>
    <children/>
  </puzzle>
  <puzzle alive="false">
    <issue href="https://github.com/shiruka/shiruka/issues/451" closed="2021-04-20T13:13:23+00:00">451</issue>
    <ticket>1</ticket>
    <estimate>5</estimate>
    <role>DEV</role>
    <id>1-7a7a871d</id>
    <lines>156-156</lines>
    <body>...</body>
    <file>...</file>
    <author>...</author>
    <email>...</email>
    <time>2021-04-05T11:07:46Z</time>
    <children/>
  </puzzle>
  <puzzle alive="false">
    <issue href="https://github.com/shiruka/shiruka/issues/452" closed="2021-04-20T13:13:27+00:00">452</issue>
    <ticket>1</ticket>
    <estimate>5</estimate>
    <role>DEV</role>
    <id>1-3ef2b09a</id>
    <lines>166-166</lines>
    <body>...</body>
    <file>...</file>
    <author>...</author>
    <email>...</email>
    <time>2021-04-05T11:07:46Z</time>
    <children/>
  </puzzle>
  <puzzle alive="false">
    <issue href="https://github.com/shiruka/shiruka/issues/453" closed="2021-04-20T13:13:32+00:00">453</issue>
    <ticket>1</ticket>
    <estimate>5</estimate>
    <role>DEV</role>
    <id>1-eeae2e5e</id>
    <lines>179-179</lines>
    <body>...</body>
    <file>...</file>
    <author>...</author>
    <email>...</email>
    <time>2021-04-05T11:15:36Z</time>
    <children/>
  </puzzle>
  <puzzle alive="false">
    <issue href="https://github.com/shiruka/shiruka/issues/454" closed="2021-04-20T13:13:36+00:00">454</issue>
    <ticket>1</ticket>
    <estimate>5</estimate>
    <role>DEV</role>
    <id>1-484f6cc1</id>
    <lines>183-183</lines>
    <body>...</body>
    <file>...</file>
    <author>...</author>
    <email>...</email>
    <time>2021-04-05T11:07:46Z</time>
    <children/>
  </puzzle>
  <puzzle alive="false">
    <issue href="https://github.com/shiruka/shiruka/issues/455" closed="2021-04-20T13:13:40+00:00">455</issue>
    <ticket>1</ticket>
    <estimate>5</estimate>
    <role>DEV</role>
    <id>1-13b501a6</id>
    <lines>193-193</lines>
    <body>...</body>
    <file>...</file>
    <author>...</author>
    <email>...</email>
    <time>2021-04-05T11:07:46Z</time>
    <children/>
  </puzzle>
  <puzzle alive="false">
    <issue href="https://github.com/shiruka/shiruka/issues/475" closed="2021-08-12T13:39:20+00:00">475</issue>
    <ticket>1</ticket>
    <estimate>10</estimate>
    <role>DEV</role>
    <id>1-ed73ba4c</id>
    <lines>108-108</lines>
    <body>...</body>
    <file>...</file>
    <author>...</author>
    <email>...</email>
    <time>2021-04-20T13:12:14Z</time>
    <children/>
  </puzzle>
  <puzzle alive="false">
    <issue href="https://github.com/shiruka/shiruka/issues/476" closed="2021-08-12T13:39:25+00:00">476</issue>
    <ticket>1</ticket>
    <estimate>10</estimate>
    <role>DEV</role>
    <id>1-763d8ea4</id>
    <lines>114-114</lines>
    <body>...</body>
    <file>...</file>
    <author>...</author>
    <email>...</email>
    <time>2021-04-20T13:12:14Z</time>
    <children/>
  </puzzle>
  <puzzle alive="false">
    <issue href="https://github.com/shiruka/shiruka/issues/477" closed="2021-08-12T13:39:29+00:00">477</issue>
    <ticket>1</ticket>
    <estimate>10</estimate>
    <role>DEV</role>
    <id>1-b0a58aff</id>
    <lines>120-120</lines>
    <body>...</body>
    <file>...</file>
    <author>...</author>
    <email>...</email>
    <time>2021-04-20T13:12:14Z</time>
    <children/>
  </puzzle>
  <puzzle alive="false">
    <issue href="https://github.com/shiruka/shiruka/issues/478" closed="2021-08-12T13:39:34+00:00">478</issue>
    <ticket>1</ticket>
    <estimate>10</estimate>
    <role>DEV</role>
    <id>1-cb092621</id>
    <lines>126-126</lines>
    <body>...</body>
    <file>...</file>
    <author>...</author>
    <email>...</email>
    <time>2021-04-20T13:12:14Z</time>
    <children/>
  </puzzle>
  <puzzle alive="false">
    <issue href="https://github.com/shiruka/shiruka/issues/479" closed="2021-08-12T13:39:38+00:00">479</issue>
    <ticket>1</ticket>
    <estimate>10</estimate>
    <role>DEV</role>
    <id>1-cc44e034</id>
    <lines>132-132</lines>
    <body>...</body>
    <file>...</file>
    <author>...</author>
    <email>...</email>
    <time>2021-04-20T13:12:14Z</time>
    <children/>
  </puzzle>
  <puzzle alive="false">
    <issue href="https://github.com/shiruka/shiruka/issues/480" closed="2021-08-12T13:39:43+00:00">480</issue>
    <ticket>1</ticket>
    <estimate>10</estimate>
    <role>DEV</role>
    <id>1-f764d4db</id>
    <lines>137-137</lines>
    <body>...</body>
    <file>...</file>
    <author>...</author>
    <email>...</email>
    <time>2021-04-20T13:12:14Z</time>
    <children/>
  </puzzle>
  <puzzle alive="false">
    <issue href="https://github.com/shiruka/shiruka/issues/481" closed="2021-08-12T13:39:48+00:00">481</issue>
    <ticket>1</ticket>
    <estimate>10</estimate>
    <role>DEV</role>
    <id>1-4822a01f</id>
    <lines>142-142</lines>
    <body>...</body>
    <file>...</file>
    <author>...</author>
    <email>...</email>
    <time>2021-04-20T13:12:14Z</time>
    <children/>
  </puzzle>
  <puzzle alive="false">
    <issue href="https://github.com/shiruka/shiruka/issues/482" closed="2021-08-12T13:39:52+00:00">482</issue>
    <ticket>1</ticket>
    <estimate>10</estimate>
    <role>DEV</role>
    <id>1-a1b17efa</id>
    <lines>147-147</lines>
    <body>...</body>
    <file>...</file>
    <author>...</author>
    <email>...</email>
    <time>2021-04-20T13:12:14Z</time>
    <children/>
  </puzzle>
  <puzzle alive="false">
    <issue href="https://github.com/shiruka/shiruka/issues/483" closed="2021-08-12T13:39:57+00:00">483</issue>
    <ticket>1</ticket>
    <estimate>10</estimate>
    <role>DEV</role>
    <id>1-e0d04401</id>
    <lines>153-153</lines>
    <body>...</body>
    <file>...</file>
    <author>...</author>
    <email>...</email>
    <time>2021-04-20T13:12:14Z</time>
    <children/>
  </puzzle>
  <puzzle alive="false">
    <issue href="https://github.com/shiruka/shiruka/issues/484" closed="2021-08-12T13:40:01+00:00">484</issue>
    <ticket>1</ticket>
    <estimate>10</estimate>
    <role>DEV</role>
    <id>1-118ea16d</id>
    <lines>158-158</lines>
    <body>...</body>
    <file>...</file>
    <author>...</author>
    <email>...</email>
    <time>2021-04-20T13:12:14Z</time>
    <children/>
  </puzzle>
  <puzzle alive="false">
    <issue href="https://github.com/shiruka/shiruka/issues/485" closed="2021-08-12T13:40:07+00:00">485</issue>
    <ticket>1</ticket>
    <estimate>10</estimate>
    <role>DEV</role>
    <id>1-4c62f672</id>
    <lines>163-163</lines>
    <body>...</body>
    <file>...</file>
    <author>...</author>
    <email>...</email>
    <time>2021-04-20T13:12:14Z</time>
    <children/>
  </puzzle>
  <puzzle alive="false">
    <issue href="https://github.com/shiruka/shiruka/issues/486" closed="2021-08-12T13:40:11+00:00">486</issue>
    <ticket>1</ticket>
    <estimate>10</estimate>
    <role>DEV</role>
    <id>1-4ff6cf4f</id>
    <lines>168-168</lines>
    <body>...</body>
    <file>...</file>
    <author>...</author>
    <email>...</email>
    <time>2021-04-20T13:12:14Z</time>
    <children/>
  </puzzle>
  <puzzle alive="false">
    <issue href="https://github.com/shiruka/shiruka/issues/487" closed="2021-08-12T13:40:16+00:00">487</issue>
    <ticket>1</ticket>
    <estimate>10</estimate>
    <role>DEV</role>
    <id>1-11e68ada</id>
    <lines>173-173</lines>
    <body>...</body>
    <file>...</file>
    <author>...</author>
    <email>...</email>
    <time>2021-04-20T13:12:14Z</time>
    <children/>
  </puzzle>
</puzzles>
