<?xml version="1.0"?>
<puzzles xmlns:xsi="http://www.w3.org/2001/XMLSchema-instance" xsi:noNamespaceSchemaLocation="http://www.0pdd.com/puzzles.xsd" date="2018-08-03T14:49:24+00:00" version="0.30.3">
  <puzzle alive="false">
    <issue href="https://github.com/pragmatic-objects/oo-atom/issues/180" closed="2018-08-03T14:49:24+00:00">180</issue>
    <ticket>165</ticket>
    <estimate>0</estimate>
    <role>DEV</role>
    <id>165-46204c29</id>
    <lines>37-37</lines>
    <body>...</body>
    <file>...</file>
    <author>...</author>
    <email>...</email>
    <time>2018-06-04T20:44:38Z</time>
    <children/>
  </puzzle>
  <puzzle alive="true">
    <issue href="https://github.com/pragmatic-objects/oo-atom/issues/181">181</issue>
    <ticket>99</ticket>
    <estimate>0</estimate>
    <role>DEV</role>
    <id>99-a8b3c755</id>
    <lines>25-25</lines>
    <body>...</body>
    <file>...</file>
    <author>...</author>
    <email>...</email>
    <time>2018-06-04T20:44:38Z</time>
    <children/>
  </puzzle>
  <puzzle alive="true">
    <issue href="https://github.com/pragmatic-objects/oo-atom/issues/182">182</issue>
    <ticket>78</ticket>
    <estimate>0</estimate>
    <role>DEV</role>
    <id>78-bd75ed9d</id>
    <lines>47-47</lines>
    <body>...</body>
    <file>...</file>
    <author>...</author>
    <email>...</email>
    <time>2018-06-04T20:44:38Z</time>
    <children/>
  </puzzle>
  <puzzle alive="false">
    <issue href="https://github.com/pragmatic-objects/oo-atom/issues/183" closed="2018-08-03T12:56:08+00:00">183</issue>
    <ticket>165</ticket>
    <estimate>0</estimate>
    <role>DEV</role>
    <id>165-ce0c0580</id>
    <lines>62-62</lines>
    <body>...</body>
    <file>...</file>
    <author>...</author>
    <email>...</email>
    <time>2018-06-04T20:44:38Z</time>
    <children/>
  </puzzle>
  <puzzle alive="false">
    <issue href="https://github.com/pragmatic-objects/oo-atom/issues/184" closed="2018-08-03T14:38:10+00:00">184</issue>
    <ticket>8</ticket>
    <estimate>15</estimate>
    <role>DEV</role>
    <id>8-cec8a65b</id>
    <lines>33-33</lines>
    <body>...</body>
    <file>...</file>
    <author>...</author>
    <email>...</email>
    <time>2018-06-04T20:44:38Z</time>
    <children/>
  </puzzle>
  <puzzle alive="false">
    <issue href="https://github.com/pragmatic-objects/oo-atom/issues/185" closed="2018-06-19T22:42:19+00:00">185</issue>
    <ticket>8</ticket>
    <estimate>15</estimate>
    <role>DEV</role>
    <id>8-e4ac1e01</id>
    <lines>33-33</lines>
    <body>...</body>
    <file>...</file>
    <author>...</author>
    <email>...</email>
    <time>2018-06-04T20:44:38Z</time>
    <children/>
  </puzzle>
  <puzzle alive="false">
    <issue href="https://github.com/pragmatic-objects/oo-atom/issues/186" closed="2018-08-03T13:13:51+00:00">186</issue>
    <ticket>47</ticket>
    <estimate>15</estimate>
    <role>DEV</role>
    <id>47-222aaa73</id>
    <lines>31-31</lines>
    <body>...</body>
    <file>...</file>
    <author>...</author>
    <email>...</email>
    <time>2018-06-04T20:44:38Z</time>
    <children/>
  </puzzle>
  <puzzle alive="false">
    <issue href="https://github.com/pragmatic-objects/oo-atom/issues/187" closed="2018-08-03T13:09:15+00:00">187</issue>
    <ticket>47</ticket>
    <estimate>15</estimate>
    <role>DEV</role>
    <id>47-de66b5c3</id>
    <lines>31-31</lines>
    <body>...</body>
    <file>...</file>
    <author>...</author>
    <email>...</email>
    <time>2018-06-04T20:44:38Z</time>
    <children/>
  </puzzle>
  <puzzle alive="false">
    <issue href="https://github.com/pragmatic-objects/oo-atom/issues/188" closed="2018-06-19T21:35:54+00:00">188</issue>
    <ticket>47</ticket>
    <estimate>15</estimate>
    <role>DEV</role>
    <id>47-36353e90</id>
    <lines>31-31</lines>
    <body>...</body>
    <file>...</file>
    <author>...</author>
    <email>...</email>
    <time>2018-06-04T20:44:38Z</time>
    <children/>
  </puzzle>
  <puzzle alive="false">
    <issue href="https://github.com/pragmatic-objects/oo-atom/issues/189" closed="2018-06-19T21:45:43+00:00">189</issue>
    <ticket>47</ticket>
    <estimate>15</estimate>
    <role>DEV</role>
    <id>47-41b924c4</id>
    <lines>31-31</lines>
    <body>...</body>
    <file>...</file>
    <author>...</author>
    <email>...</email>
    <time>2018-06-04T20:44:38Z</time>
    <children/>
  </puzzle>
  <puzzle alive="false">
    <issue href="https://github.com/pragmatic-objects/oo-atom/issues/190" closed="2018-06-18T20:04:45+00:00">190</issue>
    <ticket>47</ticket>
    <estimate>15</estimate>
    <role>DEV</role>
    <id>47-0582c648</id>
    <lines>31-31</lines>
    <body>...</body>
    <file>...</file>
    <author>...</author>
    <email>...</email>
    <time>2018-06-04T20:44:38Z</time>
    <children/>
  </puzzle>
  <puzzle alive="false">
    <issue href="https://github.com/pragmatic-objects/oo-atom/issues/191" closed="2018-06-18T20:04:47+00:00">191</issue>
    <ticket>47</ticket>
    <estimate>15</estimate>
    <role>DEV</role>
    <id>47-88d8b95b</id>
    <lines>31-31</lines>
    <body>...</body>
    <file>...</file>
    <author>...</author>
    <email>...</email>
    <time>2018-06-04T20:44:38Z</time>
    <children/>
  </puzzle>
  <puzzle alive="false">
    <issue>unknown</issue>
    <ticket>47</ticket>
    <estimate>15</estimate>
    <role>DEV</role>
    <id>47-1d97e962</id>
    <lines>31-31</lines>
    <body>...</body>
    <file>...</file>
    <author>...</author>
    <email>...</email>
    <time>2018-06-04T20:44:38Z</time>
    <children/>
  </puzzle>
  <puzzle alive="false">
    <issue>unknown</issue>
    <ticket>47</ticket>
    <estimate>15</estimate>
    <role>DEV</role>
    <id>47-17c2cb2f</id>
    <lines>31-31</lines>
    <body>...</body>
    <file>...</file>
    <author>...</author>
    <email>...</email>
    <time>2018-06-04T20:44:38Z</time>
    <children/>
  </puzzle>
  <puzzle alive="false">
    <issue href="https://github.com/pragmatic-objects/oo-atom/issues/194" closed="2018-06-19T21:36:16+00:00">194</issue>
    <ticket>8</ticket>
    <estimate>15</estimate>
    <role>DEV</role>
    <id>8-71502d8f</id>
    <lines>33-33</lines>
    <body>...</body>
    <file>...</file>
    <author>...</author>
    <email>...</email>
    <time>2018-06-04T20:44:38Z</time>
    <children/>
  </puzzle>
  <puzzle alive="false">
    <issue>unknown</issue>
    <ticket>8</ticket>
    <estimate>15</estimate>
    <role>DEV</role>
    <id>8-1f5192fa</id>
    <lines>32-32</lines>
    <body>...</body>
    <file>...</file>
    <author>...</author>
    <email>...</email>
    <time>2018-06-04T20:44:38Z</time>
    <children/>
  </puzzle>
  <puzzle alive="false">
    <issue>unknown</issue>
    <ticket>47</ticket>
    <estimate>15</estimate>
    <role>DEV</role>
    <id>47-2f070e55</id>
    <lines>31-31</lines>
    <body>...</body>
    <file>...</file>
    <author>...</author>
    <email>...</email>
    <time>2018-06-04T20:44:38Z</time>
    <children/>
  </puzzle>
  <puzzle alive="false">
    <issue>unknown</issue>
    <ticket>8</ticket>
    <estimate>15</estimate>
    <role>DEV</role>
    <id>8-dd02b080</id>
    <lines>32-32</lines>
    <body>...</body>
    <file>...</file>
    <author>...</author>
    <email>...</email>
    <time>2018-06-04T20:44:38Z</time>
    <children/>
  </puzzle>
  <puzzle alive="false">
    <issue>unknown</issue>
    <ticket>8</ticket>
    <estimate>15</estimate>
    <role>DEV</role>
    <id>8-be31b034</id>
    <lines>32-32</lines>
    <body>...</body>
    <file>...</file>
    <author>...</author>
    <email>...</email>
    <time>2018-06-04T20:44:38Z</time>
    <children/>
  </puzzle>
  <puzzle alive="false">
    <issue>unknown</issue>
    <ticket>8</ticket>
    <estimate>15</estimate>
    <role>DEV</role>
    <id>8-75222d43</id>
    <lines>32-32</lines>
    <body>...</body>
    <file>...</file>
    <author>...</author>
    <email>...</email>
    <time>2018-06-04T20:44:38Z</time>
    <children/>
  </puzzle>
  <puzzle alive="false">
    <issue>unknown</issue>
    <ticket>8</ticket>
    <estimate>15</estimate>
    <role>DEV</role>
    <id>8-2ae8188f</id>
    <lines>32-32</lines>
    <body>...</body>
    <file>...</file>
    <author>...</author>
    <email>...</email>
    <time>2018-06-04T20:44:38Z</time>
    <children/>
  </puzzle>
  <puzzle alive="false">
    <issue>unknown</issue>
    <ticket>8</ticket>
    <estimate>15</estimate>
    <role>DEV</role>
    <id>8-fc507248</id>
    <lines>32-32</lines>
    <body>...</body>
    <file>...</file>
    <author>...</author>
    <email>...</email>
    <time>2018-06-04T20:44:38Z</time>
    <children/>
  </puzzle>
  <puzzle alive="false">
    <issue>unknown</issue>
    <ticket>8</ticket>
    <estimate>15</estimate>
    <role>DEV</role>
    <id>8-982d5e57</id>
    <lines>32-32</lines>
    <body>...</body>
    <file>...</file>
    <author>...</author>
    <email>...</email>
    <time>2018-06-04T20:44:38Z</time>
    <children/>
  </puzzle>
  <puzzle alive="false">
    <issue>unknown</issue>
    <ticket>47</ticket>
    <estimate>15</estimate>
    <role>DEV</role>
    <id>47-fa9e5c68</id>
    <lines>31-31</lines>
    <body>...</body>
    <file>...</file>
    <author>...</author>
    <email>...</email>
    <time>2018-06-04T20:44:38Z</time>
    <children/>
  </puzzle>
  <puzzle alive="false">
    <issue>unknown</issue>
    <ticket>8</ticket>
    <estimate>15</estimate>
    <role>DEV</role>
    <id>8-aab618df</id>
    <lines>32-32</lines>
    <body>...</body>
    <file>...</file>
    <author>...</author>
    <email>...</email>
    <time>2018-06-04T20:44:38Z</time>
    <children/>
  </puzzle>
  <puzzle alive="false">
    <issue>unknown</issue>
    <ticket>8</ticket>
    <estimate>15</estimate>
    <role>DEV</role>
    <id>8-5d4e7a77</id>
    <lines>32-32</lines>
    <body>...</body>
    <file>...</file>
    <author>...</author>
    <email>...</email>
    <time>2018-06-04T20:44:38Z</time>
    <children/>
  </puzzle>
  <puzzle alive="false">
    <issue>unknown</issue>
    <ticket>8</ticket>
    <estimate>15</estimate>
    <role>DEV</role>
    <id>8-cdcc06ce</id>
    <lines>33-33</lines>
    <body>...</body>
    <file>...</file>
    <author>...</author>
    <email>...</email>
    <time>2018-06-04T20:44:38Z</time>
    <children/>
  </puzzle>
  <puzzle alive="false">
    <issue>unknown</issue>
    <ticket>47</ticket>
    <estimate>15</estimate>
    <role>DEV</role>
    <id>47-bc13e3a4</id>
    <lines>31-31</lines>
    <body>...</body>
    <file>...</file>
    <author>...</author>
    <email>...</email>
    <time>2018-06-04T20:44:38Z</time>
    <children/>
  </puzzle>
  <puzzle alive="true">
    <issue href="https://github.com/pragmatic-objects/oo-atom/issues/195">195</issue>
    <ticket>134</ticket>
    <estimate>0</estimate>
    <role>DEV</role>
    <id>134-c67c215b</id>
    <lines>298-298</lines>
    <body>...</body>
    <file>...</file>
    <author>...</author>
    <email>...</email>
    <time>2018-06-04T20:44:38Z</time>
    <children/>
  </puzzle>
  <puzzle alive="true">
    <issue href="https://github.com/pragmatic-objects/oo-atom/issues/196">196</issue>
    <ticket>178</ticket>
    <estimate>0</estimate>
    <role>DEV</role>
    <id>178-c020c175</id>
    <lines>398-398</lines>
    <body>...</body>
    <file>...</file>
    <author>...</author>
    <email>...</email>
    <time>2018-06-04T20:44:38Z</time>
    <children/>
  </puzzle>
  <puzzle alive="true">
    <issue href="https://github.com/pragmatic-objects/oo-atom/issues/197">197</issue>
    <ticket>165</ticket>
    <estimate>0</estimate>
    <role>DEV</role>
    <id>165-5f03c07b</id>
    <lines>55-55</lines>
    <body>...</body>
    <file>...</file>
    <author>...</author>
    <email>...</email>
    <time>2018-06-04T20:44:38Z</time>
    <children/>
  </puzzle>
</puzzles>
