<?xml version="1.0"?>
<puzzles xmlns:xsi="http://www.w3.org/2001/XMLSchema-instance" xsi:noNamespaceSchemaLocation="http://www.0pdd.com/puzzles.xsd" date="2020-09-09T05:03:51+00:00" version="0.30.21">
  <puzzle alive="false">
    <issue href="https://github.com/riderrm7/txttest/issues/1" closed="2020-09-02T07:54:09+00:00">1</issue>
    <ticket>1create</ticket>
    <estimate>0</estimate>
    <role>DEV</role>
    <id>1create-11ebd9c3</id>
    <lines>1-1</lines>
    <body>...</body>
    <file>...</file>
    <author>...</author>
    <email>...</email>
    <time>2020-09-02T07:39:59Z</time>
    <children>
      <puzzle alive="true">
        <issue href="https://github.com/riderrm7/txttest/issues/3">3</issue>
        <ticket>1</ticket>
        <estimate>0</estimate>
        <role>DEV</role>
        <id>1-1015e496</id>
        <lines>1-1</lines>
        <body>...</body>
        <file>...</file>
        <author>...</author>
        <email>...</email>
        <time>2020-09-02T07:53:53Z</time>
        <children>
          <puzzle alive="true">
            <issue href="https://github.com/riderrm7/txttest/issues/5">5</issue>
            <ticket>3</ticket>
            <estimate>0</estimate>
            <role>DEV</role>
            <id>3-d56aeac4</id>
            <lines>13-13</lines>
            <body>...</body>
            <file>...</file>
            <author>...</author>
            <email>...</email>
            <time>2020-09-02T07:53:53Z</time>
            <children/>
          </puzzle>
        </children>
      </puzzle>
    </children>
  </puzzle>
  <puzzle alive="false">
    <issue href="https://github.com/riderrm7/txttest/issues/2" closed="2020-09-02T07:54:15+00:00">2</issue>
    <ticket>2fix</ticket>
    <estimate>0</estimate>
    <role>DEV</role>
    <id>2fix-d15a9974</id>
    <lines>7-7</lines>
    <body>...</body>
    <file>...</file>
    <author>...</author>
    <email>...</email>
    <time>2020-09-02T07:39:59Z</time>
    <children>
      <puzzle alive="false">
        <issue href="https://github.com/riderrm7/txttest/issues/4" closed="2020-09-02T08:07:07+00:00">4</issue>
        <ticket>2</ticket>
        <estimate>0</estimate>
        <role>DEV</role>
        <id>2-aa290112</id>
        <lines>7-7</lines>
        <body>...</body>
        <file>...</file>
        <author>...</author>
        <email>...</email>
        <time>2020-09-02T07:53:53Z</time>
        <children>
          <puzzle alive="true">
            <issue href="https://github.com/riderrm7/txttest/issues/6">6</issue>
            <ticket>4</ticket>
            <estimate>0</estimate>
            <role>DEV</role>
            <id>4-17c3b536</id>
            <lines>18-18</lines>
            <body>...</body>
            <file>...</file>
            <author>...</author>
            <email>...</email>
            <time>2020-09-02T07:53:53Z</time>
            <children/>
          </puzzle>
        </children>
      </puzzle>
    </children>
  </puzzle>
  <puzzle alive="true">
    <issue href="https://github.com/riderrm7/txttest/issues/7">7</issue>
    <ticket>ETER-100</ticket>
    <estimate>0</estimate>
    <role>DEV</role>
    <id>ETER-100-1d10a8a8</id>
    <lines>23-23</lines>
    <body>...</body>
    <file>...</file>
    <author>...</author>
    <email>...</email>
    <time>2020-09-02T08:02:56Z</time>
    <children/>
  </puzzle>
  <puzzle alive="true">
    <issue href="https://github.com/riderrm7/txttest/issues/8">8</issue>
    <ticket>ETER-200</ticket>
    <estimate>0</estimate>
    <role>DEV</role>
    <id>ETER-200-0f0576fe</id>
    <lines>28-28</lines>
    <body>...</body>
    <file>...</file>
    <author>...</author>
    <email>...</email>
    <time>2020-09-02T08:02:56Z</time>
    <children/>
  </puzzle>
  <puzzle alive="true">
    <issue href="https://github.com/riderrm7/txttest/issues/9">9</issue>
    <ticket>234</ticket>
    <estimate>15</estimate>
    <role>DEV</role>
    <id>234-6f82e2e2</id>
    <lines>29-31</lines>
    <body>...</body>
    <file>...</file>
    <author>...</author>
    <email>...</email>
    <time>2020-09-02T08:06:50Z</time>
    <children/>
  </puzzle>
  <puzzle alive="true">
    <issue href="https://github.com/riderrm7/txttest/issues/10">10</issue>
    <ticket>ETER-200</ticket>
    <estimate>0</estimate>
    <role>DEV</role>
    <id>ETER-200-88ac22d9</id>
    <lines>37-37</lines>
    <body>...</body>
    <file>...</file>
    <author>...</author>
    <email>...</email>
    <time>2020-09-02T08:37:26Z</time>
    <children/>
  </puzzle>
  <puzzle alive="true">
    <ticket>55</ticket>
    <estimate>0</estimate>
    <role>DEV</role>
    <id>55-09167938</id>
    <lines>40-40</lines>
    <body>...</body>
    <file>...</file>
    <author>...</author>
    <email>...</email>
    <time>2020-09-09T04:50:34Z</time>
    <children/>
    <issue href="https://github.com/riderrm7/txttest/issues/11">11</issue>
  </puzzle>
  <puzzle alive="true">
    <ticket>66</ticket>
    <estimate>0</estimate>
    <role>DEV</role>
    <id>66-93a3d87b</id>
    <lines>44-44</lines>
    <body>...</body>
    <file>...</file>
    <author>...</author>
    <email>...</email>
    <time>2020-09-09T04:56:01Z</time>
    <children/>
    <issue href="https://github.com/riderrm7/txttest/issues/12">12</issue>
  </puzzle>
  <puzzle alive="true">
    <ticket>77</ticket>
    <estimate>0</estimate>
    <role>DEV</role>
    <id>77-c92c279f</id>
    <lines>49-49</lines>
    <body>...</body>
    <file>...</file>
    <author>...</author>
    <email>...</email>
    <time>2020-09-09T04:57:24Z</time>
    <children/>
    <issue href="https://github.com/riderrm7/txttest/issues/13">13</issue>
  </puzzle>
</puzzles>
