<?xml version="1.0"?>
<puzzles xmlns:xsi="http://www.w3.org/2001/XMLSchema-instance" xsi:noNamespaceSchemaLocation="http://www.0pdd.com/puzzles.xsd" date="2019-08-27T15:38:21+00:00" version="0.30.18">
  <puzzle alive="false">
    <issue href="https://github.com/frou/clojure-practice/issues/2" closed="2019-08-25T17:32:26+00:00">2</issue>
    <ticket>1</ticket>
    <estimate>0</estimate>
    <role>DEV</role>
    <id>1-ebb51c5b</id>
    <lines>3-3</lines>
    <body>...</body>
    <file>...</file>
    <author>...</author>
    <email>...</email>
    <time>2019-08-16T17:23:29Z</time>
    <children/>
  </puzzle>
  <puzzle alive="true">
    <ticket>0</ticket>
    <estimate>0</estimate>
    <role>DEV</role>
    <id>0-77ce86e1</id>
    <lines>32-34</lines>
    <body>...</body>
    <file>...</file>
    <author>...</author>
    <email>...</email>
    <time>2019-08-27T15:35:48Z</time>
    <children/>
    <issue href="https://github.com/frou/clojure-practice/issues/3">3</issue>
  </puzzle>
</puzzles>
