<?xml version="1.0"?>
<puzzles xmlns:xsi="http://www.w3.org/2001/XMLSchema-instance" xsi:noNamespaceSchemaLocation="http://www.0pdd.com/puzzles.xsd" date="2020-03-26T12:13:38+00:00" version="0.30.21">
  <puzzle alive="false">
    <issue href="https://github.com/frou/ClojureFusion/issues/2" closed="2019-08-07T16:44:30+00:00">2</issue>
    <ticket>1</ticket>
    <estimate>0</estimate>
    <role>DEV</role>
    <id>1-44ae813e</id>
    <lines>15-15</lines>
    <body>...</body>
    <file>...</file>
    <author>...</author>
    <email>...</email>
    <time>2019-08-07T15:31:56Z</time>
    <children/>
  </puzzle>
  <puzzle alive="false">
    <issue href="https://github.com/frou/ClojureFusion/issues/3" closed="2019-08-07T19:06:37+00:00">3</issue>
    <ticket>1</ticket>
    <estimate>0</estimate>
    <role>DEV</role>
    <id>1-2b8d4e99</id>
    <lines>29-29</lines>
    <body>...</body>
    <file>...</file>
    <author>...</author>
    <email>...</email>
    <time>2019-08-07T18:43:56Z</time>
    <children/>
  </puzzle>
  <puzzle alive="false">
    <issue href="https://github.com/frou/ClojureFusion/issues/4" closed="2019-08-07T19:21:08+00:00">4</issue>
    <ticket>1</ticket>
    <estimate>0</estimate>
    <role>DEV</role>
    <id>1-64824498</id>
    <lines>31-31</lines>
    <body>...</body>
    <file>...</file>
    <author>...</author>
    <email>...</email>
    <time>2019-08-07T18:43:56Z</time>
    <children>
      <puzzle alive="true">
        <issue href="https://github.com/frou/ClojureFusion/issues/6">6</issue>
        <ticket>4</ticket>
        <estimate>0</estimate>
        <role>DEV</role>
        <id>4-1cb3f123</id>
        <lines>9-10</lines>
        <body>...</body>
        <file>...</file>
        <author>...</author>
        <email>...</email>
        <time>2019-08-07T19:20:27Z</time>
        <children/>
      </puzzle>
    </children>
  </puzzle>
  <puzzle alive="false">
    <issue href="https://github.com/frou/ClojureFusion/issues/5" closed="2019-08-07T19:58:07+00:00">5</issue>
    <ticket>1</ticket>
    <estimate>0</estimate>
    <role>DEV</role>
    <id>1-19b894c9</id>
    <lines>51-51</lines>
    <body>...</body>
    <file>...</file>
    <author>...</author>
    <email>...</email>
    <time>2019-08-07T18:43:56Z</time>
    <children>
      <puzzle alive="false">
        <issue href="https://github.com/frou/ClojureFusion/issues/7" closed="2019-08-08T20:04:56+00:00">7</issue>
        <ticket>5</ticket>
        <estimate>0</estimate>
        <role>DEV</role>
        <id>5-06e8c1d4</id>
        <lines>67-67</lines>
        <body>...</body>
        <file>...</file>
        <author>...</author>
        <email>...</email>
        <time>2019-08-07T19:57:24Z</time>
        <children>
          <puzzle alive="true">
            <issue href="https://github.com/frou/ClojureFusion/issues/8">8</issue>
            <ticket>7</ticket>
            <estimate>0</estimate>
            <role>DEV</role>
            <id>7-4b491723</id>
            <lines>32-34</lines>
            <body>...</body>
            <file>...</file>
            <author>...</author>
            <email>...</email>
            <time>2019-08-08T20:04:21Z</time>
            <children/>
          </puzzle>
        </children>
      </puzzle>
    </children>
  </puzzle>
  <puzzle alive="true">
    <issue href="https://github.com/frou/ClojureFusion/issues/9">9</issue>
    <ticket>0</ticket>
    <estimate>0</estimate>
    <role>DEV</role>
    <id>0-03cbd289</id>
    <lines>14-14</lines>
    <body>...</body>
    <file>...</file>
    <author>...</author>
    <email>...</email>
    <time>2019-08-08T21:25:15Z</time>
    <children/>
  </puzzle>
  <puzzle alive="true">
    <issue href="https://github.com/frou/ClojureFusion/issues/10">10</issue>
    <ticket>1</ticket>
    <estimate>0</estimate>
    <role>DEV</role>
    <id>1-24a79007</id>
    <lines>5-5</lines>
    <body>...</body>
    <file>...</file>
    <author>...</author>
    <email>...</email>
    <time>2019-08-27T15:37:17Z</time>
    <children/>
  </puzzle>
  <puzzle alive="false">
    <issue href="https://github.com/frou/ClojureFusion/issues/11" closed="2020-03-26T12:13:38+00:00">11</issue>
    <ticket>0</ticket>
    <estimate>0</estimate>
    <role>DEV</role>
    <id>0-3eedcab3</id>
    <lines>15-15</lines>
    <body>...</body>
    <file>...</file>
    <author>...</author>
    <email>...</email>
    <time>2020-02-25T21:09:26Z</time>
    <children/>
  </puzzle>
</puzzles>
