<?xml version="1.0"?>
<puzzles xmlns:xsi="http://www.w3.org/2001/XMLSchema-instance" xsi:noNamespaceSchemaLocation="http://www.0pdd.com/puzzles.xsd" date="2020-03-10T18:42:30+00:00" version="0.30.21">
  <puzzle alive="false">
    <issue href="https://github.com/frou/elm-unix-reporter/issues/1" closed="2020-03-10T18:22:15+00:00">1</issue>
    <ticket>0</ticket>
    <estimate>0</estimate>
    <role>DEV</role>
    <id>0-b824f3eb</id>
    <lines>14-14</lines>
    <body>...</body>
    <file>...</file>
    <author>...</author>
    <email>...</email>
    <time>2019-09-28T19:46:28Z</time>
    <children/>
  </puzzle>
  <puzzle alive="false">
    <issue href="https://github.com/frou/elm-unix-reporter/issues/2" closed="2019-09-29T07:33:22+00:00">2</issue>
    <ticket>0</ticket>
    <estimate>0</estimate>
    <role>DEV</role>
    <id>0-77d49901</id>
    <lines>17-17</lines>
    <body>...</body>
    <file>...</file>
    <author>...</author>
    <email>...</email>
    <time>2019-09-28T19:46:28Z</time>
    <children>
      <puzzle alive="false">
        <issue href="https://github.com/frou/elm-unix-reporter/issues/3" closed="2019-09-29T07:33:23+00:00">3</issue>
        <ticket>2</ticket>
        <estimate>0</estimate>
        <role>DEV</role>
        <id>2-0666d961</id>
        <lines>41-41</lines>
        <body>...</body>
        <file>...</file>
        <author>...</author>
        <email>...</email>
        <time>2019-09-28T20:44:44Z</time>
        <children/>
      </puzzle>
    </children>
  </puzzle>
  <puzzle alive="true">
    <issue href="https://github.com/frou/elm-unix-reporter/issues/4">4</issue>
    <ticket>0</ticket>
    <estimate>0</estimate>
    <role>DEV</role>
    <id>0-07e8fe9f</id>
    <lines>16-16</lines>
    <body>...</body>
    <file>...</file>
    <author>...</author>
    <email>...</email>
    <time>2019-09-29T07:32:52Z</time>
    <children/>
  </puzzle>
  <puzzle alive="true">
    <ticket>0</ticket>
    <estimate>0</estimate>
    <role>DEV</role>
    <id>0-37091990</id>
    <lines>9-10</lines>
    <body>...</body>
    <file>...</file>
    <author>...</author>
    <email>...</email>
    <time>2020-03-10T18:42:14Z</time>
    <children/>
    <issue href="https://github.com/frou/elm-unix-reporter/issues/5">5</issue>
  </puzzle>
</puzzles>
