<?xml version="1.0"?>
<puzzles xmlns:xsi="http://www.w3.org/2001/XMLSchema-instance" xsi:noNamespaceSchemaLocation="http://www.0pdd.com/puzzles.xsd" date="2020-04-05T15:13:11+00:00" version="0.30.21">
  <puzzle alive="false">
    <issue href="https://github.com/frou/Humps/issues/1" closed="2020-03-19T13:16:00+00:00">1</issue>
    <ticket>0</ticket>
    <estimate>0</estimate>
    <role>DEV</role>
    <id>0-29938c43</id>
    <lines>89-89</lines>
    <body>...</body>
    <file>...</file>
    <author>...</author>
    <email>...</email>
    <time>2020-03-19T12:55:08Z</time>
    <children>
      <puzzle alive="false">
        <issue href="https://github.com/frou/Humps/issues/2" closed="2020-03-19T19:04:34+00:00">2</issue>
        <ticket>1</ticket>
        <estimate>0</estimate>
        <role>DEV</role>
        <id>1-d62e2580</id>
        <lines>95-95</lines>
        <body>...</body>
        <file>...</file>
        <author>...</author>
        <email>...</email>
        <time>2020-03-19T13:15:34Z</time>
        <children/>
      </puzzle>
      <puzzle alive="false">
        <issue href="https://github.com/frou/Humps/issues/3" closed="2020-03-19T15:37:30+00:00">3</issue>
        <ticket>1</ticket>
        <estimate>0</estimate>
        <role>DEV</role>
        <id>1-3af9384d</id>
        <lines>97-97</lines>
        <body>...</body>
        <file>...</file>
        <author>...</author>
        <email>...</email>
        <time>2020-03-19T13:15:34Z</time>
        <children>
          <puzzle alive="false">
            <issue href="https://github.com/frou/Humps/issues/6" closed="2020-03-19T15:59:51+00:00">6</issue>
            <ticket>3</ticket>
            <estimate>0</estimate>
            <role>DEV</role>
            <id>3-a46e3450</id>
            <lines>30-30</lines>
            <body>...</body>
            <file>...</file>
            <author>...</author>
            <email>...</email>
            <time>2020-03-19T15:28:18Z</time>
            <children/>
          </puzzle>
        </children>
      </puzzle>
      <puzzle alive="false">
        <issue href="https://github.com/frou/Humps/issues/4" closed="2020-03-19T15:37:35+00:00">4</issue>
        <ticket>1</ticket>
        <estimate>0</estimate>
        <role>DEV</role>
        <id>1-c650e066</id>
        <lines>99-99</lines>
        <body>...</body>
        <file>...</file>
        <author>...</author>
        <email>...</email>
        <time>2020-03-19T13:15:34Z</time>
        <children/>
      </puzzle>
    </children>
  </puzzle>
  <puzzle alive="false">
    <issue href="https://github.com/frou/Humps/issues/5" closed="2020-03-19T20:11:13+00:00">5</issue>
    <ticket>0</ticket>
    <estimate>0</estimate>
    <role>DEV</role>
    <id>0-03be27df</id>
    <lines>42-43</lines>
    <body>...</body>
    <file>...</file>
    <author>...</author>
    <email>...</email>
    <time>2020-03-19T13:15:34Z</time>
    <children/>
  </puzzle>
  <puzzle alive="true">
    <issue href="https://github.com/frou/Humps/issues/7">7</issue>
    <ticket>0</ticket>
    <estimate>0</estimate>
    <role>DEV</role>
    <id>0-0ed11b07</id>
    <lines>9-9</lines>
    <body>...</body>
    <file>...</file>
    <author>...</author>
    <email>...</email>
    <time>2020-03-19T19:04:00Z</time>
    <children/>
  </puzzle>
  <puzzle alive="true">
    <issue href="https://github.com/frou/Humps/issues/8">8</issue>
    <ticket>0</ticket>
    <estimate>0</estimate>
    <role>DEV</role>
    <id>0-10fea779</id>
    <lines>72-72</lines>
    <body>...</body>
    <file>...</file>
    <author>...</author>
    <email>...</email>
    <time>2020-03-20T16:47:20Z</time>
    <children/>
  </puzzle>
  <puzzle alive="false">
    <issue href="https://github.com/frou/Humps/issues/9" closed="2020-03-30T13:52:01+00:00">9</issue>
    <ticket>0</ticket>
    <estimate>0</estimate>
    <role>DEV</role>
    <id>0-06d73840</id>
    <lines>111-115</lines>
    <body>...</body>
    <file>...</file>
    <author>...</author>
    <email>...</email>
    <time>2020-03-20T18:18:03Z</time>
    <children/>
  </puzzle>
  <puzzle alive="false">
    <issue href="https://github.com/frou/Humps/issues/10" closed="2020-03-30T10:31:46+00:00">10</issue>
    <ticket>0</ticket>
    <estimate>0</estimate>
    <role>DEV</role>
    <id>0-6d2f1234</id>
    <lines>11-12</lines>
    <body>...</body>
    <file>...</file>
    <author>...</author>
    <email>...</email>
    <time>2020-03-22T15:45:30Z</time>
    <children/>
  </puzzle>
  <puzzle alive="true">
    <issue href="https://github.com/frou/Humps/issues/11">11</issue>
    <ticket>0</ticket>
    <estimate>0</estimate>
    <role>DEV</role>
    <id>0-bff8fc6e</id>
    <lines>49-49</lines>
    <body>...</body>
    <file>...</file>
    <author>...</author>
    <email>...</email>
    <time>2020-03-27T14:57:45Z</time>
    <children/>
  </puzzle>
  <puzzle alive="false">
    <issue href="https://github.com/frou/Humps/issues/12" closed="2020-03-30T11:44:32+00:00">12</issue>
    <ticket>0</ticket>
    <estimate>0</estimate>
    <role>DEV</role>
    <id>0-555fe5c8</id>
    <lines>188-189</lines>
    <body>...</body>
    <file>...</file>
    <author>...</author>
    <email>...</email>
    <time>2020-03-30T11:41:34Z</time>
    <children>
      <puzzle alive="false">
        <issue href="https://github.com/frou/Humps/issues/13" closed="2020-03-30T13:52:07+00:00">13</issue>
        <ticket>12</ticket>
        <estimate>0</estimate>
        <role>DEV</role>
        <id>12-e799da9e</id>
        <lines>194-195</lines>
        <body>...</body>
        <file>...</file>
        <author>...</author>
        <email>...</email>
        <time>2020-03-30T11:44:07Z</time>
        <children>
          <puzzle alive="true">
            <issue href="https://github.com/frou/Humps/issues/14">14</issue>
            <ticket>13</ticket>
            <estimate>0</estimate>
            <role>DEV</role>
            <id>13-38eaf7f1</id>
            <lines>50-50</lines>
            <body>...</body>
            <file>...</file>
            <author>...</author>
            <email>...</email>
            <time>2020-03-30T13:50:08Z</time>
            <children/>
          </puzzle>
          <puzzle alive="true">
            <issue href="https://github.com/frou/Humps/issues/15">15</issue>
            <ticket>13</ticket>
            <estimate>0</estimate>
            <role>DEV</role>
            <id>13-9d6c29e7</id>
            <lines>52-52</lines>
            <body>...</body>
            <file>...</file>
            <author>...</author>
            <email>...</email>
            <time>2020-03-30T13:50:08Z</time>
            <children/>
          </puzzle>
          <puzzle alive="true">
            <issue href="https://github.com/frou/Humps/issues/16">16</issue>
            <ticket>13</ticket>
            <estimate>0</estimate>
            <role>DEV</role>
            <id>13-374c870e</id>
            <lines>54-54</lines>
            <body>...</body>
            <file>...</file>
            <author>...</author>
            <email>...</email>
            <time>2020-03-30T13:50:08Z</time>
            <children/>
          </puzzle>
          <puzzle alive="true">
            <issue href="https://github.com/frou/Humps/issues/17">17</issue>
            <ticket>13</ticket>
            <estimate>0</estimate>
            <role>DEV</role>
            <id>13-43ea1710</id>
            <lines>56-56</lines>
            <body>...</body>
            <file>...</file>
            <author>...</author>
            <email>...</email>
            <time>2020-03-30T13:50:08Z</time>
            <children/>
          </puzzle>
        </children>
      </puzzle>
    </children>
  </puzzle>
  <puzzle alive="true">
    <issue href="https://github.com/frou/Humps/issues/18">18</issue>
    <ticket>0</ticket>
    <estimate>0</estimate>
    <role>DEV</role>
    <id>0-8eb01c66</id>
    <lines>175-179</lines>
    <body>...</body>
    <file>...</file>
    <author>...</author>
    <email>...</email>
    <time>2020-03-20T18:18:03Z</time>
    <children/>
  </puzzle>
  <puzzle alive="true">
    <issue href="https://github.com/frou/Humps/issues/19">19</issue>
    <ticket>0</ticket>
    <estimate>0</estimate>
    <role>DEV</role>
    <id>0-d776eeba</id>
    <lines>8-8</lines>
    <body>...</body>
    <file>...</file>
    <author>...</author>
    <email>...</email>
    <time>2020-04-03T16:53:26Z</time>
    <children/>
  </puzzle>
  <puzzle alive="true">
    <issue href="https://github.com/frou/Humps/issues/20">20</issue>
    <ticket>0</ticket>
    <estimate>0</estimate>
    <role>DEV</role>
    <id>0-f71cf39f</id>
    <lines>8-11</lines>
    <body>...</body>
    <file>...</file>
    <author>...</author>
    <email>...</email>
    <time>2020-04-03T07:51:03Z</time>
    <children/>
  </puzzle>
  <puzzle alive="true">
    <issue href="https://github.com/frou/Humps/issues/21">21</issue>
    <ticket>0</ticket>
    <estimate>0</estimate>
    <role>DEV</role>
    <id>0-ddcaf74a</id>
    <lines>13-15</lines>
    <body>...</body>
    <file>...</file>
    <author>...</author>
    <email>...</email>
    <time>2020-04-01T19:41:08Z</time>
    <children/>
  </puzzle>
  <puzzle alive="false">
    <issue href="https://github.com/frou/Humps/issues/22" closed="2020-04-04T09:13:08+00:00">22</issue>
    <ticket>0</ticket>
    <estimate>0</estimate>
    <role>DEV</role>
    <id>0-bc43fbce</id>
    <lines>21-22</lines>
    <body>...</body>
    <file>...</file>
    <author>...</author>
    <email>...</email>
    <time>2020-04-04T07:53:35Z</time>
    <children/>
  </puzzle>
  <puzzle alive="false">
    <issue href="https://github.com/frou/Humps/issues/23" closed="2020-04-04T08:04:41+00:00">23</issue>
    <ticket>0</ticket>
    <estimate>0</estimate>
    <role>DEV</role>
    <id>0-ee3a9f19</id>
    <lines>34-34</lines>
    <body>...</body>
    <file>...</file>
    <author>...</author>
    <email>...</email>
    <time>2020-04-04T07:53:35Z</time>
    <children/>
  </puzzle>
  <puzzle alive="false">
    <issue href="https://github.com/frou/Humps/issues/24" closed="2020-04-05T15:13:11+00:00">24</issue>
    <ticket>0</ticket>
    <estimate>0</estimate>
    <role>DEV</role>
    <id>0-1469b3ca</id>
    <lines>40-41</lines>
    <body>...</body>
    <file>...</file>
    <author>...</author>
    <email>...</email>
    <time>2020-04-05T10:48:44Z</time>
    <children/>
  </puzzle>
</puzzles>
