<?xml version="1.0"?>
<puzzles xmlns:xsi="http://www.w3.org/2001/XMLSchema-instance" xsi:noNamespaceSchemaLocation="http://www.0pdd.com/puzzles.xsd" date="2020-06-19T14:32:47+00:00" version="0.30.21">
  <puzzle alive="false">
    <issue href="https://github.com/frou/Miniatures/issues/1" closed="2019-11-02T10:10:23+00:00">1</issue>
    <ticket>0</ticket>
    <estimate>0</estimate>
    <role>DEV</role>
    <id>0-57f8411f</id>
    <lines>12-12</lines>
    <body>...</body>
    <file>...</file>
    <author>...</author>
    <email>...</email>
    <time>2019-08-03T21:02:41Z</time>
    <children>
      <puzzle alive="true">
        <issue href="https://github.com/frou/Miniatures/issues/12">12</issue>
        <ticket>1</ticket>
        <estimate>0</estimate>
        <role>DEV</role>
        <id>1-7e13a0e6</id>
        <lines>7-7</lines>
        <body>...</body>
        <file>...</file>
        <author>...</author>
        <email>...</email>
        <time>2019-11-02T10:10:05Z</time>
        <children/>
      </puzzle>
    </children>
  </puzzle>
  <puzzle alive="true">
    <issue href="https://github.com/frou/Miniatures/issues/2">2</issue>
    <ticket>0</ticket>
    <estimate>0</estimate>
    <role>DEV</role>
    <id>0-2b646d25</id>
    <lines>9-9</lines>
    <body>...</body>
    <file>...</file>
    <author>...</author>
    <email>...</email>
    <time>2019-08-03T21:02:41Z</time>
    <children/>
  </puzzle>
  <puzzle alive="true">
    <issue href="https://github.com/frou/Miniatures/issues/3">3</issue>
    <ticket>0</ticket>
    <estimate>0</estimate>
    <role>DEV</role>
    <id>0-cbf966f7</id>
    <lines>7-7</lines>
    <body>...</body>
    <file>...</file>
    <author>...</author>
    <email>...</email>
    <time>2019-08-03T21:02:41Z</time>
    <children/>
  </puzzle>
  <puzzle alive="true">
    <issue href="https://github.com/frou/Miniatures/issues/4">4</issue>
    <ticket>0</ticket>
    <estimate>0</estimate>
    <role>DEV</role>
    <id>0-520d1f1d</id>
    <lines>31-31</lines>
    <body>...</body>
    <file>...</file>
    <author>...</author>
    <email>...</email>
    <time>2019-08-03T21:02:41Z</time>
    <children/>
  </puzzle>
  <puzzle alive="true">
    <issue href="https://github.com/frou/Miniatures/issues/5">5</issue>
    <ticket>0</ticket>
    <estimate>0</estimate>
    <role>DEV</role>
    <id>0-a197b04e</id>
    <lines>14-14</lines>
    <body>...</body>
    <file>...</file>
    <author>...</author>
    <email>...</email>
    <time>2019-08-03T21:02:41Z</time>
    <children/>
  </puzzle>
  <puzzle alive="false">
    <issue href="https://github.com/frou/Miniatures/issues/6" closed="2019-08-08T21:48:21+00:00">6</issue>
    <ticket>0</ticket>
    <estimate>0</estimate>
    <role>DEV</role>
    <id>0-f60cdf2d</id>
    <lines>28-28</lines>
    <body>...</body>
    <file>...</file>
    <author>...</author>
    <email>...</email>
    <time>2019-08-06T19:50:58Z</time>
    <children/>
  </puzzle>
  <puzzle alive="false">
    <issue href="https://github.com/frou/Miniatures/issues/7" closed="2019-08-14T15:09:53+00:00">7</issue>
    <ticket>0</ticket>
    <estimate>0</estimate>
    <role>DEV</role>
    <id>0-af5d1bd2</id>
    <lines>1-2</lines>
    <body>...</body>
    <file>...</file>
    <author>...</author>
    <email>...</email>
    <time>2019-08-14T10:25:21Z</time>
    <children/>
  </puzzle>
  <puzzle alive="false">
    <issue href="https://github.com/frou/Miniatures/issues/8" closed="2019-11-30T22:21:23+00:00">8</issue>
    <ticket>0</ticket>
    <estimate>0</estimate>
    <role>DEV</role>
    <id>0-b1f040e1</id>
    <lines>1-2</lines>
    <body>...</body>
    <file>...</file>
    <author>...</author>
    <email>...</email>
    <time>2019-08-29T16:03:41Z</time>
    <children/>
  </puzzle>
  <puzzle alive="true">
    <issue href="https://github.com/frou/Miniatures/issues/9">9</issue>
    <ticket>0</ticket>
    <estimate>0</estimate>
    <role>DEV</role>
    <id>0-940d3879</id>
    <lines>7-7</lines>
    <body>...</body>
    <file>...</file>
    <author>...</author>
    <email>...</email>
    <time>2019-08-30T13:29:35Z</time>
    <children/>
  </puzzle>
  <puzzle alive="false">
    <issue href="https://github.com/frou/Miniatures/issues/10" closed="2019-11-30T22:21:26+00:00">10</issue>
    <ticket>0</ticket>
    <estimate>0</estimate>
    <role>DEV</role>
    <id>0-2eff04e9</id>
    <lines>11-11</lines>
    <body>...</body>
    <file>...</file>
    <author>...</author>
    <email>...</email>
    <time>2019-09-12T19:19:23Z</time>
    <children/>
  </puzzle>
  <puzzle alive="false">
    <issue href="https://github.com/frou/Miniatures/issues/11" closed="2019-11-30T22:21:30+00:00">11</issue>
    <ticket>0</ticket>
    <estimate>0</estimate>
    <role>DEV</role>
    <id>0-6e808924</id>
    <lines>14-14</lines>
    <body>...</body>
    <file>...</file>
    <author>...</author>
    <email>...</email>
    <time>2019-09-12T19:19:23Z</time>
    <children/>
  </puzzle>
  <puzzle alive="false">
    <issue href="https://github.com/frou/Miniatures/issues/13" closed="2020-02-29T16:01:01+00:00">13</issue>
    <ticket>0</ticket>
    <estimate>0</estimate>
    <role>DEV</role>
    <id>0-ffd94327</id>
    <lines>13-13</lines>
    <body>...</body>
    <file>...</file>
    <author>...</author>
    <email>...</email>
    <time>2019-11-29T18:47:16Z</time>
    <children/>
  </puzzle>
  <puzzle alive="false">
    <issue href="https://github.com/frou/Miniatures/issues/14" closed="2020-02-29T16:01:05+00:00">14</issue>
    <ticket>0</ticket>
    <estimate>0</estimate>
    <role>DEV</role>
    <id>0-23082ca9</id>
    <lines>20-20</lines>
    <body>...</body>
    <file>...</file>
    <author>...</author>
    <email>...</email>
    <time>2019-11-29T18:29:18Z</time>
    <children/>
  </puzzle>
  <puzzle alive="false">
    <issue href="https://github.com/frou/Miniatures/issues/15" closed="2020-02-29T16:01:08+00:00">15</issue>
    <ticket>0</ticket>
    <estimate>0</estimate>
    <role>DEV</role>
    <id>0-ec245931</id>
    <lines>62-62</lines>
    <body>...</body>
    <file>...</file>
    <author>...</author>
    <email>...</email>
    <time>2019-12-02T20:14:58Z</time>
    <children/>
  </puzzle>
  <puzzle alive="true">
    <issue href="https://github.com/frou/Miniatures/issues/16">16</issue>
    <ticket>0</ticket>
    <estimate>0</estimate>
    <role>DEV</role>
    <id>0-dca3c8c1</id>
    <lines>4-4</lines>
    <body>...</body>
    <file>...</file>
    <author>...</author>
    <email>...</email>
    <time>2020-02-06T14:38:53Z</time>
    <children/>
  </puzzle>
  <puzzle alive="false">
    <issue href="https://github.com/frou/Miniatures/issues/17" closed="2020-06-08T20:42:05+00:00">17</issue>
    <ticket>0</ticket>
    <estimate>0</estimate>
    <role>DEV</role>
    <id>0-a7ac5ea8</id>
    <lines>4-4</lines>
    <body>...</body>
    <file>...</file>
    <author>...</author>
    <email>...</email>
    <time>2020-02-06T14:38:53Z</time>
    <children/>
  </puzzle>
  <puzzle alive="false">
    <issue href="https://github.com/frou/Miniatures/issues/18" closed="2020-02-29T16:01:11+00:00">18</issue>
    <ticket>0</ticket>
    <estimate>0</estimate>
    <role>DEV</role>
    <id>0-ae66f147</id>
    <lines>6-6</lines>
    <body>...</body>
    <file>...</file>
    <author>...</author>
    <email>...</email>
    <time>2020-02-09T10:44:42Z</time>
    <children/>
  </puzzle>
  <puzzle alive="true">
    <issue href="https://github.com/frou/Miniatures/issues/19">19</issue>
    <ticket>0</ticket>
    <estimate>0</estimate>
    <role>DEV</role>
    <id>0-f6c9cfab</id>
    <lines>1-2</lines>
    <body>...</body>
    <file>...</file>
    <author>...</author>
    <email>...</email>
    <time>2020-02-25T11:08:05Z</time>
    <children/>
  </puzzle>
  <puzzle alive="false">
    <issue href="https://github.com/frou/Miniatures/issues/20" closed="2020-06-08T20:42:09+00:00">20</issue>
    <ticket>0</ticket>
    <estimate>0</estimate>
    <role>DEV</role>
    <id>0-550f019a</id>
    <lines>6-7</lines>
    <body>...</body>
    <file>...</file>
    <author>...</author>
    <email>...</email>
    <time>2020-02-28T17:02:40Z</time>
    <children/>
  </puzzle>
  <puzzle alive="true">
    <issue href="https://github.com/frou/Miniatures/issues/21">21</issue>
    <ticket>0</ticket>
    <estimate>0</estimate>
    <role>DEV</role>
    <id>0-d9e7f948</id>
    <lines>10-10</lines>
    <body>...</body>
    <file>...</file>
    <author>...</author>
    <email>...</email>
    <time>2020-04-05T10:33:17Z</time>
    <children/>
  </puzzle>
  <puzzle alive="false">
    <issue href="https://github.com/frou/Miniatures/issues/22" closed="2020-05-31T17:56:16+00:00">22</issue>
    <ticket>0</ticket>
    <estimate>0</estimate>
    <role>DEV</role>
    <id>0-f791e3e4</id>
    <lines>28-30</lines>
    <body>...</body>
    <file>...</file>
    <author>...</author>
    <email>...</email>
    <time>2020-04-05T08:39:28Z</time>
    <children/>
  </puzzle>
  <puzzle alive="true">
    <issue href="https://github.com/frou/Miniatures/issues/23">23</issue>
    <ticket>0</ticket>
    <estimate>0</estimate>
    <role>DEV</role>
    <id>0-262970e7</id>
    <lines>36-36</lines>
    <body>...</body>
    <file>...</file>
    <author>...</author>
    <email>...</email>
    <time>2020-04-05T08:39:28Z</time>
    <children/>
  </puzzle>
  <puzzle alive="true">
    <issue href="https://github.com/frou/Miniatures/issues/24">24</issue>
    <ticket>0</ticket>
    <estimate>0</estimate>
    <role>DEV</role>
    <id>0-84118d9f</id>
    <lines>33-33</lines>
    <body>...</body>
    <file>...</file>
    <author>...</author>
    <email>...</email>
    <time>2020-04-22T08:52:18Z</time>
    <children/>
  </puzzle>
  <puzzle alive="false">
    <issue href="https://github.com/frou/Miniatures/issues/25" closed="2020-04-25T10:11:57+00:00">25</issue>
    <ticket>0</ticket>
    <estimate>0</estimate>
    <role>DEV</role>
    <id>0-04ec2d7f</id>
    <lines>19-20</lines>
    <body>...</body>
    <file>...</file>
    <author>...</author>
    <email>...</email>
    <time>2020-04-25T09:48:35Z</time>
    <children/>
  </puzzle>
  <puzzle alive="false">
    <issue href="https://github.com/frou/Miniatures/issues/26" closed="2020-04-25T10:12:01+00:00">26</issue>
    <ticket>0</ticket>
    <estimate>0</estimate>
    <role>DEV</role>
    <id>0-ddaccb97</id>
    <lines>22-22</lines>
    <body>...</body>
    <file>...</file>
    <author>...</author>
    <email>...</email>
    <time>2020-04-25T09:48:35Z</time>
    <children/>
  </puzzle>
  <puzzle alive="false">
    <issue href="https://github.com/frou/Miniatures/issues/27" closed="2020-06-01T11:28:23+00:00">27</issue>
    <ticket>0</ticket>
    <estimate>0</estimate>
    <role>DEV</role>
    <id>0-ec264ea4</id>
    <lines>50-53</lines>
    <body>...</body>
    <file>...</file>
    <author>...</author>
    <email>...</email>
    <time>2020-05-31T18:50:52Z</time>
    <children/>
  </puzzle>
  <puzzle alive="true">
    <issue href="https://github.com/frou/Miniatures/issues/28">28</issue>
    <ticket>0</ticket>
    <estimate>0</estimate>
    <role>DEV</role>
    <id>0-30041a8f</id>
    <lines>3-4</lines>
    <body>...</body>
    <file>...</file>
    <author>...</author>
    <email>...</email>
    <time>2020-06-06T17:29:31Z</time>
    <children/>
  </puzzle>
  <puzzle alive="true">
    <issue href="https://github.com/frou/Miniatures/issues/29">29</issue>
    <ticket>0</ticket>
    <estimate>0</estimate>
    <role>DEV</role>
    <id>0-a8f66836</id>
    <lines>8-8</lines>
    <body>...</body>
    <file>...</file>
    <author>...</author>
    <email>...</email>
    <time>2020-06-15T10:49:35Z</time>
    <children/>
  </puzzle>
  <puzzle alive="false">
    <issue href="https://github.com/frou/Miniatures/issues/30" closed="2020-06-15T11:39:34+00:00">30</issue>
    <ticket>0</ticket>
    <estimate>0</estimate>
    <role>DEV</role>
    <id>0-9f240f78</id>
    <lines>34-34</lines>
    <body>...</body>
    <file>...</file>
    <author>...</author>
    <email>...</email>
    <time>2020-06-15T10:48:53Z</time>
    <children/>
  </puzzle>
  <puzzle alive="false">
    <issue href="https://github.com/frou/Miniatures/issues/31" closed="2020-06-15T15:17:11+00:00">31</issue>
    <ticket>0</ticket>
    <estimate>0</estimate>
    <role>DEV</role>
    <id>0-e2225f64</id>
    <lines>43-43</lines>
    <body>...</body>
    <file>...</file>
    <author>...</author>
    <email>...</email>
    <time>2020-06-15T11:02:08Z</time>
    <children/>
  </puzzle>
  <puzzle alive="false">
    <issue href="https://github.com/frou/Miniatures/issues/32" closed="2020-06-16T10:17:07+00:00">32</issue>
    <ticket>0</ticket>
    <estimate>0</estimate>
    <role>DEV</role>
    <id>0-b14c927e</id>
    <lines>123-126</lines>
    <body>...</body>
    <file>...</file>
    <author>...</author>
    <email>...</email>
    <time>2020-06-16T08:54:18Z</time>
    <children/>
  </puzzle>
  <puzzle alive="false">
    <issue href="https://github.com/frou/Miniatures/issues/33" closed="2020-06-16T10:17:13+00:00">33</issue>
    <ticket>0</ticket>
    <estimate>0</estimate>
    <role>DEV</role>
    <id>0-eca9c012</id>
    <lines>134-136</lines>
    <body>...</body>
    <file>...</file>
    <author>...</author>
    <email>...</email>
    <time>2020-06-16T07:17:23Z</time>
    <children/>
  </puzzle>
  <puzzle alive="true">
    <issue href="https://github.com/frou/Miniatures/issues/34">34</issue>
    <ticket>0</ticket>
    <estimate>0</estimate>
    <role>DEV</role>
    <id>0-57db8cb9</id>
    <lines>28-30</lines>
    <body>...</body>
    <file>...</file>
    <author>...</author>
    <email>...</email>
    <time>2020-06-16T12:44:05Z</time>
    <children/>
  </puzzle>
</puzzles>
