<?xml version="1.0"?>
<puzzles xmlns:xsi="http://www.w3.org/2001/XMLSchema-instance" xsi:noNamespaceSchemaLocation="http://www.0pdd.com/puzzles.xsd" date="2019-11-12T19:51:00+00:00" version="BUILD">
  <puzzle alive="false">
    <issue href="https://github.com/frou/PDD/issues/1" closed="2019-03-07T20:22:51+00:00">1</issue>
    <ticket>0</ticket>
    <estimate>0</estimate>
    <role>DEV</role>
    <id>0-23f14a9d</id>
    <lines>1-1</lines>
    <body>...</body>
    <file>...</file>
    <author>...</author>
    <email>...</email>
    <time>2019-03-07T15:56:02Z</time>
    <children>
      <puzzle alive="false">
        <issue href="https://github.com/frou/PDD/issues/2" closed="2019-03-09T19:58:32+00:00">2</issue>
        <ticket>1</ticket>
        <estimate>0</estimate>
        <role>DEV</role>
        <id>1-8a3499be</id>
        <lines>34-34</lines>
        <body>...</body>
        <file>...</file>
        <author>...</author>
        <email>...</email>
        <time>2019-03-07T20:22:21Z</time>
        <children>
          <puzzle alive="false">
            <issue href="https://github.com/frou/PDD/issues/7" closed="2019-03-09T20:08:06+00:00">7</issue>
            <ticket>2</ticket>
            <estimate>0</estimate>
            <role>DEV</role>
            <id>2-92544584</id>
            <lines>35-35</lines>
            <body>...</body>
            <file>...</file>
            <author>...</author>
            <email>...</email>
            <time>2019-03-09T19:57:58Z</time>
            <children/>
          </puzzle>
        </children>
      </puzzle>
      <puzzle alive="false">
        <issue href="https://github.com/frou/PDD/issues/3" closed="2019-03-09T19:14:19+00:00">3</issue>
        <ticket>1</ticket>
        <estimate>0</estimate>
        <role>DEV</role>
        <id>1-39a5e26a</id>
        <lines>44-44</lines>
        <body>...</body>
        <file>...</file>
        <author>...</author>
        <email>...</email>
        <time>2019-03-07T20:22:21Z</time>
        <children>
          <puzzle alive="false">
            <issue href="https://github.com/frou/PDD/issues/6" closed="2019-03-09T19:20:45+00:00">6</issue>
            <ticket>3</ticket>
            <estimate>0</estimate>
            <role>DEV</role>
            <id>3-9d1ef061</id>
            <lines>55-55</lines>
            <body>...</body>
            <file>...</file>
            <author>...</author>
            <email>...</email>
            <time>2019-03-09T19:12:58Z</time>
            <children/>
          </puzzle>
        </children>
      </puzzle>
    </children>
  </puzzle>
  <puzzle alive="false">
    <issue href="https://github.com/frou/PDD/issues/4" closed="2019-03-09T20:25:10+00:00">4</issue>
    <ticket>0</ticket>
    <estimate>0</estimate>
    <role>DEV</role>
    <id>0-066aa046</id>
    <lines>7-7</lines>
    <body>...</body>
    <file>...</file>
    <author>...</author>
    <email>...</email>
    <time>2019-03-07T20:32:14Z</time>
    <children/>
  </puzzle>
  <puzzle alive="false">
    <issue href="https://github.com/frou/PDD/issues/5" closed="2019-03-09T20:25:12+00:00">5</issue>
    <ticket>0</ticket>
    <estimate>0</estimate>
    <role>DEV</role>
    <id>0-93b2b8ad</id>
    <lines>9-9</lines>
    <body>...</body>
    <file>...</file>
    <author>...</author>
    <email>...</email>
    <time>2019-03-07T20:32:14Z</time>
    <children/>
  </puzzle>
  <puzzle alive="false">
    <issue href="https://github.com/frou/PDD/issues/8" closed="2019-03-10T10:25:28+00:00">8</issue>
    <ticket>0</ticket>
    <estimate>0</estimate>
    <role>DEV</role>
    <id>0-9b158f2f</id>
    <lines>3-3</lines>
    <body>...</body>
    <file>...</file>
    <author>...</author>
    <email>...</email>
    <time>2019-03-10T09:11:28Z</time>
    <children/>
  </puzzle>
  <puzzle alive="false">
    <issue href="https://github.com/frou/PDD/issues/9" closed="2019-07-05T18:45:12+00:00">9</issue>
    <ticket>0</ticket>
    <estimate>0</estimate>
    <role>DEV</role>
    <id>0-a3e3ea19</id>
    <lines>4-4</lines>
    <body>...</body>
    <file>...</file>
    <author>...</author>
    <email>...</email>
    <time>2019-07-01T11:56:46Z</time>
    <children/>
  </puzzle>
  <puzzle alive="false">
    <issue href="https://github.com/frou/PDD/issues/10" closed="2019-07-30T19:09:51+00:00">10</issue>
    <ticket>0</ticket>
    <estimate>0</estimate>
    <role>DEV</role>
    <id>0-082b55c5</id>
    <lines>4-4</lines>
    <body>...</body>
    <file>...</file>
    <author>...</author>
    <email>...</email>
    <time>2019-07-02T10:05:30Z</time>
    <children/>
  </puzzle>
  <puzzle alive="false">
    <issue href="https://github.com/frou/PDD/issues/11" closed="2019-08-12T18:49:04+00:00">11</issue>
    <ticket>0</ticket>
    <estimate>0</estimate>
    <role>DEV</role>
    <id>0-c8a40f5d</id>
    <lines>18-18</lines>
    <body>...</body>
    <file>...</file>
    <author>...</author>
    <email>...</email>
    <time>2019-07-29T19:51:13Z</time>
    <children/>
  </puzzle>
  <puzzle alive="true">
    <issue href="https://github.com/frou/PDD/issues/12">12</issue>
    <ticket>0</ticket>
    <estimate>0</estimate>
    <role>DEV</role>
    <id>0-d2ee884d</id>
    <lines>3-3</lines>
    <body>...</body>
    <file>...</file>
    <author>...</author>
    <email>...</email>
    <time>2019-08-03T21:13:46Z</time>
    <children/>
  </puzzle>
  <puzzle alive="false">
    <issue href="https://github.com/frou/PDD/issues/13" closed="2019-11-01T15:12:46+00:00">13</issue>
    <ticket>0</ticket>
    <estimate>0</estimate>
    <role>DEV</role>
    <id>0-0bb6853b</id>
    <lines>31-32</lines>
    <body>...</body>
    <file>...</file>
    <author>...</author>
    <email>...</email>
    <time>2019-08-06T09:17:59Z</time>
    <children/>
  </puzzle>
  <puzzle alive="false">
    <issue href="https://github.com/frou/PDD/issues/14" closed="2019-11-01T16:47:20+00:00">14</issue>
    <ticket>0</ticket>
    <estimate>0</estimate>
    <role>DEV</role>
    <id>0-dc93e09b</id>
    <lines>33-33</lines>
    <body>...</body>
    <file>...</file>
    <author>...</author>
    <email>...</email>
    <time>2019-09-19T09:25:33Z</time>
    <children>
      <puzzle alive="false">
        <issue href="https://github.com/frou/PDD/issues/15" closed="2019-11-12T13:40:11+00:00">15</issue>
        <ticket>14</ticket>
        <estimate>0</estimate>
        <role>DEV</role>
        <id>14-a2a21a98</id>
        <lines>51-51</lines>
        <body>...</body>
        <file>...</file>
        <author>...</author>
        <email>...</email>
        <time>2019-11-01T16:46:14Z</time>
        <children/>
      </puzzle>
      <puzzle alive="false">
        <issue href="https://github.com/frou/PDD/issues/16" closed="2019-11-12T13:40:15+00:00">16</issue>
        <ticket>14</ticket>
        <estimate>0</estimate>
        <role>DEV</role>
        <id>14-959435da</id>
        <lines>23-23</lines>
        <body>...</body>
        <file>...</file>
        <author>...</author>
        <email>...</email>
        <time>2019-11-01T16:57:44Z</time>
        <children/>
      </puzzle>
    </children>
  </puzzle>
  <puzzle alive="true">
    <issue href="https://github.com/frou/PDD/issues/17">17</issue>
    <ticket>0</ticket>
    <estimate>0</estimate>
    <role>DEV</role>
    <id>0-8a6ab7e4</id>
    <lines>6-6</lines>
    <body>...</body>
    <file>...</file>
    <author>...</author>
    <email>...</email>
    <time>2019-11-01T16:57:44Z</time>
    <children/>
  </puzzle>
  <puzzle alive="false">
    <issue href="https://github.com/frou/PDD/issues/18" closed="2019-11-06T18:48:26+00:00">18</issue>
    <ticket>0</ticket>
    <estimate>0</estimate>
    <role>DEV</role>
    <id>0-fd156a86</id>
    <lines>65-66</lines>
    <body>...</body>
    <file>...</file>
    <author>...</author>
    <email>...</email>
    <time>2019-11-02T10:08:51Z</time>
    <children/>
  </puzzle>
  <puzzle alive="false">
    <issue href="https://github.com/frou/PDD/issues/19" closed="2019-11-12T19:51:00+00:00">19</issue>
    <ticket>0</ticket>
    <estimate>0</estimate>
    <role>DEV</role>
    <id>0-80fb974d</id>
    <lines>9-9</lines>
    <body>...</body>
    <file>...</file>
    <author>...</author>
    <email>...</email>
    <time>2019-11-06T18:47:49Z</time>
    <children/>
  </puzzle>
  <puzzle alive="false">
    <issue href="https://github.com/frou/PDD/issues/20" closed="2019-11-12T17:51:56+00:00">20</issue>
    <ticket>0</ticket>
    <estimate>0</estimate>
    <role>DEV</role>
    <id>0-6db89f13</id>
    <lines>64-64</lines>
    <body>...</body>
    <file>...</file>
    <author>...</author>
    <email>...</email>
    <time>2019-11-12T10:42:57Z</time>
    <children/>
  </puzzle>
</puzzles>
