<?xml version="1.0"?>
<puzzles xmlns:xsi="http://www.w3.org/2001/XMLSchema-instance" xsi:noNamespaceSchemaLocation="http://www.0pdd.com/puzzles.xsd" date="2020-06-08T08:51:38+00:00" version="0.30.21">
  <puzzle alive="true">
    <issue href="https://github.com/frou/scpt/issues/1">1</issue>
    <ticket>0</ticket>
    <estimate>0</estimate>
    <role>DEV</role>
    <id>0-142b073d</id>
    <lines>7-10</lines>
    <body>...</body>
    <file>...</file>
    <author>...</author>
    <email>...</email>
    <time>2020-05-24T18:10:17Z</time>
    <children/>
  </puzzle>
  <puzzle alive="false">
    <issue href="https://github.com/frou/scpt/issues/2" closed="2020-05-24T18:49:49+00:00">2</issue>
    <ticket>0</ticket>
    <estimate>0</estimate>
    <role>DEV</role>
    <id>0-6cfb06f3</id>
    <lines>12-18</lines>
    <body>...</body>
    <file>...</file>
    <author>...</author>
    <email>...</email>
    <time>2020-05-24T18:10:17Z</time>
    <children/>
  </puzzle>
  <puzzle alive="false">
    <issue href="https://github.com/frou/scpt/issues/3" closed="2020-05-24T20:14:16+00:00">3</issue>
    <ticket>0</ticket>
    <estimate>0</estimate>
    <role>DEV</role>
    <id>0-4f0c1ee3</id>
    <lines>15-15</lines>
    <body>...</body>
    <file>...</file>
    <author>...</author>
    <email>...</email>
    <time>2020-05-24T18:49:24Z</time>
    <children/>
  </puzzle>
  <puzzle alive="false">
    <issue href="https://github.com/frou/scpt/issues/4" closed="2020-05-25T08:13:07+00:00">4</issue>
    <ticket>0</ticket>
    <estimate>0</estimate>
    <role>DEV</role>
    <id>0-59120299</id>
    <lines>11-11</lines>
    <body>...</body>
    <file>...</file>
    <author>...</author>
    <email>...</email>
    <time>2020-05-25T07:06:01Z</time>
    <children/>
  </puzzle>
  <puzzle alive="false">
    <issue href="https://github.com/frou/scpt/issues/5" closed="2020-06-08T08:51:38+00:00">5</issue>
    <ticket>0</ticket>
    <estimate>0</estimate>
    <role>DEV</role>
    <id>0-79676611</id>
    <lines>11-14</lines>
    <body>...</body>
    <file>...</file>
    <author>...</author>
    <email>...</email>
    <time>2020-06-06T08:50:36Z</time>
    <children/>
  </puzzle>
</puzzles>
