<?xml version="1.0"?>
<puzzles xmlns:xsi="http://www.w3.org/2001/XMLSchema-instance" xsi:noNamespaceSchemaLocation="http://www.0pdd.com/puzzles.xsd" date="2020-06-09T09:52:29+00:00" version="0.30.21">
  <puzzle alive="true">
    <issue href="https://github.com/frou/SublimePDD/issues/21">21</issue>
    <ticket>0</ticket>
    <estimate>0</estimate>
    <role>DEV</role>
    <id>0-d2ee884d</id>
    <lines>3-3</lines>
    <body>...</body>
    <file>...</file>
    <author>...</author>
    <email>...</email>
    <time>2019-11-12T19:54:15Z</time>
    <children/>
  </puzzle>
  <puzzle alive="true">
    <issue href="https://github.com/frou/SublimePDD/issues/22">22</issue>
    <ticket>0</ticket>
    <estimate>0</estimate>
    <role>DEV</role>
    <id>0-30041a8f</id>
    <lines>3-4</lines>
    <body>...</body>
    <file>...</file>
    <author>...</author>
    <email>...</email>
    <time>2020-06-06T17:28:05Z</time>
    <children/>
  </puzzle>
</puzzles>
