<?xml version="1.0"?>
<puzzles xmlns:xsi="http://www.w3.org/2001/XMLSchema-instance" xsi:noNamespaceSchemaLocation="http://www.0pdd.com/puzzles.xsd" date="2017-12-04T11:23:09+00:00" version="0.27">
  <puzzle alive="false">
    <issue href="https://github.com/extsoft/insight/issues/13">13</issue>
    <ticket>1</ticket>
    <estimate>0</estimate>
    <role>IMP</role>
    <id>1-c74748f1</id>
    <lines>3-3</lines>
    <body>...</body>
    <file>...</file>
    <author>...</author>
    <email>...</email>
    <time>2017-04-12T15:10:10Z</time>
    <children/>
  </puzzle>
  <puzzle alive="false">
    <issue href="https://github.com/extsoft/insight/issues/14">14</issue>
    <ticket>2</ticket>
    <estimate>0</estimate>
    <role>IMP</role>
    <id>2-c8fa5564</id>
    <lines>5-7</lines>
    <body>...</body>
    <file>...</file>
    <author>...</author>
    <email>...</email>
    <time>2017-04-12T15:10:10Z</time>
    <children/>
  </puzzle>
  <puzzle alive="false">
    <issue href="https://github.com/extsoft/insight/issues/15">15</issue>
    <ticket>3</ticket>
    <estimate>0</estimate>
    <role>IMP</role>
    <id>3-9672a126</id>
    <lines>9-11</lines>
    <body>...</body>
    <file>...</file>
    <author>...</author>
    <email>...</email>
    <time>2017-04-12T15:10:10Z</time>
    <children/>
  </puzzle>
  <puzzle alive="false">
    <issue href="https://github.com/extsoft/insight/issues/18">18</issue>
    <ticket>8</ticket>
    <estimate>30</estimate>
    <role>IMP</role>
    <id>8-0548e82a</id>
    <lines>62-62</lines>
    <body>...</body>
    <file>...</file>
    <author>...</author>
    <email>...</email>
    <time>2017-04-14T18:12:26Z</time>
    <children>
      <puzzle alive="true">
        <issue href="https://github.com/extsoft/insight/issues/20">20</issue>
        <ticket>18</ticket>
        <estimate>0</estimate>
        <role>IMP</role>
        <id>18-90ce2e2b</id>
        <lines>3-3</lines>
        <body>...</body>
        <file>...</file>
        <author>...</author>
        <email>...</email>
        <time>2017-04-15T19:00:39Z</time>
        <children/>
      </puzzle>
    </children>
  </puzzle>
  <puzzle alive="false">
    <issue href="https://github.com/extsoft/insight/issues/19">19</issue>
    <ticket>7</ticket>
    <estimate>0</estimate>
    <role>IMP</role>
    <id>7-307ffd96</id>
    <lines>109-109</lines>
    <body>...</body>
    <file>...</file>
    <author>...</author>
    <email>...</email>
    <time>2017-04-14T20:34:32Z</time>
    <children/>
  </puzzle>
</puzzles>
