<?xml version="1.0"?>
<puzzles xmlns:xsi="http://www.w3.org/2001/XMLSchema-instance" xsi:noNamespaceSchemaLocation="http://www.0pdd.com/puzzles.xsd" date="2019-05-14T01:35:58+00:00" version="0.30.16">
  <puzzle alive="false">
    <issue href="https://github.com/gorbatovea/chatbot-constructor/issues/132" closed="2019-05-10T21:53:17+00:00">132</issue>
    <ticket>CC-31</ticket>
    <estimate>0</estimate>
    <role>DEV</role>
    <id>CC-31-77f5d499</id>
    <lines>48-48</lines>
    <body>...</body>
    <file>...</file>
    <author>...</author>
    <email>...</email>
    <time>2019-04-15T10:38:06Z</time>
    <children/>
  </puzzle>
  <puzzle alive="true">
    <issue href="https://github.com/gorbatovea/chatbot-constructor/issues/133">133</issue>
    <ticket>CC-19</ticket>
    <estimate>0</estimate>
    <role>DEV</role>
    <id>CC-19-af930167</id>
    <lines>13-13</lines>
    <body>...</body>
    <file>...</file>
    <author>...</author>
    <email>...</email>
    <time>2019-04-15T10:38:06Z</time>
    <children/>
  </puzzle>
  <puzzle alive="false">
    <issue href="https://github.com/gorbatovea/chatbot-constructor/issues/134" closed="2019-04-23T18:25:55+00:00">134</issue>
    <ticket>CC-63</ticket>
    <estimate>0</estimate>
    <role>DEV</role>
    <id>CC-63-ab3b4207</id>
    <lines>45-45</lines>
    <body>...</body>
    <file>...</file>
    <author>...</author>
    <email>...</email>
    <time>2019-04-15T10:38:06Z</time>
    <children/>
  </puzzle>
  <puzzle alive="true">
    <issue href="https://github.com/gorbatovea/chatbot-constructor/issues/135">135</issue>
    <ticket>CC-4</ticket>
    <estimate>0</estimate>
    <role>DEV</role>
    <id>CC-4-48d6183f</id>
    <lines>30-30</lines>
    <body>...</body>
    <file>...</file>
    <author>...</author>
    <email>...</email>
    <time>2019-04-15T10:38:06Z</time>
    <children/>
  </puzzle>
  <puzzle alive="true">
    <issue href="https://github.com/gorbatovea/chatbot-constructor/issues/136">136</issue>
    <ticket>CC-63</ticket>
    <estimate>0</estimate>
    <role>DEV</role>
    <id>CC-63-a5b5a6a5</id>
    <lines>73-73</lines>
    <body>...</body>
    <file>...</file>
    <author>...</author>
    <email>...</email>
    <time>2019-04-15T10:38:06Z</time>
    <children/>
  </puzzle>
  <puzzle alive="false">
    <issue href="https://github.com/gorbatovea/chatbot-constructor/issues/137" closed="2019-04-16T18:22:06+00:00">137</issue>
    <ticket>CC-63</ticket>
    <estimate>0</estimate>
    <role>DEV</role>
    <id>CC-63-10c4a8c0</id>
    <lines>13-13</lines>
    <body>...</body>
    <file>...</file>
    <author>...</author>
    <email>...</email>
    <time>2019-04-15T10:38:06Z</time>
    <children/>
  </puzzle>
  <puzzle alive="true">
    <issue href="https://github.com/gorbatovea/chatbot-constructor/issues/138">138</issue>
    <ticket>CC-63</ticket>
    <estimate>0</estimate>
    <role>DEV</role>
    <id>CC-63-9f1ffdf0</id>
    <lines>11-11</lines>
    <body>...</body>
    <file>...</file>
    <author>...</author>
    <email>...</email>
    <time>2019-04-15T10:38:06Z</time>
    <children/>
  </puzzle>
  <puzzle alive="false">
    <issue href="https://github.com/gorbatovea/chatbot-constructor/issues/139" closed="2019-04-16T18:22:08+00:00">139</issue>
    <ticket>CC-91</ticket>
    <estimate>0</estimate>
    <role>DEV</role>
    <id>CC-91-3eae7742</id>
    <lines>85-85</lines>
    <body>...</body>
    <file>...</file>
    <author>...</author>
    <email>...</email>
    <time>2019-04-15T10:38:06Z</time>
    <children/>
  </puzzle>
  <puzzle alive="true">
    <issue href="https://github.com/gorbatovea/chatbot-constructor/issues/140">140</issue>
    <ticket>CC-36</ticket>
    <estimate>0</estimate>
    <role>DEV</role>
    <id>CC-36-e015d400</id>
    <lines>197-197</lines>
    <body>...</body>
    <file>...</file>
    <author>...</author>
    <email>...</email>
    <time>2019-04-15T10:38:06Z</time>
    <children/>
  </puzzle>
  <puzzle alive="false">
    <issue href="https://github.com/gorbatovea/chatbot-constructor/issues/144" closed="2019-05-10T21:53:19+00:00">144</issue>
    <ticket>CC-91</ticket>
    <estimate>0</estimate>
    <role>DEV</role>
    <id>CC-91-d6c050c4</id>
    <lines>83-83</lines>
    <body>...</body>
    <file>...</file>
    <author>...</author>
    <email>...</email>
    <time>2019-04-16T18:21:55Z</time>
    <children/>
  </puzzle>
  <puzzle alive="true">
    <issue href="https://github.com/gorbatovea/chatbot-constructor/issues/152">152</issue>
    <ticket>CC-134</ticket>
    <estimate>0</estimate>
    <role>DEV</role>
    <id>CC-134-ac8e8188</id>
    <lines>82-82</lines>
    <body>...</body>
    <file>...</file>
    <author>...</author>
    <email>...</email>
    <time>2019-04-23T18:25:47Z</time>
    <children/>
  </puzzle>
  <puzzle alive="true">
    <issue href="https://github.com/gorbatovea/chatbot-constructor/issues/167" closed="2019-05-10T21:53:21+00:00">167</issue>
    <ticket>CC-141</ticket>
    <estimate>0</estimate>
    <role>DEV</role>
    <id>CC-141-fa2e8e27</id>
    <lines>9-9</lines>
    <body>...</body>
    <file>...</file>
    <author>...</author>
    <email>...</email>
    <time>2019-04-28T23:33:22Z</time>
    <children/>
  </puzzle>
  <puzzle alive="false">
    <issue href="https://github.com/gorbatovea/chatbot-constructor/issues/168" closed="2019-05-10T21:53:23+00:00">168</issue>
    <ticket>CC-141</ticket>
    <estimate>0</estimate>
    <role>DEV</role>
    <id>CC-141-6a93d9ab</id>
    <lines>62-62</lines>
    <body>...</body>
    <file>...</file>
    <author>...</author>
    <email>...</email>
    <time>2019-04-28T23:33:22Z</time>
    <children/>
  </puzzle>
  <puzzle alive="false">
    <issue href="https://github.com/gorbatovea/chatbot-constructor/issues/169" closed="2019-05-10T21:53:26+00:00">169</issue>
    <ticket>CC-141</ticket>
    <estimate>0</estimate>
    <role>DEV</role>
    <id>CC-141-d13e20c2</id>
    <lines>137-137</lines>
    <body>...</body>
    <file>...</file>
    <author>...</author>
    <email>...</email>
    <time>2019-04-28T23:33:22Z</time>
    <children/>
  </puzzle>
  <puzzle alive="false">
    <issue href="https://github.com/gorbatovea/chatbot-constructor/issues/170" closed="2019-05-10T21:53:28+00:00">170</issue>
    <ticket>CC-141</ticket>
    <estimate>0</estimate>
    <role>DEV</role>
    <id>CC-141-059e200f</id>
    <lines>47-47</lines>
    <body>...</body>
    <file>...</file>
    <author>...</author>
    <email>...</email>
    <time>2019-04-28T23:33:22Z</time>
    <children/>
  </puzzle>
  <puzzle alive="false">
    <issue href="https://github.com/gorbatovea/chatbot-constructor/issues/171" closed="2019-05-10T21:53:30+00:00">171</issue>
    <ticket>CC-141</ticket>
    <estimate>0</estimate>
    <role>DEV</role>
    <id>CC-141-009505f8</id>
    <lines>54-54</lines>
    <body>...</body>
    <file>...</file>
    <author>...</author>
    <email>...</email>
    <time>2019-04-28T23:33:22Z</time>
    <children/>
  </puzzle>
  <puzzle alive="false">
    <issue href="https://github.com/gorbatovea/chatbot-constructor/issues/172" closed="2019-05-10T21:53:32+00:00">172</issue>
    <ticket>CC-141</ticket>
    <estimate>0</estimate>
    <role>DEV</role>
    <id>CC-141-a71f1def</id>
    <lines>70-70</lines>
    <body>...</body>
    <file>...</file>
    <author>...</author>
    <email>...</email>
    <time>2019-04-28T23:33:22Z</time>
    <children/>
  </puzzle>
  <puzzle alive="false">
    <issue href="https://github.com/gorbatovea/chatbot-constructor/issues/173" closed="2019-05-01T13:42:25+00:00">173</issue>
    <ticket>CC-165</ticket>
    <estimate>0</estimate>
    <role>DEV</role>
    <id>CC-165-59ee3d9b</id>
    <lines>8-8</lines>
    <body>...</body>
    <file>...</file>
    <author>...</author>
    <email>...</email>
    <time>2019-04-29T09:03:13Z</time>
    <children/>
  </puzzle>
  <puzzle alive="false">
    <issue href="https://github.com/gorbatovea/chatbot-constructor/issues/174" closed="2019-05-01T13:42:27+00:00">174</issue>
    <ticket>CC-165</ticket>
    <estimate>0</estimate>
    <role>DEV</role>
    <id>CC-165-dedbc71b</id>
    <lines>21-21</lines>
    <body>...</body>
    <file>...</file>
    <author>...</author>
    <email>...</email>
    <time>2019-04-29T09:03:13Z</time>
    <children/>
  </puzzle>
  <puzzle alive="false">
    <issue href="https://github.com/gorbatovea/chatbot-constructor/issues/183" closed="2019-05-10T21:53:34+00:00">183</issue>
    <ticket>CC-173</ticket>
    <estimate>0</estimate>
    <role>DEV</role>
    <id>CC-173-80e3e374</id>
    <lines>30-30</lines>
    <body>...</body>
    <file>...</file>
    <author>...</author>
    <email>...</email>
    <time>2019-05-02T19:19:45Z</time>
    <children/>
  </puzzle>
  <puzzle alive="false">
    <issue href="https://github.com/gorbatovea/chatbot-constructor/issues/184" closed="2019-05-10T21:53:36+00:00">184</issue>
    <ticket>CC-173</ticket>
    <estimate>0</estimate>
    <role>DEV</role>
    <id>CC-173-ae22fe93</id>
    <lines>37-37</lines>
    <body>...</body>
    <file>...</file>
    <author>...</author>
    <email>...</email>
    <time>2019-05-02T17:38:34Z</time>
    <children/>
  </puzzle>
  <puzzle alive="true">
    <issue href="https://github.com/gorbatovea/chatbot-constructor/issues/239">239</issue>
    <ticket>CC-212</ticket>
    <estimate>0</estimate>
    <role>DEV</role>
    <id>CC-212-b92aeefd</id>
    <lines>4-4</lines>
    <body>...</body>
    <file>...</file>
    <author>...</author>
    <email>...</email>
    <time>2019-05-10T21:32:14Z</time>
    <children/>
  </puzzle>
  <puzzle alive="true">
    <issue href="https://github.com/gorbatovea/chatbot-constructor/issues/240">240</issue>
    <ticket>CC-212</ticket>
    <estimate>0</estimate>
    <role>DEV</role>
    <id>CC-212-e4878b9a</id>
    <lines>111-111</lines>
    <body>...</body>
    <file>...</file>
    <author>...</author>
    <email>...</email>
    <time>2019-05-10T21:32:14Z</time>
    <children/>
  </puzzle>
  <puzzle alive="true">
    <issue href="https://github.com/gorbatovea/chatbot-constructor/issues/241">241</issue>
    <ticket>CC-185</ticket>
    <estimate>0</estimate>
    <role>DEV</role>
    <id>CC-185-94b668f5</id>
    <lines>70-70</lines>
    <body>...</body>
    <file>...</file>
    <author>...</author>
    <email>...</email>
    <time>2019-05-10T21:32:14Z</time>
    <children/>
  </puzzle>
  <puzzle alive="false">
    <issue href="https://github.com/gorbatovea/chatbot-constructor/issues/242" closed="2019-05-14T00:14:54+00:00">242</issue>
    <ticket>CC-185</ticket>
    <estimate>0</estimate>
    <role>DEV</role>
    <id>CC-185-fe27a499</id>
    <lines>72-72</lines>
    <body>...</body>
    <file>...</file>
    <author>...</author>
    <email>...</email>
    <time>2019-05-10T21:32:14Z</time>
    <children/>
  </puzzle>
  <puzzle alive="false">
    <issue href="https://github.com/gorbatovea/chatbot-constructor/issues/243" closed="2019-05-14T00:14:56+00:00">243</issue>
    <ticket>CC-163</ticket>
    <estimate>0</estimate>
    <role>DEV</role>
    <id>CC-163-6c9b7930</id>
    <lines>86-86</lines>
    <body>...</body>
    <file>...</file>
    <author>...</author>
    <email>...</email>
    <time>2019-05-10T21:32:14Z</time>
    <children/>
  </puzzle>
  <puzzle alive="false">
    <issue href="https://github.com/gorbatovea/chatbot-constructor/issues/244" closed="2019-05-14T00:14:57+00:00">244</issue>
    <ticket>CC-141</ticket>
    <estimate>0</estimate>
    <role>DEV</role>
    <id>CC-141-2cdadc04</id>
    <lines>94-94</lines>
    <body>...</body>
    <file>...</file>
    <author>...</author>
    <email>...</email>
    <time>2019-05-10T21:32:14Z</time>
    <children/>
  </puzzle>
  <puzzle alive="false">
    <issue href="https://github.com/gorbatovea/chatbot-constructor/issues/245" closed="2019-05-14T00:14:58+00:00">245</issue>
    <ticket>CC-141</ticket>
    <estimate>0</estimate>
    <role>DEV</role>
    <id>CC-141-003a47c2</id>
    <lines>110-110</lines>
    <body>...</body>
    <file>...</file>
    <author>...</author>
    <email>...</email>
    <time>2019-05-10T21:32:14Z</time>
    <children/>
  </puzzle>
  <puzzle alive="true">
    <issue href="https://github.com/gorbatovea/chatbot-constructor/issues/246">246</issue>
    <ticket>CC-163</ticket>
    <estimate>0</estimate>
    <role>DEV</role>
    <id>CC-163-5b869d02</id>
    <lines>245-245</lines>
    <body>...</body>
    <file>...</file>
    <author>...</author>
    <email>...</email>
    <time>2019-05-10T21:32:14Z</time>
    <children/>
  </puzzle>
  <puzzle alive="false">
    <issue href="https://github.com/gorbatovea/chatbot-constructor/issues/247" closed="2019-05-14T00:15:00+00:00">247</issue>
    <ticket>CC-141</ticket>
    <estimate>0</estimate>
    <role>DEV</role>
    <id>CC-141-c8d37be2</id>
    <lines>9-9</lines>
    <body>...</body>
    <file>...</file>
    <author>...</author>
    <email>...</email>
    <time>2019-05-10T21:32:14Z</time>
    <children/>
  </puzzle>
  <puzzle alive="true">
    <issue href="https://github.com/gorbatovea/chatbot-constructor/issues/274">274</issue>
    <ticket>CC-185</ticket>
    <estimate>0</estimate>
    <role>DEV</role>
    <id>CC-185-d419aee0</id>
    <lines>92-92</lines>
    <body>...</body>
    <file>...</file>
    <author>...</author>
    <email>...</email>
    <time>2019-05-14T00:07:33Z</time>
    <children/>
  </puzzle>
  <puzzle alive="false">
    <issue href="https://github.com/gorbatovea/chatbot-constructor/issues/275" closed="2019-05-14T00:31:15+00:00">275</issue>
    <ticket>CC-250</ticket>
    <estimate>0</estimate>
    <role>DEV</role>
    <id>CC-250-071507b5</id>
    <lines>178-178</lines>
    <body>...</body>
    <file>...</file>
    <author>...</author>
    <email>...</email>
    <time>2019-05-14T00:07:33Z</time>
    <children/>
  </puzzle>
</puzzles>
