<?xml version="1.0"?>
<puzzles xmlns:xsi="http://www.w3.org/2001/XMLSchema-instance" xsi:noNamespaceSchemaLocation="http://www.0pdd.com/puzzles.xsd" date="2020-06-26T12:11:55+00:00" version="0.30.21">
  <puzzle alive="false">
    <issue href="https://github.com/yegor256/aibolit/issues/158" closed="2020-05-13T06:45:44+00:00">158</issue>
    <ticket>131</ticket>
    <estimate>30</estimate>
    <role>DEV</role>
    <id>131-820bc5fe</id>
    <lines>14-17</lines>
    <body>...</body>
    <file>...</file>
    <author>...</author>
    <email>...</email>
    <time>2020-04-02T18:14:01Z</time>
    <children/>
  </puzzle>
  <puzzle alive="false">
    <issue href="https://github.com/yegor256/aibolit/issues/159" closed="2020-05-13T06:45:48+00:00">159</issue>
    <ticket>131</ticket>
    <estimate>30</estimate>
    <role>DEV</role>
    <id>131-26d15f59</id>
    <lines>12-15</lines>
    <body>...</body>
    <file>...</file>
    <author>...</author>
    <email>...</email>
    <time>2020-04-02T13:00:09Z</time>
    <children/>
  </puzzle>
  <puzzle alive="false">
    <issue href="https://github.com/yegor256/aibolit/issues/160" closed="2020-05-13T06:45:52+00:00">160</issue>
    <ticket>131</ticket>
    <estimate>30</estimate>
    <role>DEV</role>
    <id>131-15497229</id>
    <lines>70-73</lines>
    <body>...</body>
    <file>...</file>
    <author>...</author>
    <email>...</email>
    <time>2020-04-02T13:00:09Z</time>
    <children/>
  </puzzle>
  <puzzle alive="false">
    <issue href="https://github.com/yegor256/aibolit/issues/281" closed="2020-06-26T12:11:55+00:00">281</issue>
    <ticket>142</ticket>
    <estimate>30</estimate>
    <role>DEV</role>
    <id>142-80952438</id>
    <lines>30-32</lines>
    <body>...</body>
    <file>...</file>
    <author>...</author>
    <email>...</email>
    <time>2020-04-26T21:12:20Z</time>
    <children/>
  </puzzle>
  <puzzle alive="true">
    <issue href="https://github.com/yegor256/aibolit/issues/282">282</issue>
    <ticket>139</ticket>
    <estimate>30</estimate>
    <role>DEV</role>
    <id>139-732b1bcc</id>
    <lines>12-17</lines>
    <body>...</body>
    <file>...</file>
    <author>...</author>
    <email>...</email>
    <time>2020-04-24T21:44:45Z</time>
    <children/>
  </puzzle>
  <puzzle alive="true">
    <issue href="https://github.com/yegor256/aibolit/issues/283">283</issue>
    <ticket>147</ticket>
    <estimate>30</estimate>
    <role>DEV</role>
    <id>147-d9d6862a</id>
    <lines>13-16</lines>
    <body>...</body>
    <file>...</file>
    <author>...</author>
    <email>...</email>
    <time>2020-04-24T19:19:03Z</time>
    <children/>
  </puzzle>
  <puzzle alive="false">
    <issue href="https://github.com/yegor256/aibolit/issues/284" closed="2020-06-22T15:41:58+00:00">284</issue>
    <ticket>141</ticket>
    <estimate>30</estimate>
    <role>DEV</role>
    <id>141-6e9388cb</id>
    <lines>7-9</lines>
    <body>...</body>
    <file>...</file>
    <author>...</author>
    <email>...</email>
    <time>2020-04-26T21:12:20Z</time>
    <children/>
  </puzzle>
  <puzzle alive="true">
    <issue href="https://github.com/yegor256/aibolit/issues/285">285</issue>
    <ticket>183</ticket>
    <estimate>30</estimate>
    <role>DEV</role>
    <id>183-069e5295</id>
    <lines>27-31</lines>
    <body>...</body>
    <file>...</file>
    <author>...</author>
    <email>...</email>
    <time>2020-04-25T23:55:09Z</time>
    <children/>
  </puzzle>
  <puzzle alive="true">
    <issue href="https://github.com/yegor256/aibolit/issues/286">286</issue>
    <ticket>183</ticket>
    <estimate>30</estimate>
    <role>DEV</role>
    <id>183-9b03d7d9</id>
    <lines>27-31</lines>
    <body>...</body>
    <file>...</file>
    <author>...</author>
    <email>...</email>
    <time>2020-04-25T22:14:48Z</time>
    <children/>
  </puzzle>
  <puzzle alive="true">
    <issue href="https://github.com/yegor256/aibolit/issues/349">349</issue>
    <ticket>146</ticket>
    <estimate>30</estimate>
    <role>DEV</role>
    <id>146-4f2084fc</id>
    <lines>14-17</lines>
    <body>...</body>
    <file>...</file>
    <author>...</author>
    <email>...</email>
    <time>2020-05-13T20:39:27Z</time>
    <children/>
  </puzzle>
</puzzles>
