<?xml version="1.0"?>
<puzzles xmlns:xsi="http://www.w3.org/2001/XMLSchema-instance" xsi:noNamespaceSchemaLocation="http://www.0pdd.com/puzzles.xsd" date="2019-11-12T19:53:27+00:00" version="BUILD">
  <puzzle alive="false">
    <issue href="https://github.com/yegor256/cactoos-http/issues/3" closed="2018-04-30T17:02:08+00:00">3</issue>
    <ticket>1</ticket>
    <estimate>30</estimate>
    <role>DEV</role>
    <id>1-94e51014</id>
    <lines>39-44</lines>
    <body>...</body>
    <file>...</file>
    <author>...</author>
    <email>...</email>
    <time>2018-04-04T12:17:52Z</time>
    <children>
      <puzzle alive="false">
        <issue href="https://github.com/yegor256/cactoos-http/issues/37" closed="2018-05-17T20:14:55+00:00">37</issue>
        <ticket>3</ticket>
        <estimate>30</estimate>
        <role>DEV</role>
        <id>3-25734ac4</id>
        <lines>90-95</lines>
        <body>...</body>
        <file>...</file>
        <author>...</author>
        <email>...</email>
        <time>2018-04-21T15:39:10Z</time>
        <children/>
      </puzzle>
    </children>
  </puzzle>
  <puzzle alive="false">
    <issue href="https://github.com/yegor256/cactoos-http/issues/4" closed="2018-05-01T15:50:55+00:00">4</issue>
    <ticket>1</ticket>
    <estimate>30</estimate>
    <role>DEV</role>
    <id>1-97d18cdb</id>
    <lines>39-43</lines>
    <body>...</body>
    <file>...</file>
    <author>...</author>
    <email>...</email>
    <time>2018-04-04T12:20:23Z</time>
    <children/>
  </puzzle>
  <puzzle alive="false">
    <issue href="https://github.com/yegor256/cactoos-http/issues/5" closed="2018-04-21T17:28:03+00:00">5</issue>
    <ticket>1</ticket>
    <estimate>30</estimate>
    <role>DEV</role>
    <id>1-6a67a5c8</id>
    <lines>37-40</lines>
    <body>...</body>
    <file>...</file>
    <author>...</author>
    <email>...</email>
    <time>2018-04-04T12:22:31Z</time>
    <children/>
  </puzzle>
  <puzzle alive="false">
    <issue href="https://github.com/yegor256/cactoos-http/issues/38" closed="2018-05-15T19:23:10+00:00">38</issue>
    <ticket>1</ticket>
    <estimate>30</estimate>
    <role>DEV</role>
    <id>1-06a076ae</id>
    <lines>44-48</lines>
    <body>...</body>
    <file>...</file>
    <author>...</author>
    <email>...</email>
    <time>2018-05-01T15:43:11Z</time>
    <children/>
  </puzzle>
  <puzzle alive="false">
    <issue href="https://github.com/yegor256/cactoos-http/issues/45" closed="2018-05-17T13:55:02+00:00">45</issue>
    <ticket>8</ticket>
    <estimate>30</estimate>
    <role>DEV</role>
    <id>8-0309755b</id>
    <lines>42-45</lines>
    <body>...</body>
    <file>...</file>
    <author>...</author>
    <email>...</email>
    <time>2018-05-05T14:43:32Z</time>
    <children/>
  </puzzle>
  <puzzle alive="true">
    <issue href="https://github.com/yegor256/cactoos-http/issues/46">46</issue>
    <ticket>8</ticket>
    <estimate>30</estimate>
    <role>DEV</role>
    <id>8-4e75a126</id>
    <lines>46-48</lines>
    <body>...</body>
    <file>...</file>
    <author>...</author>
    <email>...</email>
    <time>2018-05-05T14:43:32Z</time>
    <children/>
  </puzzle>
  <puzzle alive="false">
    <issue href="https://github.com/yegor256/cactoos-http/issues/59" closed="2018-07-12T01:28:28+00:00">59</issue>
    <ticket>49</ticket>
    <estimate>30</estimate>
    <role>DEV</role>
    <id>49-d03f4828</id>
    <lines>165-166</lines>
    <body>...</body>
    <file>...</file>
    <author>...</author>
    <email>...</email>
    <time>2018-05-19T10:44:40Z</time>
    <children/>
  </puzzle>
  <puzzle alive="true">
    <issue href="https://github.com/yegor256/cactoos-http/issues/61">61</issue>
    <ticket>23</ticket>
    <estimate>30</estimate>
    <role>DEV</role>
    <id>23-e7afac42</id>
    <lines>32-45</lines>
    <body>...</body>
    <file>...</file>
    <author>...</author>
    <email>...</email>
    <time>2018-05-30T14:03:56Z</time>
    <children/>
  </puzzle>
  <puzzle alive="false">
    <issue href="https://github.com/yegor256/cactoos-http/issues/63" closed="2019-03-30T20:53:19+00:00">63</issue>
    <ticket>62</ticket>
    <estimate>30</estimate>
    <role>DEV</role>
    <id>62-ec9a5ea7</id>
    <lines>46-49</lines>
    <body>...</body>
    <file>...</file>
    <author>...</author>
    <email>...</email>
    <time>2018-06-28T20:13:16Z</time>
    <children>
      <puzzle alive="false">
        <issue href="https://github.com/yegor256/cactoos-http/issues/78" closed="2019-06-01T21:31:40+00:00">78</issue>
        <ticket>63</ticket>
        <estimate>30</estimate>
        <role>DEV</role>
        <id>63-d518e687</id>
        <lines>103-106</lines>
        <body>...</body>
        <file>...</file>
        <author>...</author>
        <email>...</email>
        <time>2019-03-24T14:19:02Z</time>
        <children>
          <puzzle alive="false">
            <issue href="https://github.com/yegor256/cactoos-http/issues/87" closed="2019-10-21T15:56:49+00:00">87</issue>
            <ticket>78</ticket>
            <estimate>30</estimate>
            <role>DEV</role>
            <id>78-e9bc29cd</id>
            <lines>79-81</lines>
            <body>...</body>
            <file>...</file>
            <author>...</author>
            <email>...</email>
            <time>2019-06-01T21:21:58Z</time>
            <children>
              <puzzle alive="false">
                <issue href="https://github.com/yegor256/cactoos-http/issues/98" closed="2019-11-12T19:53:27+00:00">98</issue>
                <ticket>87</ticket>
                <estimate>30</estimate>
                <role>DEV</role>
                <id>87-b84e58fc</id>
                <lines>45-52</lines>
                <body>...</body>
                <file>...</file>
                <author>...</author>
                <email>...</email>
                <time>2019-10-21T15:52:00Z</time>
                <children/>
              </puzzle>
              <puzzle alive="false">
                <issue href="https://github.com/yegor256/cactoos-http/issues/99" closed="2019-11-08T21:19:17+00:00">99</issue>
                <ticket>87</ticket>
                <estimate>30</estimate>
                <role>DEV</role>
                <id>87-6a44baaf</id>
                <lines>98-100</lines>
                <body>...</body>
                <file>...</file>
                <author>...</author>
                <email>...</email>
                <time>2019-10-21T15:52:00Z</time>
                <children/>
              </puzzle>
            </children>
          </puzzle>
        </children>
      </puzzle>
    </children>
  </puzzle>
  <puzzle alive="false">
    <issue href="https://github.com/yegor256/cactoos-http/issues/64" closed="2019-04-21T12:53:46+00:00">64</issue>
    <ticket>62</ticket>
    <estimate>30</estimate>
    <role>DEV</role>
    <id>62-02593012</id>
    <lines>39-42</lines>
    <body>...</body>
    <file>...</file>
    <author>...</author>
    <email>...</email>
    <time>2018-06-28T20:13:16Z</time>
    <children>
      <puzzle alive="false">
        <issue href="https://github.com/yegor256/cactoos-http/issues/80" closed="2019-06-18T23:49:21+00:00">80</issue>
        <ticket>64</ticket>
        <estimate>30</estimate>
        <role>DEV</role>
        <id>64-afac576d</id>
        <lines>40-45</lines>
        <body>...</body>
        <file>...</file>
        <author>...</author>
        <email>...</email>
        <time>2019-04-19T15:02:26Z</time>
        <children/>
      </puzzle>
      <puzzle alive="true">
        <issue href="https://github.com/yegor256/cactoos-http/issues/81">81</issue>
        <ticket>64</ticket>
        <estimate>30</estimate>
        <role>DEV</role>
        <id>64-63b625df</id>
        <lines>37-40</lines>
        <body>...</body>
        <file>...</file>
        <author>...</author>
        <email>...</email>
        <time>2019-04-19T15:02:26Z</time>
        <children/>
      </puzzle>
    </children>
  </puzzle>
  <puzzle alive="false">
    <issue href="https://github.com/yegor256/cactoos-http/issues/74" closed="2019-09-26T12:22:06+00:00">74</issue>
    <ticket>20</ticket>
    <estimate>30</estimate>
    <role>DEV</role>
    <id>20-eb4af059</id>
    <lines>58-66</lines>
    <body>...</body>
    <file>...</file>
    <author>...</author>
    <email>...</email>
    <time>2019-02-07T02:13:17Z</time>
    <children/>
  </puzzle>
  <puzzle alive="false">
    <issue href="https://github.com/yegor256/cactoos-http/issues/77" closed="2019-05-24T01:08:38+00:00">77</issue>
    <ticket>60</ticket>
    <estimate>30</estimate>
    <role>DEV</role>
    <id>60-6fe1be4f</id>
    <lines>79-81</lines>
    <body>...</body>
    <file>...</file>
    <author>...</author>
    <email>...</email>
    <time>2019-03-26T10:36:20Z</time>
    <children/>
  </puzzle>
</puzzles>
