<?xml version="1.0"?>
<puzzles date="2017-08-29T12:54:26Z" version="0.21">
  <puzzle alive="true">
    <issue href="https://github.com/yegor256/delete_me/issues/4">4</issue>
    <ticket>1</ticket>
    <estimate>30</estimate>
    <role>IMP</role>
    <id>1-f456075b</id>
    <lines>1-1</lines>
    <body>...</body>
    <file>...</file>
    <author>...</author>
    <email>...</email>
    <time>2017-08-29T11:32:17Z</time>
    <children/>
  </puzzle>
  <puzzle alive="true">
    <issue href="https://github.com/yegor256/delete_me/issues/5">5</issue>
    <ticket>1</ticket>
    <estimate>30</estimate>
    <role>IMP</role>
    <id>1-09dc8f16</id>
    <lines>4-4</lines>
    <body>...</body>
    <file>...</file>
    <author>...</author>
    <email>...</email>
    <time>2017-08-29T12:48:20Z</time>
    <children/>
  </puzzle>
  <puzzle alive="true">
    <issue href="https://github.com/yegor256/delete_me/issues/6">6</issue>
    <ticket>1</ticket>
    <estimate>30</estimate>
    <role>IMP</role>
    <id>1-9568febd</id>
    <lines>6-6</lines>
    <body>...</body>
    <file>...</file>
    <author>...</author>
    <email>...</email>
    <time>2017-08-29T12:48:20Z</time>
    <children/>
  </puzzle>
</puzzles>
