<?xml version="1.0"?>
<puzzles xmlns:xsi="http://www.w3.org/2001/XMLSchema-instance" xsi:noNamespaceSchemaLocation="http://www.0pdd.com/puzzles.xsd" date="2020-12-23T19:32:11+00:00" version="0.30.22">
  <puzzle alive="false">
    <issue href="https://github.com/yegor256/eo/issues/95" closed="2017-12-03T08:58:10+00:00">95</issue>
    <ticket>70</ticket>
    <estimate>30</estimate>
    <role>IMP</role>
    <id>70-9954894f</id>
    <lines>48-50</lines>
    <body>...</body>
    <file>...</file>
    <author>...</author>
    <email>...</email>
    <time>2016-12-20T11:11:10Z</time>
    <children>
      <puzzle alive="false">
        <issue href="https://github.com/yegor256/eo/issues/104" closed="2017-12-03T08:58:11+00:00">104</issue>
        <ticket>95</ticket>
        <estimate>30</estimate>
        <role>IMP</role>
        <id>95-b3900840</id>
        <lines>38-41</lines>
        <body>...</body>
        <file>...</file>
        <author>...</author>
        <email>...</email>
        <time>2017-01-10T18:35:31Z</time>
        <children>
          <puzzle alive="false">
            <issue href="https://github.com/yegor256/eo/issues/129" closed="2020-12-23T19:32:01+00:00">129</issue>
            <ticket>104</ticket>
            <estimate>60</estimate>
            <role>IMP</role>
            <id>104-4512cd36</id>
            <lines>41-46</lines>
            <body>...</body>
            <file>...</file>
            <author>...</author>
            <email>...</email>
            <time>2017-03-20T07:55:51Z</time>
            <children/>
          </puzzle>
        </children>
      </puzzle>
      <puzzle alive="false">
        <issue href="https://github.com/yegor256/eo/issues/105" closed="2019-05-28T11:11:59+00:00">105</issue>
        <ticket>95</ticket>
        <estimate>30</estimate>
        <role>IMP</role>
        <id>95-977c9f11</id>
        <lines>43-45</lines>
        <body>...</body>
        <file>...</file>
        <author>...</author>
        <email>...</email>
        <time>2017-01-10T18:35:31Z</time>
        <children>
          <puzzle alive="false">
            <issue href="https://github.com/yegor256/eo/issues/131" closed="2020-12-23T19:32:06+00:00">131</issue>
            <ticket>105</ticket>
            <estimate>30</estimate>
            <role>IMP</role>
            <id>105-90b91742</id>
            <lines>33-36</lines>
            <body>...</body>
            <file>...</file>
            <author>...</author>
            <email>...</email>
            <time>2017-04-25T15:30:42Z</time>
            <children/>
          </puzzle>
        </children>
      </puzzle>
      <puzzle alive="false">
        <issue href="https://github.com/yegor256/eo/issues/106" closed="2020-12-23T19:32:11+00:00">106</issue>
        <ticket>95</ticket>
        <estimate>30</estimate>
        <role>IMP</role>
        <id>95-fabf1b89</id>
        <lines>42-44</lines>
        <body>...</body>
        <file>...</file>
        <author>...</author>
        <email>...</email>
        <time>2017-01-10T18:35:31Z</time>
        <children/>
      </puzzle>
    </children>
  </puzzle>
  <puzzle alive="false">
    <issue href="https://github.com/yegor256/eo/issues/139" closed="2019-05-28T11:12:00+00:00">139</issue>
    <ticket>138</ticket>
    <estimate>30</estimate>
    <role>IMP</role>
    <id>138-7ad7d775</id>
    <lines>85-87</lines>
    <body>...</body>
    <file>...</file>
    <author>...</author>
    <email>...</email>
    <time>2017-07-10T06:33:08Z</time>
    <children/>
  </puzzle>
  <puzzle alive="false">
    <issue href="https://github.com/yegor256/eo/issues/145" closed="2019-05-28T11:12:01+00:00">145</issue>
    <ticket>144</ticket>
    <estimate>30</estimate>
    <role>IMP</role>
    <id>144-b64024e6</id>
    <lines>52-55</lines>
    <body>...</body>
    <file>...</file>
    <author>...</author>
    <email>...</email>
    <time>2017-08-06T17:44:07Z</time>
    <children/>
  </puzzle>
</puzzles>
