<?xml version="1.0"?>
<puzzles xmlns:xsi="http://www.w3.org/2001/XMLSchema-instance" xsi:noNamespaceSchemaLocation="http://www.0pdd.com/puzzles.xsd" date="2020-07-26T20:01:02+00:00" version="0.30.21">
  <puzzle alive="false">
    <issue href="https://github.com/yegor256/jpeek/issues/111" closed="2018-02-19T18:35:03+00:00">111</issue>
    <ticket>15</ticket>
    <estimate>30</estimate>
    <role>IMP</role>
    <id>15-9a121b89</id>
    <lines>59-62</lines>
    <body>...</body>
    <file>...</file>
    <author>...</author>
    <email>...</email>
    <time>2018-01-26T15:30:48Z</time>
    <children>
      <puzzle alive="true">
        <issue href="https://github.com/yegor256/jpeek/issues/204">204</issue>
        <ticket>111</ticket>
        <estimate>30</estimate>
        <role>IMP</role>
        <id>111-5690cd5a</id>
        <lines>27-36</lines>
        <body>...</body>
        <file>...</file>
        <author>...</author>
        <email>...</email>
        <time>2018-02-19T18:18:54Z</time>
        <children/>
      </puzzle>
    </children>
  </puzzle>
  <puzzle alive="false">
    <issue href="https://github.com/yegor256/jpeek/issues/112" closed="2018-02-08T15:51:37+00:00">112</issue>
    <ticket>15</ticket>
    <estimate>30</estimate>
    <role>IMP</role>
    <id>15-c8802e55</id>
    <lines>65-73</lines>
    <body>...</body>
    <file>...</file>
    <author>...</author>
    <email>...</email>
    <time>2018-01-26T15:30:48Z</time>
    <children>
      <puzzle alive="true">
        <issue href="https://github.com/yegor256/jpeek/issues/160">160</issue>
        <ticket>112</ticket>
        <estimate>30</estimate>
        <role>IMP</role>
        <id>112-f7b740c5</id>
        <lines>67-88</lines>
        <body>...</body>
        <file>...</file>
        <author>...</author>
        <email>...</email>
        <time>2018-02-08T10:59:31Z</time>
        <children/>
      </puzzle>
    </children>
  </puzzle>
  <puzzle alive="false">
    <issue href="https://github.com/yegor256/jpeek/issues/117" closed="2018-03-04T13:37:54+00:00">117</issue>
    <ticket>9</ticket>
    <estimate>30</estimate>
    <role>IMP</role>
    <id>9-5e913f6c</id>
    <lines>59-62</lines>
    <body>...</body>
    <file>...</file>
    <author>...</author>
    <email>...</email>
    <time>2018-01-26T17:26:02Z</time>
    <children/>
  </puzzle>
  <puzzle alive="false">
    <issue href="https://github.com/yegor256/jpeek/issues/118" closed="2018-05-28T11:29:00+00:00">118</issue>
    <ticket>9</ticket>
    <estimate>30</estimate>
    <role>IMP</role>
    <id>9-e2b8b5ba</id>
    <lines>64-67</lines>
    <body>...</body>
    <file>...</file>
    <author>...</author>
    <email>...</email>
    <time>2018-01-26T17:26:02Z</time>
    <children>
      <puzzle alive="true">
        <issue href="https://github.com/yegor256/jpeek/issues/252" closed="2019-11-20T13:16:28+00:00">252</issue>
        <ticket>118</ticket>
        <estimate>30</estimate>
        <role>DEV</role>
        <id>118-aa952a15</id>
        <lines>73-78</lines>
        <body>...</body>
        <file>...</file>
        <author>...</author>
        <email>...</email>
        <time>2018-05-27T11:41:14Z</time>
        <children/>
      </puzzle>
      <puzzle alive="false">
        <issue href="https://github.com/yegor256/jpeek/issues/253" closed="2020-02-27T11:48:56+00:00">253</issue>
        <ticket>118</ticket>
        <estimate>30</estimate>
        <role>DEV</role>
        <id>118-16445758</id>
        <lines>75-77</lines>
        <body>...</body>
        <file>...</file>
        <author>...</author>
        <email>...</email>
        <time>2018-05-27T11:41:14Z</time>
        <children/>
      </puzzle>
      <puzzle alive="false">
        <issue href="https://github.com/yegor256/jpeek/issues/356" closed="2020-02-18T18:55:29+00:00">356</issue>
        <ticket>118</ticket>
        <estimate>30</estimate>
        <role>DEV</role>
        <id>118-560e90f9</id>
        <lines>53-59</lines>
        <body>...</body>
        <file>...</file>
        <author>...</author>
        <email>...</email>
        <time>2019-11-09T06:44:37Z</time>
        <children/>
      </puzzle>
    </children>
  </puzzle>
  <puzzle alive="false">
    <issue href="https://github.com/yegor256/jpeek/issues/119" closed="2018-02-26T10:26:54+00:00">119</issue>
    <ticket>9</ticket>
    <estimate>30</estimate>
    <role>IMP</role>
    <id>9-7a54dc2b</id>
    <lines>62-65</lines>
    <body>...</body>
    <file>...</file>
    <author>...</author>
    <email>...</email>
    <time>2018-01-26T17:26:02Z</time>
    <children>
      <puzzle alive="true">
        <issue href="https://github.com/yegor256/jpeek/issues/217">217</issue>
        <ticket>119</ticket>
        <estimate>30</estimate>
        <role>DEV</role>
        <id>119-5f1c56e0</id>
        <lines>61-67</lines>
        <body>...</body>
        <file>...</file>
        <author>...</author>
        <email>...</email>
        <time>2018-02-19T10:36:00Z</time>
        <children/>
      </puzzle>
    </children>
  </puzzle>
  <puzzle alive="false">
    <issue href="https://github.com/yegor256/jpeek/issues/120" closed="2018-02-17T16:41:39+00:00">120</issue>
    <ticket>9</ticket>
    <estimate>30</estimate>
    <role>IMP</role>
    <id>9-57e7e31a</id>
    <lines>48-50</lines>
    <body>...</body>
    <file>...</file>
    <author>...</author>
    <email>...</email>
    <time>2018-01-26T17:26:02Z</time>
    <children>
      <puzzle alive="true">
        <issue href="https://github.com/yegor256/jpeek/issues/193">193</issue>
        <ticket>120</ticket>
        <estimate>30</estimate>
        <role>IMP</role>
        <id>120-5199fe22</id>
        <lines>42-44</lines>
        <body>...</body>
        <file>...</file>
        <author>...</author>
        <email>...</email>
        <time>2018-02-17T16:32:11Z</time>
        <children/>
      </puzzle>
      <puzzle alive="true">
        <issue href="https://github.com/yegor256/jpeek/issues/194">194</issue>
        <ticket>120</ticket>
        <estimate>30</estimate>
        <role>IMP</role>
        <id>120-7c3cf0d4</id>
        <lines>48-49</lines>
        <body>...</body>
        <file>...</file>
        <author>...</author>
        <email>...</email>
        <time>2018-02-17T16:32:11Z</time>
        <children/>
      </puzzle>
      <puzzle alive="false">
        <issue href="https://github.com/yegor256/jpeek/issues/195" closed="2020-03-01T03:20:39+00:00">195</issue>
        <ticket>120</ticket>
        <estimate>30</estimate>
        <role>IMP</role>
        <id>120-bc67ce38</id>
        <lines>57-59</lines>
        <body>...</body>
        <file>...</file>
        <author>...</author>
        <email>...</email>
        <time>2018-02-17T16:32:11Z</time>
        <children/>
      </puzzle>
    </children>
  </puzzle>
  <puzzle alive="false">
    <issue href="https://github.com/yegor256/jpeek/issues/121" closed="2018-12-24T17:21:13+00:00">121</issue>
    <ticket>93</ticket>
    <estimate>30</estimate>
    <role>IMP</role>
    <id>93-25a7c267</id>
    <lines>38-40</lines>
    <body>...</body>
    <file>...</file>
    <author>...</author>
    <email>...</email>
    <time>2018-01-26T20:06:41Z</time>
    <children/>
  </puzzle>
  <puzzle alive="false">
    <issue href="https://github.com/yegor256/jpeek/issues/122" closed="2018-12-19T18:42:02+00:00">122</issue>
    <ticket>93</ticket>
    <estimate>30</estimate>
    <role>IMP</role>
    <id>93-12454465</id>
    <lines>41-43</lines>
    <body>...</body>
    <file>...</file>
    <author>...</author>
    <email>...</email>
    <time>2018-01-26T20:06:41Z</time>
    <children/>
  </puzzle>
  <puzzle alive="false">
    <issue href="https://github.com/yegor256/jpeek/issues/124" closed="2018-02-26T05:28:13+00:00">124</issue>
    <ticket>18</ticket>
    <estimate>30</estimate>
    <role>IMP</role>
    <id>18-58649db9</id>
    <lines>38-40</lines>
    <body>...</body>
    <file>...</file>
    <author>...</author>
    <email>...</email>
    <time>2018-01-27T03:03:11Z</time>
    <children/>
  </puzzle>
  <puzzle alive="false">
    <issue href="https://github.com/yegor256/jpeek/issues/125" closed="2018-02-16T17:41:12+00:00">125</issue>
    <ticket>18</ticket>
    <estimate>30</estimate>
    <role>IMP</role>
    <id>18-f4ca747e</id>
    <lines>41-43</lines>
    <body>...</body>
    <file>...</file>
    <author>...</author>
    <email>...</email>
    <time>2018-01-29T15:00:59Z</time>
    <children/>
  </puzzle>
  <puzzle alive="false">
    <issue href="https://github.com/yegor256/jpeek/issues/138" closed="2018-02-22T17:51:14+00:00">138</issue>
    <ticket>92</ticket>
    <estimate>30</estimate>
    <role>IMP</role>
    <id>92-98d84f5f</id>
    <lines>50-52</lines>
    <body>...</body>
    <file>...</file>
    <author>...</author>
    <email>...</email>
    <time>2018-01-31T19:23:19Z</time>
    <children/>
  </puzzle>
  <puzzle alive="false">
    <issue href="https://github.com/yegor256/jpeek/issues/139" closed="2018-02-28T19:42:08+00:00">139</issue>
    <ticket>92</ticket>
    <estimate>30</estimate>
    <role>IMP</role>
    <id>92-8b89e205</id>
    <lines>53-55</lines>
    <body>...</body>
    <file>...</file>
    <author>...</author>
    <email>...</email>
    <time>2018-01-31T19:23:19Z</time>
    <children>
      <puzzle alive="false">
        <issue href="https://github.com/yegor256/jpeek/issues/228" closed="2018-12-15T10:51:09+00:00">228</issue>
        <ticket>139</ticket>
        <estimate>30</estimate>
        <role>DEV</role>
        <id>139-752903d5</id>
        <lines>142-149</lines>
        <body>...</body>
        <file>...</file>
        <author>...</author>
        <email>...</email>
        <time>2018-02-18T18:02:38Z</time>
        <children/>
      </puzzle>
    </children>
  </puzzle>
  <puzzle alive="true">
    <issue href="https://github.com/yegor256/jpeek/issues/140" closed="2018-02-26T10:41:14+00:00">140</issue>
    <ticket>68</ticket>
    <estimate>30</estimate>
    <role>IMP</role>
    <id>68-6427b294</id>
    <lines>50-53</lines>
    <body>...</body>
    <file>...</file>
    <author>...</author>
    <email>...</email>
    <time>2018-01-30T21:05:55Z</time>
    <children/>
  </puzzle>
  <puzzle alive="false">
    <issue href="https://github.com/yegor256/jpeek/issues/141" closed="2018-02-26T19:25:41+00:00">141</issue>
    <ticket>68</ticket>
    <estimate>30</estimate>
    <role>IMP</role>
    <id>68-96e0ea92</id>
    <lines>54-56</lines>
    <body>...</body>
    <file>...</file>
    <author>...</author>
    <email>...</email>
    <time>2018-01-31T19:28:58Z</time>
    <children/>
  </puzzle>
  <puzzle alive="false">
    <issue href="https://github.com/yegor256/jpeek/issues/142" closed="2018-03-19T13:25:32+00:00">142</issue>
    <ticket>68</ticket>
    <estimate>30</estimate>
    <role>IMP</role>
    <id>68-03d5665d</id>
    <lines>129-131</lines>
    <body>...</body>
    <file>...</file>
    <author>...</author>
    <email>...</email>
    <time>2018-01-30T21:05:55Z</time>
    <children/>
  </puzzle>
  <puzzle alive="false">
    <issue href="https://github.com/yegor256/jpeek/issues/143" closed="2018-06-14T17:08:44+00:00">143</issue>
    <ticket>17</ticket>
    <estimate>30</estimate>
    <role>IMP</role>
    <id>17-e0265053</id>
    <lines>69-72</lines>
    <body>...</body>
    <file>...</file>
    <author>...</author>
    <email>...</email>
    <time>2018-01-30T22:14:56Z</time>
    <children/>
  </puzzle>
  <puzzle alive="false">
    <issue href="https://github.com/yegor256/jpeek/issues/144" closed="2018-06-14T17:08:46+00:00">144</issue>
    <ticket>17</ticket>
    <estimate>30</estimate>
    <role>IMP</role>
    <id>17-049820b6</id>
    <lines>47-52</lines>
    <body>...</body>
    <file>...</file>
    <author>...</author>
    <email>...</email>
    <time>2018-01-30T22:14:56Z</time>
    <children/>
  </puzzle>
  <puzzle alive="false">
    <issue href="https://github.com/yegor256/jpeek/issues/145" closed="2018-03-19T13:08:28+00:00">145</issue>
    <ticket>17</ticket>
    <estimate>30</estimate>
    <role>IMP</role>
    <id>17-f82757ae</id>
    <lines>75-79</lines>
    <body>...</body>
    <file>...</file>
    <author>...</author>
    <email>...</email>
    <time>2018-01-30T22:14:56Z</time>
    <children/>
  </puzzle>
  <puzzle alive="false">
    <issue href="https://github.com/yegor256/jpeek/issues/146" closed="2018-07-01T19:43:54+00:00">146</issue>
    <ticket>66</ticket>
    <estimate>15</estimate>
    <role>IMP</role>
    <id>66-9d79a0db</id>
    <lines>122-124</lines>
    <body>...</body>
    <file>...</file>
    <author>...</author>
    <email>...</email>
    <time>2018-02-01T20:32:48Z</time>
    <children/>
  </puzzle>
  <puzzle alive="false">
    <issue href="https://github.com/yegor256/jpeek/issues/147" closed="2018-06-04T06:12:45+00:00">147</issue>
    <ticket>66</ticket>
    <estimate>30</estimate>
    <role>IMP</role>
    <id>66-c487e21b</id>
    <lines>52-55</lines>
    <body>...</body>
    <file>...</file>
    <author>...</author>
    <email>...</email>
    <time>2018-02-01T20:32:48Z</time>
    <children/>
  </puzzle>
  <puzzle alive="false">
    <issue href="https://github.com/yegor256/jpeek/issues/148" closed="2018-06-25T04:12:58+00:00">148</issue>
    <ticket>66</ticket>
    <estimate>30</estimate>
    <role>IMP</role>
    <id>66-1f52dc9d</id>
    <lines>58-60</lines>
    <body>...</body>
    <file>...</file>
    <author>...</author>
    <email>...</email>
    <time>2018-02-01T20:32:48Z</time>
    <children/>
  </puzzle>
  <puzzle alive="false">
    <issue href="https://github.com/yegor256/jpeek/issues/149" closed="2018-06-12T17:20:41+00:00">149</issue>
    <ticket>66</ticket>
    <estimate>30</estimate>
    <role>IMP</role>
    <id>66-72fdfc23</id>
    <lines>63-67</lines>
    <body>...</body>
    <file>...</file>
    <author>...</author>
    <email>...</email>
    <time>2018-02-01T20:32:48Z</time>
    <children/>
  </puzzle>
  <puzzle alive="false">
    <issue href="https://github.com/yegor256/jpeek/issues/154" closed="2018-06-18T12:49:45+00:00">154</issue>
    <ticket>104</ticket>
    <estimate>30</estimate>
    <role>IMP</role>
    <id>104-9f730941</id>
    <lines>104-107</lines>
    <body>...</body>
    <file>...</file>
    <author>...</author>
    <email>...</email>
    <time>2018-02-04T13:45:04Z</time>
    <children/>
  </puzzle>
  <puzzle alive="false">
    <issue href="https://github.com/yegor256/jpeek/issues/166" closed="2018-02-11T08:01:54+00:00">166</issue>
    <ticket>100</ticket>
    <estimate>30</estimate>
    <role>IMP</role>
    <id>100-e0c9e789</id>
    <lines>127-131</lines>
    <body>...</body>
    <file>...</file>
    <author>...</author>
    <email>...</email>
    <time>2018-02-10T09:36:53Z</time>
    <children/>
  </puzzle>
  <puzzle alive="true">
    <issue href="https://github.com/yegor256/jpeek/issues/175">175</issue>
    <ticket>64</ticket>
    <estimate>30</estimate>
    <role>IMP</role>
    <id>64-b6d7d67d</id>
    <lines>66-69</lines>
    <body>...</body>
    <file>...</file>
    <author>...</author>
    <email>...</email>
    <time>2018-02-09T11:44:40Z</time>
    <children/>
  </puzzle>
  <puzzle alive="false">
    <issue href="https://github.com/yegor256/jpeek/issues/176" closed="2018-12-15T08:47:28+00:00">176</issue>
    <ticket>106</ticket>
    <estimate>30</estimate>
    <role>IMP</role>
    <id>106-8e3f4f01</id>
    <lines>73-76</lines>
    <body>...</body>
    <file>...</file>
    <author>...</author>
    <email>...</email>
    <time>2018-02-09T14:37:39Z</time>
    <children/>
  </puzzle>
  <puzzle alive="true">
    <issue href="https://github.com/yegor256/jpeek/issues/180">180</issue>
    <ticket>114</ticket>
    <estimate>30</estimate>
    <role>IMP</role>
    <id>114-7bfa1f3a</id>
    <lines>270-281</lines>
    <body>...</body>
    <file>...</file>
    <author>...</author>
    <email>...</email>
    <time>2018-02-13T16:51:37Z</time>
    <children/>
  </puzzle>
  <puzzle alive="false">
    <issue href="https://github.com/yegor256/jpeek/issues/181" closed="2019-07-15T19:04:58+00:00">181</issue>
    <ticket>103</ticket>
    <estimate>30</estimate>
    <role>IMP</role>
    <id>103-11fe8626</id>
    <lines>63-69</lines>
    <body>...</body>
    <file>...</file>
    <author>...</author>
    <email>...</email>
    <time>2018-02-08T19:19:16Z</time>
    <children/>
  </puzzle>
  <puzzle alive="false">
    <issue href="https://github.com/yegor256/jpeek/issues/199" closed="2018-12-17T11:04:05+00:00">199</issue>
    <ticket>134</ticket>
    <estimate>30</estimate>
    <role>IMP</role>
    <id>134-9a3b0d90</id>
    <lines>26-28</lines>
    <body>...</body>
    <file>...</file>
    <author>...</author>
    <email>...</email>
    <time>2018-02-19T09:59:19Z</time>
    <children>
      <puzzle alive="false">
        <issue href="https://github.com/yegor256/jpeek/issues/282" closed="2019-10-06T17:24:36+00:00">282</issue>
        <ticket>199</ticket>
        <estimate>30</estimate>
        <role>DEV</role>
        <id>199-15890460</id>
        <lines>143-144</lines>
        <body>...</body>
        <file>...</file>
        <author>...</author>
        <email>...</email>
        <time>2018-12-17T10:51:43Z</time>
        <children/>
      </puzzle>
    </children>
  </puzzle>
  <puzzle alive="true">
    <issue href="https://github.com/yegor256/jpeek/issues/200">200</issue>
    <ticket>134</ticket>
    <estimate>30</estimate>
    <role>IMP</role>
    <id>134-3180ea38</id>
    <lines>26-28</lines>
    <body>...</body>
    <file>...</file>
    <author>...</author>
    <email>...</email>
    <time>2018-02-19T09:59:19Z</time>
    <children/>
  </puzzle>
  <puzzle alive="false">
    <issue href="https://github.com/yegor256/jpeek/issues/201" closed="2019-01-11T15:30:32+00:00">201</issue>
    <ticket>134</ticket>
    <estimate>30</estimate>
    <role>IMP</role>
    <id>134-7dff7043</id>
    <lines>26-28</lines>
    <body>...</body>
    <file>...</file>
    <author>...</author>
    <email>...</email>
    <time>2018-02-19T09:59:19Z</time>
    <children/>
  </puzzle>
  <puzzle alive="false">
    <issue href="https://github.com/yegor256/jpeek/issues/203" closed="2018-07-18T06:37:13+00:00">203</issue>
    <ticket>90</ticket>
    <estimate>30</estimate>
    <role>IMP</role>
    <id>90-29fbce76</id>
    <lines>77-78</lines>
    <body>...</body>
    <file>...</file>
    <author>...</author>
    <email>...</email>
    <time>2018-02-11T17:22:55Z</time>
    <children/>
  </puzzle>
  <puzzle alive="false">
    <issue href="https://github.com/yegor256/jpeek/issues/205" closed="2019-01-24T13:22:32+00:00">205</issue>
    <ticket>67</ticket>
    <estimate>30</estimate>
    <role>IMP</role>
    <id>67-33d40469</id>
    <lines>77-78</lines>
    <body>...</body>
    <file>...</file>
    <author>...</author>
    <email>...</email>
    <time>2018-02-12T21:33:09Z</time>
    <children/>
  </puzzle>
  <puzzle alive="false">
    <issue href="https://github.com/yegor256/jpeek/issues/215" closed="2019-01-25T18:36:23+00:00">215</issue>
    <ticket>8</ticket>
    <estimate>30</estimate>
    <role>DEV</role>
    <id>8-429ff082</id>
    <lines>55-57</lines>
    <body>...</body>
    <file>...</file>
    <author>...</author>
    <email>...</email>
    <time>2018-02-26T09:31:08Z</time>
    <children>
      <puzzle alive="false">
        <issue href="https://github.com/yegor256/jpeek/issues/310" closed="2020-03-09T13:54:36+00:00">310</issue>
        <ticket>215</ticket>
        <estimate>30</estimate>
        <role>DEV</role>
        <id>215-e68a3c3f</id>
        <lines>76-83</lines>
        <body>...</body>
        <file>...</file>
        <author>...</author>
        <email>...</email>
        <time>2019-01-25T18:23:15Z</time>
        <children>
          <puzzle alive="false">
            <issue href="https://github.com/yegor256/jpeek/issues/415" closed="2020-03-21T03:31:54+00:00">415</issue>
            <ticket>310</ticket>
            <estimate>30</estimate>
            <role>DEV</role>
            <id>310-b9e19c83</id>
            <lines>74-82</lines>
            <body>...</body>
            <file>...</file>
            <author>...</author>
            <email>...</email>
            <time>2020-03-06T09:18:44Z</time>
            <children>
              <puzzle alive="true">
                <issue href="https://github.com/yegor256/jpeek/issues/431">431</issue>
                <ticket>415</ticket>
                <estimate>30</estimate>
                <role>DEV</role>
                <id>415-1e78bb53</id>
                <lines>74-77</lines>
                <body>...</body>
                <file>...</file>
                <author>...</author>
                <email>...</email>
                <time>2020-03-10T16:54:19Z</time>
                <children/>
              </puzzle>
            </children>
          </puzzle>
        </children>
      </puzzle>
    </children>
  </puzzle>
  <puzzle alive="false">
    <issue href="https://github.com/yegor256/jpeek/issues/216" closed="2019-01-07T18:14:43+00:00">216</issue>
    <ticket>8</ticket>
    <estimate>30</estimate>
    <role>DEV</role>
    <id>8-435f2b33</id>
    <lines>60-61</lines>
    <body>...</body>
    <file>...</file>
    <author>...</author>
    <email>...</email>
    <time>2018-02-26T09:31:08Z</time>
    <children>
      <puzzle alive="false">
        <issue href="https://github.com/yegor256/jpeek/issues/294" closed="2019-10-05T22:48:39+00:00">294</issue>
        <ticket>216</ticket>
        <estimate>30</estimate>
        <role>DEV</role>
        <id>216-0c93d2e3</id>
        <lines>60-62</lines>
        <body>...</body>
        <file>...</file>
        <author>...</author>
        <email>...</email>
        <time>2019-01-07T17:55:54Z</time>
        <children/>
      </puzzle>
      <puzzle alive="true">
        <issue href="https://github.com/yegor256/jpeek/issues/295">295</issue>
        <ticket>216</ticket>
        <estimate>30</estimate>
        <role>DEV</role>
        <id>216-5540d942</id>
        <lines>65-69</lines>
        <body>...</body>
        <file>...</file>
        <author>...</author>
        <email>...</email>
        <time>2019-01-07T17:55:54Z</time>
        <children/>
      </puzzle>
    </children>
  </puzzle>
  <puzzle alive="true">
    <issue href="https://github.com/yegor256/jpeek/issues/218">218</issue>
    <ticket>65</ticket>
    <estimate>30</estimate>
    <role>DEV</role>
    <id>65-657d930a</id>
    <lines>51-53</lines>
    <body>...</body>
    <file>...</file>
    <author>...</author>
    <email>...</email>
    <time>2018-02-21T18:13:22Z</time>
    <children/>
  </puzzle>
  <puzzle alive="true">
    <issue href="https://github.com/yegor256/jpeek/issues/219">219</issue>
    <ticket>65</ticket>
    <estimate>30</estimate>
    <role>DEV</role>
    <id>65-8529ead1</id>
    <lines>79-83</lines>
    <body>...</body>
    <file>...</file>
    <author>...</author>
    <email>...</email>
    <time>2018-02-21T18:13:22Z</time>
    <children/>
  </puzzle>
  <puzzle alive="true">
    <issue href="https://github.com/yegor256/jpeek/issues/220">220</issue>
    <ticket>65</ticket>
    <estimate>15</estimate>
    <role>DEV</role>
    <id>65-76f12f4d</id>
    <lines>86-87</lines>
    <body>...</body>
    <file>...</file>
    <author>...</author>
    <email>...</email>
    <time>2018-02-21T18:13:22Z</time>
    <children/>
  </puzzle>
  <puzzle alive="false">
    <issue href="https://github.com/yegor256/jpeek/issues/224" closed="2019-11-12T03:39:00+00:00">224</issue>
    <ticket>135</ticket>
    <estimate>30</estimate>
    <role>DEV</role>
    <id>135-d5b2c3f6</id>
    <lines>26-28</lines>
    <body>...</body>
    <file>...</file>
    <author>...</author>
    <email>...</email>
    <time>2018-02-27T16:50:55Z</time>
    <children/>
  </puzzle>
  <puzzle alive="false">
    <issue href="https://github.com/yegor256/jpeek/issues/225" closed="2019-01-04T12:59:23+00:00">225</issue>
    <ticket>135</ticket>
    <estimate>30</estimate>
    <role>DEV</role>
    <id>135-9cabe027</id>
    <lines>29-31</lines>
    <body>...</body>
    <file>...</file>
    <author>...</author>
    <email>...</email>
    <time>2018-02-27T16:50:55Z</time>
    <children/>
  </puzzle>
  <puzzle alive="false">
    <issue href="https://github.com/yegor256/jpeek/issues/226" closed="2019-04-11T17:22:49+00:00">226</issue>
    <ticket>135</ticket>
    <estimate>30</estimate>
    <role>DEV</role>
    <id>135-4462c34d</id>
    <lines>29-31</lines>
    <body>...</body>
    <file>...</file>
    <author>...</author>
    <email>...</email>
    <time>2018-02-27T16:50:55Z</time>
    <children/>
  </puzzle>
  <puzzle alive="false">
    <issue href="https://github.com/yegor256/jpeek/issues/227" closed="2019-05-01T22:44:42+00:00">227</issue>
    <ticket>135</ticket>
    <estimate>30</estimate>
    <role>DEV</role>
    <id>135-1c80191e</id>
    <lines>142-146</lines>
    <body>...</body>
    <file>...</file>
    <author>...</author>
    <email>...</email>
    <time>2018-02-27T16:50:55Z</time>
    <children>
      <puzzle alive="true">
        <issue href="https://github.com/yegor256/jpeek/issues/327">327</issue>
        <ticket>227</ticket>
        <estimate>30</estimate>
        <role>DEV</role>
        <id>227-fbf042c2</id>
        <lines>209-214</lines>
        <body>...</body>
        <file>...</file>
        <author>...</author>
        <email>...</email>
        <time>2019-04-27T17:59:47Z</time>
        <children/>
      </puzzle>
    </children>
  </puzzle>
  <puzzle alive="false">
    <issue href="https://github.com/yegor256/jpeek/issues/261" closed="2019-11-20T13:16:34+00:00">261</issue>
    <ticket>156</ticket>
    <estimate>30</estimate>
    <role>DEV</role>
    <id>156-4fb50d79</id>
    <lines>39-43</lines>
    <body>...</body>
    <file>...</file>
    <author>...</author>
    <email>...</email>
    <time>2018-06-13T16:38:24Z</time>
    <children/>
  </puzzle>
  <puzzle alive="false">
    <issue href="https://github.com/yegor256/jpeek/issues/297" closed="2019-11-25T13:20:53+00:00">297</issue>
    <ticket>188</ticket>
    <estimate>30</estimate>
    <role>DEV</role>
    <id>188-d010c845</id>
    <lines>31-33</lines>
    <body>...</body>
    <file>...</file>
    <author>...</author>
    <email>...</email>
    <time>2019-01-04T17:16:37Z</time>
    <children>
      <puzzle alive="false">
        <issue href="https://github.com/yegor256/jpeek/issues/359" closed="2020-01-13T14:37:38+00:00">359</issue>
        <ticket>297</ticket>
        <estimate>30</estimate>
        <role>DEV</role>
        <id>297-5540e446</id>
        <lines>85-86</lines>
        <body>...</body>
        <file>...</file>
        <author>...</author>
        <email>...</email>
        <time>2019-11-19T18:37:55Z</time>
        <children/>
      </puzzle>
    </children>
  </puzzle>
  <puzzle alive="false">
    <issue href="https://github.com/yegor256/jpeek/issues/357" closed="2020-02-20T11:41:28+00:00">357</issue>
    <ticket>308</ticket>
    <estimate>30</estimate>
    <role>DEV</role>
    <id>308-016448ee</id>
    <lines>45-48</lines>
    <body>...</body>
    <file>...</file>
    <author>...</author>
    <email>...</email>
    <time>2019-11-19T18:34:28Z</time>
    <children/>
  </puzzle>
  <puzzle alive="false">
    <issue href="https://github.com/yegor256/jpeek/issues/358" closed="2020-02-17T15:08:44+00:00">358</issue>
    <ticket>156</ticket>
    <estimate>30</estimate>
    <role>DEV</role>
    <id>156-7b4862fe</id>
    <lines>38-43</lines>
    <body>...</body>
    <file>...</file>
    <author>...</author>
    <email>...</email>
    <time>2019-11-09T06:44:37Z</time>
    <children/>
  </puzzle>
  <puzzle alive="false">
    <issue href="https://github.com/yegor256/jpeek/issues/380" closed="2020-02-21T16:58:45+00:00">380</issue>
    <ticket>323</ticket>
    <estimate>30</estimate>
    <role>DEV</role>
    <id>323-1d9c6835</id>
    <lines>31-34</lines>
    <body>...</body>
    <file>...</file>
    <author>...</author>
    <email>...</email>
    <time>2020-02-17T21:15:16Z</time>
    <children>
      <puzzle alive="false">
        <issue href="https://github.com/yegor256/jpeek/issues/388" closed="2020-02-27T11:54:12+00:00">388</issue>
        <ticket>380</ticket>
        <estimate>30</estimate>
        <role>DEV</role>
        <id>380-bf034369</id>
        <lines>29-33</lines>
        <body>...</body>
        <file>...</file>
        <author>...</author>
        <email>...</email>
        <time>2020-02-19T15:04:43Z</time>
        <children/>
      </puzzle>
    </children>
  </puzzle>
  <puzzle alive="false">
    <issue href="https://github.com/yegor256/jpeek/issues/381" closed="2020-02-27T11:54:18+00:00">381</issue>
    <ticket>323</ticket>
    <estimate>30</estimate>
    <role>DEV</role>
    <id>323-a6bff461</id>
    <lines>58-59</lines>
    <body>...</body>
    <file>...</file>
    <author>...</author>
    <email>...</email>
    <time>2020-02-18T14:04:54Z</time>
    <children/>
  </puzzle>
  <puzzle alive="false">
    <issue href="https://github.com/yegor256/jpeek/issues/390" closed="2020-02-26T03:49:29+00:00">390</issue>
    <ticket>296</ticket>
    <estimate>30</estimate>
    <role>DEV</role>
    <id>296-9cbcd906</id>
    <lines>32-35</lines>
    <body>...</body>
    <file>...</file>
    <author>...</author>
    <email>...</email>
    <time>2020-02-21T16:58:09Z</time>
    <children>
      <puzzle alive="false">
        <issue href="https://github.com/yegor256/jpeek/issues/396" closed="2020-03-05T14:00:19+00:00">396</issue>
        <ticket>390</ticket>
        <estimate>30</estimate>
        <role>DEV</role>
        <id>390-2105ac60</id>
        <lines>146-151</lines>
        <body>...</body>
        <file>...</file>
        <author>...</author>
        <email>...</email>
        <time>2020-02-24T08:59:34Z</time>
        <children/>
      </puzzle>
      <puzzle alive="false">
        <issue href="https://github.com/yegor256/jpeek/issues/397" closed="2020-03-05T14:01:59+00:00">397</issue>
        <ticket>390</ticket>
        <estimate>30</estimate>
        <role>DEV</role>
        <id>390-3f627cdf</id>
        <lines>33-36</lines>
        <body>...</body>
        <file>...</file>
        <author>...</author>
        <email>...</email>
        <time>2020-02-22T10:53:07Z</time>
        <children>
          <puzzle alive="false">
            <issue href="https://github.com/yegor256/jpeek/issues/408" closed="2020-03-06T14:10:16+00:00">408</issue>
            <ticket>397</ticket>
            <estimate>30</estimate>
            <role>DEV</role>
            <id>397-94351875</id>
            <lines>33-36</lines>
            <body>...</body>
            <file>...</file>
            <author>...</author>
            <email>...</email>
            <time>2020-02-28T14:29:29Z</time>
            <children>
              <puzzle alive="false">
                <issue href="https://github.com/yegor256/jpeek/issues/412" closed="2020-03-09T18:08:31+00:00">412</issue>
                <ticket>408</ticket>
                <estimate>30</estimate>
                <role>DEV</role>
                <id>408-c3533a7c</id>
                <lines>33-35</lines>
                <body>...</body>
                <file>...</file>
                <author>...</author>
                <email>...</email>
                <time>2020-03-05T22:09:17Z</time>
                <children>
                  <puzzle alive="true">
                    <issue href="https://github.com/yegor256/jpeek/issues/416">416</issue>
                    <ticket>412</ticket>
                    <estimate>30</estimate>
                    <role>DEV</role>
                    <id>412-3d565676</id>
                    <lines>33-38</lines>
                    <body>...</body>
                    <file>...</file>
                    <author>...</author>
                    <email>...</email>
                    <time>2020-03-06T17:30:39Z</time>
                    <children/>
                  </puzzle>
                  <puzzle alive="false">
                    <issue href="https://github.com/yegor256/jpeek/issues/417" closed="2020-03-12T17:34:38+00:00">417</issue>
                    <ticket>412</ticket>
                    <estimate>30</estimate>
                    <role>DEV</role>
                    <id>412-a459088d</id>
                    <lines>40-42</lines>
                    <body>...</body>
                    <file>...</file>
                    <author>...</author>
                    <email>...</email>
                    <time>2020-03-09T14:18:00Z</time>
                    <children/>
                  </puzzle>
                </children>
              </puzzle>
              <puzzle alive="false">
                <issue href="https://github.com/yegor256/jpeek/issues/413" closed="2020-04-06T17:46:47+00:00">413</issue>
                <ticket>408</ticket>
                <estimate>30</estimate>
                <role>DEV</role>
                <id>408-56dd88a6</id>
                <lines>71-74</lines>
                <body>...</body>
                <file>...</file>
                <author>...</author>
                <email>...</email>
                <time>2020-03-05T22:09:17Z</time>
                <children>
                  <puzzle alive="false">
                    <issue href="https://github.com/yegor256/jpeek/issues/440" closed="2020-04-09T18:29:34+00:00">440</issue>
                    <ticket>413</ticket>
                    <estimate>30</estimate>
                    <role>DEV</role>
                    <id>413-309fe9c4</id>
                    <lines>110-113</lines>
                    <body>...</body>
                    <file>...</file>
                    <author>...</author>
                    <email>...</email>
                    <time>2020-04-06T14:24:35Z</time>
                    <children>
                      <puzzle alive="false">
                        <issue href="https://github.com/yegor256/jpeek/issues/443" closed="2020-04-21T19:14:23+00:00">443</issue>
                        <ticket>440</ticket>
                        <estimate>30</estimate>
                        <role>DEV</role>
                        <id>440-332bf733</id>
                        <lines>35-37</lines>
                        <body>...</body>
                        <file>...</file>
                        <author>...</author>
                        <email>...</email>
                        <time>2020-04-09T17:07:33Z</time>
                        <children/>
                      </puzzle>
                      <puzzle alive="false">
                        <issue href="https://github.com/yegor256/jpeek/issues/444" closed="2020-04-21T19:14:28+00:00">444</issue>
                        <ticket>440</ticket>
                        <estimate>30</estimate>
                        <role>DEV</role>
                        <id>440-83d3f1f7</id>
                        <lines>35-37</lines>
                        <body>...</body>
                        <file>...</file>
                        <author>...</author>
                        <email>...</email>
                        <time>2020-04-09T17:07:33Z</time>
                        <children>
                          <puzzle alive="false">
                            <issue href="https://github.com/yegor256/jpeek/issues/459" closed="2020-05-01T21:55:04+00:00">459</issue>
                            <ticket>444</ticket>
                            <estimate>30</estimate>
                            <role>DEV</role>
                            <id>444-ff900aeb</id>
                            <lines>54-56</lines>
                            <body>...</body>
                            <file>...</file>
                            <author>...</author>
                            <email>...</email>
                            <time>2020-04-21T17:09:00Z</time>
                            <children/>
                          </puzzle>
                        </children>
                      </puzzle>
                    </children>
                  </puzzle>
                  <puzzle alive="false">
                    <issue href="https://github.com/yegor256/jpeek/issues/441" closed="2020-06-29T20:38:46+00:00">441</issue>
                    <ticket>413</ticket>
                    <estimate>30</estimate>
                    <role>DEV</role>
                    <id>413-b264bb98</id>
                    <lines>43-45</lines>
                    <body>...</body>
                    <file>...</file>
                    <author>...</author>
                    <email>...</email>
                    <time>2020-04-05T13:20:05Z</time>
                    <children>
                      <puzzle alive="false">
                        <issue href="https://github.com/yegor256/jpeek/issues/445" closed="2020-05-01T21:55:09+00:00">445</issue>
                        <ticket>441</ticket>
                        <estimate>30</estimate>
                        <role>DEV</role>
                        <id>441-ed4884a5</id>
                        <lines>40-43</lines>
                        <body>...</body>
                        <file>...</file>
                        <author>...</author>
                        <email>...</email>
                        <time>2020-04-09T17:07:33Z</time>
                        <children>
                          <puzzle alive="false">
                            <issue href="https://github.com/yegor256/jpeek/issues/472" closed="2020-06-29T20:38:50+00:00">472</issue>
                            <ticket>445</ticket>
                            <estimate>30</estimate>
                            <role>DEV</role>
                            <id>445-b9bbd966</id>
                            <lines>39-44</lines>
                            <body>...</body>
                            <file>...</file>
                            <author>...</author>
                            <email>...</email>
                            <time>2020-04-24T12:00:24Z</time>
                            <children/>
                          </puzzle>
                          <puzzle alive="false">
                            <issue href="https://github.com/yegor256/jpeek/issues/473" closed="2020-07-26T20:00:48+00:00">473</issue>
                            <ticket>445</ticket>
                            <estimate>30</estimate>
                            <role>DEV</role>
                            <id>445-1cfd81f6</id>
                            <lines>77-80</lines>
                            <body>...</body>
                            <file>...</file>
                            <author>...</author>
                            <email>...</email>
                            <time>2020-04-24T12:00:24Z</time>
                            <children>
                              <puzzle alive="true">
                                <ticket>473</ticket>
                                <estimate>30</estimate>
                                <role>DEV</role>
                                <id>473-a79b4155</id>
                                <lines>38-41</lines>
                                <body>...</body>
                                <file>...</file>
                                <author>...</author>
                                <email>...</email>
                                <time>2020-07-11T17:27:28Z</time>
                                <children/>
                                <issue href="https://github.com/yegor256/jpeek/issues/484">484</issue>
                              </puzzle>
                            </children>
                          </puzzle>
                        </children>
                      </puzzle>
                    </children>
                  </puzzle>
                </children>
              </puzzle>
            </children>
          </puzzle>
        </children>
      </puzzle>
    </children>
  </puzzle>
  <puzzle alive="false">
    <issue href="https://github.com/yegor256/jpeek/issues/400" closed="2020-03-03T17:49:19+00:00">400</issue>
    <ticket>323</ticket>
    <estimate>30</estimate>
    <role>DEV</role>
    <id>323-1670a5eb</id>
    <lines>58-62</lines>
    <body>...</body>
    <file>...</file>
    <author>...</author>
    <email>...</email>
    <time>2020-02-18T14:04:54Z</time>
    <children/>
  </puzzle>
  <puzzle alive="false">
    <issue href="https://github.com/yegor256/jpeek/issues/437" closed="2020-04-29T19:58:46+00:00">437</issue>
    <ticket>403</ticket>
    <estimate>30</estimate>
    <role>DEV</role>
    <id>403-214b0d9e</id>
    <lines>87-102</lines>
    <body>...</body>
    <file>...</file>
    <author>...</author>
    <email>...</email>
    <time>2020-03-25T11:53:00Z</time>
    <children>
      <puzzle alive="true">
        <issue href="https://github.com/yegor256/jpeek/issues/469">469</issue>
        <ticket>437</ticket>
        <estimate>30</estimate>
        <role>DEV</role>
        <id>437-43230a3b</id>
        <lines>52-61</lines>
        <body>...</body>
        <file>...</file>
        <author>...</author>
        <email>...</email>
        <time>2020-04-29T19:48:58Z</time>
        <children/>
      </puzzle>
      <puzzle alive="false">
        <issue href="https://github.com/yegor256/jpeek/issues/470" closed="2020-06-29T20:38:54+00:00">470</issue>
        <ticket>437</ticket>
        <estimate>30</estimate>
        <role>DEV</role>
        <id>437-e6b95171</id>
        <lines>41-42</lines>
        <body>...</body>
        <file>...</file>
        <author>...</author>
        <email>...</email>
        <time>2020-04-29T19:48:58Z</time>
        <children/>
      </puzzle>
    </children>
  </puzzle>
  <puzzle alive="false">
    <issue href="https://github.com/yegor256/jpeek/issues/453" closed="2020-04-21T19:33:37+00:00">453</issue>
    <ticket>447</ticket>
    <estimate>30</estimate>
    <role>DEV</role>
    <id>447-5b43df5f</id>
    <lines>49-54</lines>
    <body>...</body>
    <file>...</file>
    <author>...</author>
    <email>...</email>
    <time>2020-04-16T17:57:30Z</time>
    <children/>
  </puzzle>
  <puzzle alive="true">
    <issue href="https://github.com/yegor256/jpeek/issues/460">460</issue>
    <ticket>452</ticket>
    <estimate>30</estimate>
    <role>DEV</role>
    <id>452-fc6e85e0</id>
    <lines>48-50</lines>
    <body>...</body>
    <file>...</file>
    <author>...</author>
    <email>...</email>
    <time>2020-04-21T18:56:06Z</time>
    <children/>
  </puzzle>
  <puzzle alive="true">
    <issue href="https://github.com/yegor256/jpeek/issues/461">461</issue>
    <ticket>452</ticket>
    <estimate>30</estimate>
    <role>DEV</role>
    <id>452-6485f2e2</id>
    <lines>138-141</lines>
    <body>...</body>
    <file>...</file>
    <author>...</author>
    <email>...</email>
    <time>2020-04-22T12:33:31Z</time>
    <children/>
  </puzzle>
  <puzzle alive="true">
    <issue href="https://github.com/yegor256/jpeek/issues/481">481</issue>
    <ticket>449</ticket>
    <estimate>30</estimate>
    <role>DEV</role>
    <id>449-96cd40b8</id>
    <lines>39-50</lines>
    <body>...</body>
    <file>...</file>
    <author>...</author>
    <email>...</email>
    <time>2020-06-05T18:41:55Z</time>
    <children/>
  </puzzle>
  <puzzle alive="true">
    <issue href="https://github.com/yegor256/jpeek/issues/482">482</issue>
    <ticket>449</ticket>
    <estimate>30</estimate>
    <role>DEV</role>
    <id>449-dd12396b</id>
    <lines>88-94</lines>
    <body>...</body>
    <file>...</file>
    <author>...</author>
    <email>...</email>
    <time>2020-06-05T18:41:55Z</time>
    <children/>
  </puzzle>
</puzzles>
