<?xml version="1.0"?>
<puzzles xmlns:xsi="http://www.w3.org/2001/XMLSchema-instance" xsi:noNamespaceSchemaLocation="http://www.0pdd.com/puzzles.xsd" date="2017-12-22T20:00:11+00:00" version="BUILD">
  <puzzle alive="false">
    <issue>unknown</issue>
    <ticket>1</ticket>
    <estimate>15</estimate>
    <role>IMP</role>
    <id>1-3675a896</id>
    <lines>1-1</lines>
    <body>...</body>
    <file>...</file>
    <author>...</author>
    <email>...</email>
    <time>2017-12-04T11:11:55Z</time>
    <children/>
  </puzzle>
  <puzzle alive="false">
    <issue>unknown</issue>
    <ticket>1</ticket>
    <estimate>15</estimate>
    <role>IMP</role>
    <id>1-55db4433</id>
    <lines>3-3</lines>
    <body>...</body>
    <file>...</file>
    <author>...</author>
    <email>...</email>
    <time>2017-12-04T11:11:55Z</time>
    <children/>
  </puzzle>
  <puzzle alive="false">
    <issue>unknown</issue>
    <ticket>1</ticket>
    <estimate>15</estimate>
    <role>IMP</role>
    <id>1-3937898d</id>
    <lines>5-5</lines>
    <body>...</body>
    <file>...</file>
    <author>...</author>
    <email>...</email>
    <time>2017-12-04T11:11:55Z</time>
    <children/>
  </puzzle>
  <puzzle alive="false">
    <issue>unknown</issue>
    <ticket>1</ticket>
    <estimate>15</estimate>
    <role>IMP</role>
    <id>1-27457fa1</id>
    <lines>7-7</lines>
    <body>...</body>
    <file>...</file>
    <author>...</author>
    <email>...</email>
    <time>2017-12-04T11:11:55Z</time>
    <children/>
  </puzzle>
  <puzzle alive="false">
    <issue>unknown</issue>
    <ticket>2</ticket>
    <estimate>25</estimate>
    <role>IMP</role>
    <id>2-b9eea3ce</id>
    <lines>9-9</lines>
    <body>...</body>
    <file>...</file>
    <author>...</author>
    <email>...</email>
    <time>2017-12-04T11:11:55Z</time>
    <children/>
  </puzzle>
  <puzzle alive="false">
    <issue>unknown</issue>
    <ticket>2</ticket>
    <estimate>25</estimate>
    <role>IMP</role>
    <id>2-301a4196</id>
    <lines>7-7</lines>
    <body>...</body>
    <file>...</file>
    <author>...</author>
    <email>...</email>
    <time>2017-12-04T11:31:17Z</time>
    <children/>
  </puzzle>
  <puzzle alive="true">
    <issue href="https://github.com/yegor256/kill-me/issues/8">8</issue>
    <ticket>2</ticket>
    <estimate>25</estimate>
    <role>IMP</role>
    <id>2-f4f420eb</id>
    <lines>1-1</lines>
    <body>...</body>
    <file>...</file>
    <author>...</author>
    <email>...</email>
    <time>2017-12-04T11:33:18Z</time>
    <children/>
  </puzzle>
  <puzzle alive="false">
    <issue href="https://github.com/yegor256/kill-me/issues/9" closed="2017-12-22T19:27:34+00:00">9</issue>
    <ticket>2</ticket>
    <estimate>25</estimate>
    <role>IMP</role>
    <id>2-dbc47f70</id>
    <lines>3-3</lines>
    <body>...</body>
    <file>...</file>
    <author>...</author>
    <email>...</email>
    <time>2017-12-04T11:54:50Z</time>
    <children/>
  </puzzle>
  <puzzle alive="false">
    <issue>unknown</issue>
    <ticket>2</ticket>
    <estimate>25</estimate>
    <role>IMP</role>
    <id>2-6afde8cc</id>
    <lines>5-5</lines>
    <body>...</body>
    <file>...</file>
    <author>...</author>
    <email>...</email>
    <time>2017-12-04T12:15:42Z</time>
    <children/>
  </puzzle>
  <puzzle alive="false">
    <issue>unknown</issue>
    <ticket>5</ticket>
    <estimate>25</estimate>
    <role>IMP</role>
    <id>5-5217a471</id>
    <lines>5-5</lines>
    <body>...</body>
    <file>...</file>
    <author>...</author>
    <email>...</email>
    <time>2017-12-04T15:00:26Z</time>
    <children/>
  </puzzle>
  <puzzle alive="false">
    <issue href="https://github.com/yegor256/kill-me/issues/12" closed="2017-12-04T21:32:22+00:00">12</issue>
    <ticket>5</ticket>
    <estimate>25</estimate>
    <role>IMP</role>
    <id>5-ea9e3e3b</id>
    <lines>5-5</lines>
    <body>...</body>
    <file>...</file>
    <author>...</author>
    <email>...</email>
    <time>2017-12-04T15:15:49Z</time>
    <children/>
  </puzzle>
  <puzzle alive="true">
    <issue href="https://github.com/yegor256/kill-me/issues/13">13</issue>
    <ticket>5</ticket>
    <estimate>25</estimate>
    <role>IMP</role>
    <id>5-ae3c1b5f</id>
    <lines>14-14</lines>
    <body>...</body>
    <file>...</file>
    <author>...</author>
    <email>...</email>
    <time>2017-12-04T20:49:34Z</time>
    <children/>
  </puzzle>
  <puzzle alive="true">
    <issue href="https://github.com/yegor256/kill-me/issues/14">14</issue>
    <ticket>5</ticket>
    <estimate>25</estimate>
    <role>IMP</role>
    <id>5-d09b295d</id>
    <lines>16-16</lines>
    <body>...</body>
    <file>...</file>
    <author>...</author>
    <email>...</email>
    <time>2017-12-04T21:16:13Z</time>
    <children/>
  </puzzle>
  <puzzle alive="false">
    <issue href="https://github.com/yegor256/kill-me/issues/15" closed="2017-12-22T20:00:08+00:00">15</issue>
    <ticket>5</ticket>
    <estimate>25</estimate>
    <role>IMP</role>
    <id>5-6d426c6d</id>
    <lines>5-11</lines>
    <body>...</body>
    <file>...</file>
    <author>...</author>
    <email>...</email>
    <time>2017-12-04T21:28:02Z</time>
    <children/>
  </puzzle>
  <puzzle alive="true">
    <issue href="https://github.com/yegor256/kill-me/issues/16">16</issue>
    <ticket>5</ticket>
    <estimate>25</estimate>
    <role>IMP</role>
    <id>5-e1381738</id>
    <lines>13-16</lines>
    <body>...</body>
    <file>...</file>
    <author>...</author>
    <email>...</email>
    <time>2017-12-04T21:28:02Z</time>
    <children/>
  </puzzle>
  <puzzle alive="true">
    <issue href="https://github.com/yegor256/kill-me/issues/17">17</issue>
    <ticket>2</ticket>
    <estimate>25</estimate>
    <role>IMP</role>
    <id>2-d5964081</id>
    <lines>5-5</lines>
    <body>...</body>
    <file>...</file>
    <author>...</author>
    <email>...</email>
    <time>2017-12-22T19:27:28Z</time>
    <children/>
  </puzzle>
  <puzzle alive="true">
    <ticket>5</ticket>
    <estimate>25</estimate>
    <role>IMP</role>
    <id>5-850d7075</id>
    <lines>7-7</lines>
    <body>...</body>
    <file>...</file>
    <author>...</author>
    <email>...</email>
    <time>2017-12-22T19:59:56Z</time>
    <children/>
    <issue href="https://github.com/yegor256/kill-me/issues/18">18</issue>
  </puzzle>
</puzzles>
