<?xml version="1.0"?>
<puzzles xmlns:xsi="http://www.w3.org/2001/XMLSchema-instance" xsi:noNamespaceSchemaLocation="http://www.0pdd.com/puzzles.xsd" date="2021-06-30T15:03:21+00:00" version="0.30.23">
  <puzzle alive="false">
    <issue href="https://github.com/yegor256/pdd/issues/59" closed="2017-12-04T10:14:04+00:00">59</issue>
    <ticket>234</ticket>
    <estimate>15</estimate>
    <role>DEV</role>
    <id>234-b843faac</id>
    <lines>42-44</lines>
    <body>...</body>
    <file>...</file>
    <author>...</author>
    <email>...</email>
    <time>2017-01-23T07:41:19Z</time>
    <children/>
  </puzzle>
  <puzzle alive="false">
    <issue href="https://github.com/yegor256/pdd/issues/76" closed="2017-12-11T14:07:38+00:00">76</issue>
    <ticket>75</ticket>
    <estimate>30</estimate>
    <role>IMP</role>
    <id>75-d7b58578</id>
    <lines>120-122</lines>
    <body>...</body>
    <file>...</file>
    <author>...</author>
    <email>...</email>
    <time>2017-10-02T20:42:58Z</time>
    <children/>
  </puzzle>
  <puzzle alive="true">
    <issue href="https://github.com/yegor256/pdd/issues/102">102</issue>
    <ticket>98</ticket>
    <estimate>30</estimate>
    <role>DEV</role>
    <id>98-9de926c6</id>
    <lines>60-63</lines>
    <body>...</body>
    <file>...</file>
    <author>...</author>
    <email>...</email>
    <time>2018-06-13T00:38:28Z</time>
    <children/>
  </puzzle>
  <puzzle alive="false">
    <issue href="https://github.com/yegor256/pdd/issues/125" closed="2019-07-11T08:19:38+00:00">125</issue>
    <ticket>114</ticket>
    <estimate>30</estimate>
    <role>DEV</role>
    <id>114-b69d9185</id>
    <lines>9-10</lines>
    <body>...</body>
    <file>...</file>
    <author>...</author>
    <email>...</email>
    <time>2019-07-09T05:40:32Z</time>
    <children>
      <puzzle alive="true">
        <issue href="https://github.com/yegor256/pdd/issues/132">132</issue>
        <ticket>125</ticket>
        <estimate>30</estimate>
        <role>DEV</role>
        <id>125-7d80a284</id>
        <lines>10-12</lines>
        <body>...</body>
        <file>...</file>
        <author>...</author>
        <email>...</email>
        <time>2019-07-10T11:40:26Z</time>
        <children/>
      </puzzle>
      <puzzle alive="true">
        <issue href="https://github.com/yegor256/pdd/issues/133">133</issue>
        <ticket>125</ticket>
        <estimate>30</estimate>
        <role>DEV</role>
        <id>125-db127bd1</id>
        <lines>24-26</lines>
        <body>...</body>
        <file>...</file>
        <author>...</author>
        <email>...</email>
        <time>2019-07-10T11:40:26Z</time>
        <children/>
      </puzzle>
    </children>
  </puzzle>
  <puzzle alive="false">
    <issue href="https://github.com/yegor256/pdd/issues/126" closed="2019-07-14T19:30:48+00:00">126</issue>
    <ticket>114</ticket>
    <estimate>30</estimate>
    <role>DEV</role>
    <id>114-89012c92</id>
    <lines>11-13</lines>
    <body>...</body>
    <file>...</file>
    <author>...</author>
    <email>...</email>
    <time>2019-07-09T04:15:04Z</time>
    <children>
      <puzzle alive="false">
        <issue href="https://github.com/yegor256/pdd/issues/135" closed="2020-12-02T01:52:39+00:00">135</issue>
        <ticket>126</ticket>
        <estimate>30</estimate>
        <role>DEV</role>
        <id>126-b07582a4</id>
        <lines>9-10</lines>
        <body>...</body>
        <file>...</file>
        <author>...</author>
        <email>...</email>
        <time>2019-07-11T09:06:02Z</time>
        <children/>
      </puzzle>
    </children>
  </puzzle>
  <puzzle alive="true">
    <issue href="https://github.com/yegor256/pdd/issues/134">134</issue>
    <ticket>123</ticket>
    <estimate>30</estimate>
    <role>DEV</role>
    <id>123-9786ef4c</id>
    <lines>19-21</lines>
    <body>...</body>
    <file>...</file>
    <author>...</author>
    <email>...</email>
    <time>2019-07-10T10:19:21Z</time>
    <children/>
  </puzzle>
  <puzzle alive="true">
    <ticket>153</ticket>
    <estimate>60</estimate>
    <role>DEV</role>
    <id>153-0452b4a7</id>
    <lines>21-23</lines>
    <body>...</body>
    <file>...</file>
    <author>...</author>
    <email>...</email>
    <time>2021-06-30T15:03:04Z</time>
    <children/>
    <issue href="https://github.com/yegor256/pdd/issues/155">155</issue>
  </puzzle>
</puzzles>
