<?xml version="1.0"?>
<?xml-stylesheet href="/puzzles.xsl" type="text/xsl"?>
<puzzles xmlns:xsi="http://www.w3.org/2001/XMLSchema-instance" xsi:noNamespaceSchemaLocation="http://www.0pdd.com/puzzles.xsd" version="0.30.16" date="2019-05-12T19:41:51+00:00">
  <puzzle alive="false">
    <issue>unknown</issue>
    <id>444-700e5a1e</id>
    <ticket>444</ticket>
    <file>...</file>
    <lines>59-60</lines>
    <estimate>30</estimate>
    <role>DEV</role>
    <author>...</author>
    <email>...</email>
    <time>2016-12-13T19:08:18Z</time>
    <body>...</body>
    <children/>
  </puzzle>
  <puzzle alive="false">
    <issue>unknown</issue>
    <id>162-79dc5021</id>
    <ticket>162</ticket>
    <file>...</file>
    <lines>85-86</lines>
    <estimate>30</estimate>
    <role>DEV</role>
    <author>...</author>
    <email>...</email>
    <time>2016-12-13T19:08:18Z</time>
    <body>...</body>
    <children/>
  </puzzle>
  <puzzle alive="false">
    <issue>unknown</issue>
    <id>285-bf044707</id>
    <ticket>285</ticket>
    <file>...</file>
    <lines>148-150</lines>
    <estimate>30</estimate>
    <role>DEV</role>
    <author>...</author>
    <email>...</email>
    <time>2016-12-13T19:08:18Z</time>
    <body>...</body>
    <children/>
  </puzzle>
  <puzzle alive="false">
    <issue>unknown</issue>
    <id>201-bee63d33</id>
    <ticket>201</ticket>
    <file>...</file>
    <lines>69-72</lines>
    <estimate>30</estimate>
    <role>DEV</role>
    <author>...</author>
    <email>...</email>
    <time>2016-12-13T19:08:18Z</time>
    <body>...</body>
    <children/>
  </puzzle>
  <puzzle alive="false">
    <issue>unknown</issue>
    <id>34-f8b8e119</id>
    <ticket>34</ticket>
    <file>...</file>
    <lines>75-77</lines>
    <estimate>30</estimate>
    <role>DEV</role>
    <author>...</author>
    <email>...</email>
    <time>2016-12-13T19:08:18Z</time>
    <body>...</body>
    <children/>
  </puzzle>
  <puzzle alive="false">
    <issue>unknown</issue>
    <id>307-21366cc2</id>
    <ticket>307</ticket>
    <file>...</file>
    <lines>146-146</lines>
    <estimate>30</estimate>
    <role>DEV</role>
    <author>...</author>
    <email>...</email>
    <time>2016-12-13T19:08:18Z</time>
    <body>...</body>
    <children/>
  </puzzle>
  <puzzle alive="false">
    <issue>unknown</issue>
    <id>238-d7aca987</id>
    <ticket>238</ticket>
    <file>...</file>
    <lines>82-82</lines>
    <estimate>30</estimate>
    <role>DEV</role>
    <author>...</author>
    <email>...</email>
    <time>2016-12-13T19:08:18Z</time>
    <body>...</body>
    <children/>
  </puzzle>
  <puzzle alive="false">
    <issue>unknown</issue>
    <id>439-04d567a5</id>
    <ticket>439</ticket>
    <file>...</file>
    <lines>249-254</lines>
    <estimate>30</estimate>
    <role>DEV</role>
    <author>...</author>
    <email>...</email>
    <time>2016-12-13T19:08:18Z</time>
    <body>...</body>
    <children/>
  </puzzle>
  <puzzle alive="false">
    <issue>unknown</issue>
    <id>215-ce623916</id>
    <ticket>215</ticket>
    <file>...</file>
    <lines>63-64</lines>
    <estimate>30</estimate>
    <role>DEV</role>
    <author>...</author>
    <email>...</email>
    <time>2016-12-13T19:08:18Z</time>
    <body>...</body>
    <children/>
  </puzzle>
  <puzzle alive="false">
    <issue>unknown</issue>
    <id>275-0d238316</id>
    <ticket>275</ticket>
    <file>...</file>
    <lines>78-83</lines>
    <estimate>30</estimate>
    <role>DEV</role>
    <author>...</author>
    <email>...</email>
    <time>2016-12-13T19:08:18Z</time>
    <body>...</body>
    <children/>
  </puzzle>
  <puzzle alive="false">
    <issue>unknown</issue>
    <id>536-6896859a</id>
    <ticket>536</ticket>
    <file>...</file>
    <lines>285-286</lines>
    <estimate>30</estimate>
    <author>...</author>
    <email>...</email>
    <time>2016-12-13T19:08:18Z</time>
    <body>...</body>
    <role>IMP</role>
    <children/>
  </puzzle>
  <puzzle alive="false">
    <issue>unknown</issue>
    <id>593-2aed2390</id>
    <ticket>593</ticket>
    <file>...</file>
    <lines>115-116</lines>
    <estimate>30</estimate>
    <author>...</author>
    <email>...</email>
    <time>2016-12-13T19:08:18Z</time>
    <body>...</body>
    <role>IMP</role>
    <children/>
  </puzzle>
  <puzzle alive="false">
    <issue href="https://github.com/yegor256/rultor/issues/633" closed="2017-10-27T16:34:55+00:00">633</issue>
    <id>594-7fd8c4ec</id>
    <ticket>594</ticket>
    <file>...</file>
    <lines>60-61</lines>
    <estimate>30</estimate>
    <author>...</author>
    <email>...</email>
    <time>2016-12-13T19:08:18Z</time>
    <body>...</body>
    <role>IMP</role>
    <children>
      <puzzle alive="false">
        <issue>unknown</issue>
        <id>633-705a6074</id>
        <ticket>633</ticket>
        <file>...</file>
        <lines>81-83</lines>
        <estimate>30</estimate>
        <author>...</author>
        <email>...</email>
        <time>2016-12-13T19:08:18Z</time>
        <body>...</body>
        <role>IMP</role>
        <children/>
      </puzzle>
    </children>
  </puzzle>
  <puzzle alive="false">
    <issue>unknown</issue>
    <id>565-b6318cf3</id>
    <ticket>565</ticket>
    <file>...</file>
    <lines>60-60</lines>
    <estimate>30</estimate>
    <author>...</author>
    <email>...</email>
    <time>2016-12-13T19:08:18Z</time>
    <body>...</body>
    <role>IMP</role>
    <children/>
  </puzzle>
  <puzzle alive="false">
    <issue>unknown</issue>
    <id>674-74d6c10e</id>
    <ticket>674</ticket>
    <file>...</file>
    <lines>46-48</lines>
    <estimate>30</estimate>
    <author>...</author>
    <email>...</email>
    <time>2016-12-13T19:08:18Z</time>
    <body>...</body>
    <role>IMP</role>
    <children/>
  </puzzle>
  <puzzle alive="true">
    <issue href="https://github.com/yegor256/rultor/issues/1156">1156</issue>
    <id>570-b7bcc1c2</id>
    <ticket>570</ticket>
    <file>...</file>
    <lines>247-250</lines>
    <estimate>30</estimate>
    <author>...</author>
    <email>...</email>
    <time>2016-12-13T19:08:18Z</time>
    <body>...</body>
    <role>IMP</role>
    <children/>
  </puzzle>
  <puzzle alive="false">
    <issue>unknown</issue>
    <id>561-e08f2fc3</id>
    <ticket>561</ticket>
    <file>...</file>
    <lines>48-49</lines>
    <estimate>30</estimate>
    <author>...</author>
    <email>...</email>
    <time>2016-12-13T19:08:18Z</time>
    <body>...</body>
    <role>IMP</role>
    <children/>
  </puzzle>
  <puzzle alive="false">
    <issue>unknown</issue>
    <id>498-a06fa417</id>
    <ticket>498</ticket>
    <file>...</file>
    <lines>47-48</lines>
    <estimate>30</estimate>
    <body>...</body>
    <role>IMP</role>
    <author>...</author>
    <email>...</email>
    <time>2015-01-10T10:58:47Z</time>
    <children/>
  </puzzle>
  <puzzle alive="false">
    <issue>unknown</issue>
    <id>629-e67af157</id>
    <ticket>629</ticket>
    <file>...</file>
    <lines>42-47</lines>
    <estimate>30</estimate>
    <body>...</body>
    <role>IMP</role>
    <author>...</author>
    <email>...</email>
    <time>2015-01-18T17:25:27Z</time>
    <children/>
  </puzzle>
  <puzzle alive="false">
    <issue>unknown</issue>
    <id>629-7845a57e</id>
    <ticket>629</ticket>
    <file>...</file>
    <lines>48-50</lines>
    <estimate>30</estimate>
    <body>...</body>
    <role>IMP</role>
    <author>...</author>
    <email>...</email>
    <time>2015-01-20T11:22:40Z</time>
    <children/>
  </puzzle>
  <puzzle alive="false">
    <issue>unknown</issue>
    <id>629-1e130e87</id>
    <ticket>629</ticket>
    <file>...</file>
    <lines>51-54</lines>
    <estimate>30</estimate>
    <body>...</body>
    <role>IMP</role>
    <author>...</author>
    <email>...</email>
    <time>2015-01-18T17:25:27Z</time>
    <children/>
  </puzzle>
  <puzzle alive="false">
    <issue>unknown</issue>
    <id>629-50db40cf</id>
    <ticket>629</ticket>
    <file>...</file>
    <lines>55-57</lines>
    <estimate>30</estimate>
    <body>...</body>
    <role>IMP</role>
    <author>...</author>
    <email>...</email>
    <time>2015-01-18T17:25:27Z</time>
    <children/>
  </puzzle>
  <puzzle alive="false">
    <issue>unknown</issue>
    <id>629-b8fe2cc2</id>
    <ticket>629</ticket>
    <file>...</file>
    <lines>58-59</lines>
    <estimate>30</estimate>
    <body>...</body>
    <role>IMP</role>
    <author>...</author>
    <email>...</email>
    <time>2015-01-18T17:25:27Z</time>
    <children/>
  </puzzle>
  <puzzle alive="true">
    <issue href="https://github.com/yegor256/rultor/issues/1157">1157</issue>
    <id>748-9cbe7474</id>
    <ticket>748</ticket>
    <file>...</file>
    <lines>47-53</lines>
    <estimate>30</estimate>
    <body>...</body>
    <role>IMP</role>
    <author>...</author>
    <email>...</email>
    <time>2015-01-20T20:41:05Z</time>
    <children/>
  </puzzle>
  <puzzle alive="true">
    <issue href="https://github.com/yegor256/rultor/issues/1158">1158</issue>
    <id>748-bb1cb5c5</id>
    <ticket>748</ticket>
    <file>...</file>
    <lines>54-56</lines>
    <estimate>30</estimate>
    <body>...</body>
    <role>IMP</role>
    <author>...</author>
    <email>...</email>
    <time>2015-01-20T20:41:05Z</time>
    <children/>
  </puzzle>
  <puzzle alive="true">
    <issue href="https://github.com/yegor256/rultor/issues/1159">1159</issue>
    <id>748-a3bd319f</id>
    <ticket>748</ticket>
    <file>...</file>
    <lines>95-96</lines>
    <estimate>30</estimate>
    <body>...</body>
    <role>IMP</role>
    <author>...</author>
    <email>...</email>
    <time>2015-01-20T20:41:05Z</time>
    <children/>
  </puzzle>
  <puzzle alive="true">
    <issue href="https://github.com/yegor256/rultor/issues/1160">1160</issue>
    <id>662-8cc0c29a</id>
    <ticket>662</ticket>
    <file>...</file>
    <lines>47-49</lines>
    <estimate>30</estimate>
    <body>...</body>
    <role>IMP</role>
    <author>...</author>
    <email>...</email>
    <time>2015-02-07T22:23:19Z</time>
    <children/>
  </puzzle>
  <puzzle alive="false">
    <issue>unknown</issue>
    <id>567-359f8c66</id>
    <ticket>567</ticket>
    <file>...</file>
    <lines>63-64</lines>
    <estimate>30</estimate>
    <body>...</body>
    <role>DEV</role>
    <author>...</author>
    <email>...</email>
    <time>2015-09-18T16:02:26Z</time>
    <children/>
  </puzzle>
  <puzzle alive="false">
    <issue href="https://github.com/yegor256/rultor/issues/1053" closed="2017-10-27T16:34:56+00:00">1053</issue>
    <id>1018-15a5404e</id>
    <ticket>1018</ticket>
    <file>...</file>
    <lines>121-125</lines>
    <estimate>30</estimate>
    <body>...</body>
    <role>IMP</role>
    <author>...</author>
    <email>...</email>
    <time>2016-03-10T07:09:23Z</time>
    <children>
      <puzzle alive="true">
        <issue href="https://github.com/yegor256/rultor/issues/1161">1161</issue>
        <id>1053-dc86a5cc</id>
        <ticket>1053</ticket>
        <file>...</file>
        <lines>64-66</lines>
        <estimate>30</estimate>
        <body>...</body>
        <role>IMP</role>
        <author>...</author>
        <email>...</email>
        <time>2016-03-22T23:26:36Z</time>
        <children/>
      </puzzle>
    </children>
  </puzzle>
  <puzzle alive="false">
    <issue>unknown</issue>
    <id>1018-b83a728c</id>
    <ticket>1018</ticket>
    <file>...</file>
    <lines>126-128</lines>
    <estimate>30</estimate>
    <body>...</body>
    <role>IMP</role>
    <author>...</author>
    <email>...</email>
    <time>2016-03-11T09:44:56Z</time>
    <children/>
  </puzzle>
  <puzzle alive="true">
    <issue href="https://github.com/yegor256/rultor/issues/1162">1162</issue>
    <id>918-89660440</id>
    <ticket>918</ticket>
    <file>...</file>
    <lines>59-63</lines>
    <estimate>30</estimate>
    <body>...</body>
    <role>IMP</role>
    <author>...</author>
    <email>...</email>
    <time>2016-03-11T16:16:29Z</time>
    <children/>
  </puzzle>
  <puzzle alive="true">
    <issue href="https://github.com/yegor256/rultor/issues/1163">1163</issue>
    <id>1041-7f83dd26</id>
    <ticket>1041</ticket>
    <file>...</file>
    <lines>47-50</lines>
    <estimate>30</estimate>
    <body>...</body>
    <role>IMP</role>
    <author>...</author>
    <email>...</email>
    <time>2016-03-11T18:14:05Z</time>
    <children/>
  </puzzle>
  <puzzle alive="true">
    <issue href="https://github.com/yegor256/rultor/issues/1164">1164</issue>
    <id>1039-d8a49c64</id>
    <ticket>1039</ticket>
    <file>...</file>
    <lines>108-115</lines>
    <estimate>30</estimate>
    <body>...</body>
    <role>IMP</role>
    <author>...</author>
    <email>...</email>
    <time>2016-03-25T23:52:49Z</time>
    <children/>
  </puzzle>
  <puzzle alive="false">
    <issue>unknown</issue>
    <id>1055-4f9e2bff</id>
    <ticket>1055</ticket>
    <file>...</file>
    <lines>777-784</lines>
    <estimate>30</estimate>
    <body>...</body>
    <role>IMP</role>
    <author>...</author>
    <email>...</email>
    <time>2016-03-30T18:01:59Z</time>
    <children/>
  </puzzle>
  <puzzle alive="true">
    <issue href="https://github.com/yegor256/rultor/issues/1165">1165</issue>
    <id>629-3b4a7478</id>
    <ticket>629</ticket>
    <file>...</file>
    <lines>42-45</lines>
    <estimate>30</estimate>
    <body>...</body>
    <role>IMP</role>
    <author>...</author>
    <email>...</email>
    <time>2016-04-02T20:11:10Z</time>
    <children/>
  </puzzle>
  <puzzle alive="true">
    <issue href="https://github.com/yegor256/rultor/issues/1166">1166</issue>
    <id>629-97e18362</id>
    <ticket>629</ticket>
    <file>...</file>
    <lines>51-53</lines>
    <estimate>30</estimate>
    <body>...</body>
    <role>IMP</role>
    <author>...</author>
    <email>...</email>
    <time>2016-04-02T20:11:10Z</time>
    <children/>
  </puzzle>
  <puzzle alive="false">
    <issue>unknown</issue>
    <id>629-bf520350</id>
    <ticket>629</ticket>
    <file>...</file>
    <lines>54-57</lines>
    <estimate>30</estimate>
    <body>...</body>
    <role>IMP</role>
    <author>...</author>
    <email>...</email>
    <time>2015-01-18T17:25:27Z</time>
    <children/>
  </puzzle>
  <puzzle alive="true">
    <issue href="https://github.com/yegor256/rultor/issues/1167">1167</issue>
    <id>629-efc8aa9c</id>
    <ticket>629</ticket>
    <file>...</file>
    <lines>58-60</lines>
    <estimate>30</estimate>
    <body>...</body>
    <role>IMP</role>
    <author>...</author>
    <email>...</email>
    <time>2016-04-05T20:20:57Z</time>
    <children/>
  </puzzle>
  <puzzle alive="true">
    <issue href="https://github.com/yegor256/rultor/issues/1168">1168</issue>
    <id>629-bb1a14ed</id>
    <ticket>629</ticket>
    <file>...</file>
    <lines>61-64</lines>
    <estimate>30</estimate>
    <body>...</body>
    <role>IMP</role>
    <author>...</author>
    <email>...</email>
    <time>2016-04-07T18:09:50Z</time>
    <children/>
  </puzzle>
  <puzzle alive="true">
    <issue href="https://github.com/yegor256/rultor/issues/1169">1169</issue>
    <id>1125-c2e86b18</id>
    <ticket>1125</ticket>
    <file>...</file>
    <lines>59-68</lines>
    <estimate>30</estimate>
    <body>...</body>
    <role>IMP</role>
    <author>...</author>
    <email>...</email>
    <time>2016-09-11T12:32:48Z</time>
    <children/>
  </puzzle>
  <puzzle alive="true">
    <issue href="https://github.com/yegor256/rultor/issues/1232">1232</issue>
    <ticket>629</ticket>
    <estimate>0</estimate>
    <role>IMP</role>
    <id>629-ebd8dabe</id>
    <lines>81-82</lines>
    <body>...</body>
    <file>...</file>
    <author>...</author>
    <email>...</email>
    <time>2017-12-21T12:38:43Z</time>
    <children/>
  </puzzle>
  <puzzle alive="true">
    <issue href="https://github.com/yegor256/rultor/issues/1303">1303</issue>
    <ticket>1246</ticket>
    <estimate>30</estimate>
    <role>DEV</role>
    <id>1246-03defb2b</id>
    <lines>53-56</lines>
    <body>...</body>
    <file>...</file>
    <author>...</author>
    <email>...</email>
    <time>2019-01-19T01:04:01Z</time>
    <children/>
  </puzzle>
</puzzles>
