<?xml version="1.0"?>
<puzzles xmlns:xsi="http://www.w3.org/2001/XMLSchema-instance" xsi:noNamespaceSchemaLocation="http://www.0pdd.com/puzzles.xsd" date="2019-01-22T02:46:27+00:00" version="0.30.15">
  <puzzle alive="false">
    <issue href="https://github.com/yegor256/wring/issues/76" closed="2018-10-31T01:13:11+00:00">76</issue>
    <ticket>72</ticket>
    <estimate>30</estimate>
    <role>DEV</role>
    <id>72-f572f084</id>
    <lines>57-60</lines>
    <body>...</body>
    <file>...</file>
    <author>...</author>
    <email>...</email>
    <time>2018-10-26T23:19:44Z</time>
    <children>
      <puzzle alive="true">
        <issue href="https://github.com/yegor256/wring/issues/85">85</issue>
        <ticket>76</ticket>
        <estimate>30</estimate>
        <role>DEV</role>
        <id>76-79d66798</id>
        <lines>59-62</lines>
        <body>...</body>
        <file>...</file>
        <author>...</author>
        <email>...</email>
        <time>2018-10-31T00:30:56Z</time>
        <children/>
      </puzzle>
      <puzzle alive="true">
        <issue href="https://github.com/yegor256/wring/issues/86">86</issue>
        <ticket>76</ticket>
        <estimate>30</estimate>
        <role>DEV</role>
        <id>76-1c475d69</id>
        <lines>59-66</lines>
        <body>...</body>
        <file>...</file>
        <author>...</author>
        <email>...</email>
        <time>2018-10-31T00:30:56Z</time>
        <children/>
      </puzzle>
    </children>
  </puzzle>
  <puzzle alive="false">
    <issue href="https://github.com/yegor256/wring/issues/77" closed="2018-10-30T03:55:19+00:00">77</issue>
    <ticket>72</ticket>
    <estimate>30</estimate>
    <role>DEV</role>
    <id>72-8df4b47a</id>
    <lines>40-42</lines>
    <body>...</body>
    <file>...</file>
    <author>...</author>
    <email>...</email>
    <time>2018-10-26T23:19:44Z</time>
    <children>
      <puzzle alive="false">
        <issue href="https://github.com/yegor256/wring/issues/82" closed="2018-12-12T01:12:21+00:00">82</issue>
        <ticket>77</ticket>
        <estimate>30</estimate>
        <role>DEV</role>
        <id>77-dabedd93</id>
        <lines>57-58</lines>
        <body>...</body>
        <file>...</file>
        <author>...</author>
        <email>...</email>
        <time>2018-10-30T02:49:48Z</time>
        <children/>
      </puzzle>
    </children>
  </puzzle>
  <puzzle alive="false">
    <issue href="https://github.com/yegor256/wring/issues/78" closed="2018-10-30T05:46:20+00:00">78</issue>
    <ticket>72</ticket>
    <estimate>30</estimate>
    <role>DEV</role>
    <id>72-df0429be</id>
    <lines>43-47</lines>
    <body>...</body>
    <file>...</file>
    <author>...</author>
    <email>...</email>
    <time>2018-10-26T23:19:44Z</time>
    <children>
      <puzzle alive="false">
        <issue href="https://github.com/yegor256/wring/issues/83" closed="2019-01-22T02:46:27+00:00">83</issue>
        <ticket>78</ticket>
        <estimate>30</estimate>
        <role>DEV</role>
        <id>78-d3bf8dd1</id>
        <lines>52-54</lines>
        <body>...</body>
        <file>...</file>
        <author>...</author>
        <email>...</email>
        <time>2018-10-27T04:56:10Z</time>
        <children/>
      </puzzle>
    </children>
  </puzzle>
</puzzles>
