<?xml version="1.0"?>
<puzzles xmlns:xsi="http://www.w3.org/2001/XMLSchema-instance" xsi:noNamespaceSchemaLocation="http://www.0pdd.com/puzzles.xsd" date="2019-08-20T08:54:37+00:00" version="0.30.18">
  <puzzle alive="false">
    <issue href="https://github.com/Serranya/de.serra.condorcat/issues/11" closed="2019-01-10T12:52:19+00:00">11</issue>
    <ticket>10</ticket>
    <estimate>0</estimate>
    <role>DEV</role>
    <id>10-c451432c</id>
    <lines>21-21</lines>
    <body>...</body>
    <file>...</file>
    <author>...</author>
    <email>...</email>
    <time>2019-01-10T09:15:24Z</time>
    <children>
      <puzzle alive="false">
        <issue href="https://github.com/Serranya/de.serra.condorcat/issues/13" closed="2019-01-10T14:09:19+00:00">13</issue>
        <ticket>11</ticket>
        <estimate>0</estimate>
        <role>DEV</role>
        <id>11-606dae47</id>
        <lines>52-52</lines>
        <body>...</body>
        <file>...</file>
        <author>...</author>
        <email>...</email>
        <time>2019-01-10T12:47:59Z</time>
        <children>
          <puzzle alive="false">
            <issue href="https://github.com/Serranya/de.serra.condorcat/issues/16" closed="2019-01-11T15:07:29+00:00">16</issue>
            <ticket>13</ticket>
            <estimate>0</estimate>
            <role>DEV</role>
            <id>13-8aa8adec</id>
            <lines>57-57</lines>
            <body>...</body>
            <file>...</file>
            <author>...</author>
            <email>...</email>
            <time>2019-01-10T14:08:58Z</time>
            <children/>
          </puzzle>
        </children>
      </puzzle>
      <puzzle alive="false">
        <issue href="https://github.com/Serranya/de.serra.condorcat/issues/14" closed="2019-01-10T14:01:11+00:00">14</issue>
        <ticket>11</ticket>
        <estimate>0</estimate>
        <role>DEV</role>
        <id>11-88c45a84</id>
        <lines>65-66</lines>
        <body>...</body>
        <file>...</file>
        <author>...</author>
        <email>...</email>
        <time>2019-01-10T12:47:59Z</time>
        <children>
          <puzzle alive="false">
            <issue href="https://github.com/Serranya/de.serra.condorcat/issues/15" closed="2019-01-11T16:24:42+00:00">15</issue>
            <ticket>14</ticket>
            <estimate>0</estimate>
            <role>DEV</role>
            <id>14-c62c5dca</id>
            <lines>7-7</lines>
            <body>...</body>
            <file>...</file>
            <author>...</author>
            <email>...</email>
            <time>2019-01-10T14:00:42Z</time>
            <children/>
          </puzzle>
        </children>
      </puzzle>
    </children>
  </puzzle>
  <puzzle alive="false">
    <issue href="https://github.com/Serranya/de.serra.condorcat/issues/20" closed="2019-01-17T13:53:11+00:00">20</issue>
    <ticket>18</ticket>
    <estimate>0</estimate>
    <role>DEV</role>
    <id>18-435d63c7</id>
    <lines>11-11</lines>
    <body>...</body>
    <file>...</file>
    <author>...</author>
    <email>...</email>
    <time>2019-01-14T15:04:21Z</time>
    <children/>
  </puzzle>
  <puzzle alive="false">
    <issue href="https://github.com/Serranya/de.serra.condorcat/issues/22" closed="2019-06-26T11:37:08+00:00">22</issue>
    <ticket>21</ticket>
    <estimate>0</estimate>
    <role>DEV</role>
    <id>21-7240b091</id>
    <lines>64-64</lines>
    <body>...</body>
    <file>...</file>
    <author>...</author>
    <email>...</email>
    <time>2019-01-19T18:28:14Z</time>
    <children/>
  </puzzle>
  <puzzle alive="false">
    <issue href="https://github.com/Serranya/de.serra.condorcat/issues/23" closed="2019-01-20T16:00:49+00:00">23</issue>
    <ticket>21</ticket>
    <estimate>0</estimate>
    <role>DEV</role>
    <id>21-fe6f61ea</id>
    <lines>68-68</lines>
    <body>...</body>
    <file>...</file>
    <author>...</author>
    <email>...</email>
    <time>2019-01-19T18:28:14Z</time>
    <children/>
  </puzzle>
  <puzzle alive="false">
    <issue href="https://github.com/Serranya/de.serra.condorcat/issues/24" closed="2019-07-17T11:29:52+00:00">24</issue>
    <ticket>21</ticket>
    <estimate>0</estimate>
    <role>DEV</role>
    <id>21-8b8ab1f2</id>
    <lines>72-72</lines>
    <body>...</body>
    <file>...</file>
    <author>...</author>
    <email>...</email>
    <time>2019-01-19T18:28:14Z</time>
    <children/>
  </puzzle>
  <puzzle alive="true">
    <issue href="https://github.com/Serranya/de.serra.condorcat/issues/25">25</issue>
    <ticket>21</ticket>
    <estimate>0</estimate>
    <role>DEV</role>
    <id>21-eed71592</id>
    <lines>75-75</lines>
    <body>...</body>
    <file>...</file>
    <author>...</author>
    <email>...</email>
    <time>2019-01-19T18:28:14Z</time>
    <children/>
  </puzzle>
  <puzzle alive="false">
    <issue href="https://github.com/Serranya/de.serra.condorcat/issues/35" closed="2019-01-30T16:34:51+00:00">35</issue>
    <ticket>31</ticket>
    <estimate>0</estimate>
    <role>DEV</role>
    <id>31-a4e4b2c7</id>
    <lines>81-81</lines>
    <body>...</body>
    <file>...</file>
    <author>...</author>
    <email>...</email>
    <time>2019-01-30T11:43:39Z</time>
    <children/>
  </puzzle>
  <puzzle alive="false">
    <issue href="https://github.com/Serranya/de.serra.condorcat/issues/36" closed="2019-02-10T10:58:58+00:00">36</issue>
    <ticket>31</ticket>
    <estimate>0</estimate>
    <role>DEV</role>
    <id>31-45eca2b4</id>
    <lines>92-92</lines>
    <body>...</body>
    <file>...</file>
    <author>...</author>
    <email>...</email>
    <time>2019-01-30T11:43:39Z</time>
    <children/>
  </puzzle>
  <puzzle alive="false">
    <issue href="https://github.com/Serranya/de.serra.condorcat/issues/39" closed="2019-02-04T09:09:44+00:00">39</issue>
    <ticket>31</ticket>
    <estimate>0</estimate>
    <role>DEV</role>
    <id>31-32d06cfa</id>
    <lines>115-115</lines>
    <body>...</body>
    <file>...</file>
    <author>...</author>
    <email>...</email>
    <time>2019-01-31T13:01:26Z</time>
    <children/>
  </puzzle>
  <puzzle alive="false">
    <issue href="https://github.com/Serranya/de.serra.condorcat/issues/40" closed="2019-02-04T09:33:26+00:00">40</issue>
    <ticket>31</ticket>
    <estimate>0</estimate>
    <role>DEV</role>
    <id>31-91688fe4</id>
    <lines>119-119</lines>
    <body>...</body>
    <file>...</file>
    <author>...</author>
    <email>...</email>
    <time>2019-01-31T13:01:26Z</time>
    <children/>
  </puzzle>
  <puzzle alive="true">
    <issue href="https://github.com/Serranya/de.serra.condorcat/issues/48">48</issue>
    <ticket>46</ticket>
    <estimate>0</estimate>
    <role>DEV</role>
    <id>46-77382f25</id>
    <lines>41-41</lines>
    <body>...</body>
    <file>...</file>
    <author>...</author>
    <email>...</email>
    <time>2019-02-10T16:30:34Z</time>
    <children/>
  </puzzle>
  <puzzle alive="false">
    <issue href="https://github.com/Serranya/de.serra.condorcat/issues/49" closed="2019-02-19T14:31:55+00:00">49</issue>
    <ticket>46</ticket>
    <estimate>0</estimate>
    <role>DEV</role>
    <id>46-f386e691</id>
    <lines>18-18</lines>
    <body>...</body>
    <file>...</file>
    <author>...</author>
    <email>...</email>
    <time>2019-02-10T16:30:34Z</time>
    <children>
      <puzzle alive="false">
        <issue href="https://github.com/Serranya/de.serra.condorcat/issues/51" closed="2019-06-26T11:37:10+00:00">51</issue>
        <ticket>49</ticket>
        <estimate>0</estimate>
        <role>DEV</role>
        <id>49-6068fe4f</id>
        <lines>9-9</lines>
        <body>...</body>
        <file>...</file>
        <author>...</author>
        <email>...</email>
        <time>2019-02-19T14:31:45Z</time>
        <children/>
      </puzzle>
    </children>
  </puzzle>
  <puzzle alive="false">
    <issue href="https://github.com/Serranya/de.serra.condorcat/issues/54" closed="2019-06-26T11:37:12+00:00">54</issue>
    <ticket>52</ticket>
    <estimate>0</estimate>
    <role>DEV</role>
    <id>52-a3ef718e</id>
    <lines>24-24</lines>
    <body>...</body>
    <file>...</file>
    <author>...</author>
    <email>...</email>
    <time>2019-02-20T15:12:17Z</time>
    <children/>
  </puzzle>
  <puzzle alive="false">
    <issue href="https://github.com/Serranya/de.serra.condorcat/issues/55" closed="2019-06-26T11:46:40+00:00">55</issue>
    <ticket>52</ticket>
    <estimate>0</estimate>
    <role>DEV</role>
    <id>52-b5f21594</id>
    <lines>45-45</lines>
    <body>...</body>
    <file>...</file>
    <author>...</author>
    <email>...</email>
    <time>2019-02-20T15:12:17Z</time>
    <children/>
  </puzzle>
  <puzzle alive="false">
    <issue href="https://github.com/Serranya/de.serra.condorcat/issues/56" closed="2019-06-26T11:37:14+00:00">56</issue>
    <ticket>52</ticket>
    <estimate>0</estimate>
    <role>DEV</role>
    <id>52-e7bde193</id>
    <lines>71-71</lines>
    <body>...</body>
    <file>...</file>
    <author>...</author>
    <email>...</email>
    <time>2019-02-20T15:12:17Z</time>
    <children/>
  </puzzle>
  <puzzle alive="false">
    <issue href="https://github.com/Serranya/de.serra.condorcat/issues/86" closed="2019-08-14T17:50:17+00:00">86</issue>
    <ticket>84</ticket>
    <estimate>0</estimate>
    <role>DEV</role>
    <id>84-4467f284</id>
    <lines>28-29</lines>
    <body>...</body>
    <file>...</file>
    <author>...</author>
    <email>...</email>
    <time>2019-08-14T10:55:31Z</time>
    <children>
      <puzzle alive="true">
        <issue href="https://github.com/Serranya/de.serra.condorcat/issues/88">88</issue>
        <ticket>86</ticket>
        <estimate>0</estimate>
        <role>DEV</role>
        <id>86-a6d7494b</id>
        <lines>12-12</lines>
        <body>...</body>
        <file>...</file>
        <author>...</author>
        <email>...</email>
        <time>2019-08-14T14:06:27Z</time>
        <children/>
      </puzzle>
    </children>
  </puzzle>
  <puzzle alive="true">
    <issue href="https://github.com/Serranya/de.serra.condorcat/issues/89">89</issue>
    <ticket>84</ticket>
    <estimate>0</estimate>
    <role>DEV</role>
    <id>84-9b4c87cb</id>
    <lines>24-24</lines>
    <body>...</body>
    <file>...</file>
    <author>...</author>
    <email>...</email>
    <time>2019-08-14T14:06:27Z</time>
    <children/>
  </puzzle>
  <puzzle alive="false">
    <issue href="https://github.com/Serranya/de.serra.condorcat/issues/90" closed="2019-08-20T08:54:37+00:00">90</issue>
    <ticket>84</ticket>
    <estimate>0</estimate>
    <role>DEV</role>
    <id>84-18bb00ee</id>
    <lines>4-4</lines>
    <body>...</body>
    <file>...</file>
    <author>...</author>
    <email>...</email>
    <time>2019-08-14T14:06:27Z</time>
    <children/>
  </puzzle>
</puzzles>
