<?xml version="1.0"?>
<puzzles xmlns:xsi="http://www.w3.org/2001/XMLSchema-instance" xsi:noNamespaceSchemaLocation="http://www.0pdd.com/puzzles.xsd" date="2018-12-06T08:52:21+00:00" version="0.30.13">
  <puzzle alive="false">
    <issue href="https://github.com/Harvest-foundation/audit-bot/issues/2" closed="2018-10-16T12:59:48+00:00">2</issue>
    <ticket>1</ticket>
    <estimate>30</estimate>
    <role>DEV</role>
    <id>1-c78527ae</id>
    <lines>59-62</lines>
    <body>...</body>
    <file>...</file>
    <author>...</author>
    <email>...</email>
    <time>2018-09-24T13:17:01Z</time>
    <children>
      <puzzle alive="true">
        <issue href="https://github.com/Harvest-foundation/audit-bot/issues/10">10</issue>
        <ticket>2</ticket>
        <estimate>30</estimate>
        <role>DEV</role>
        <id>2-05718123</id>
        <lines>26-26</lines>
        <body>...</body>
        <file>...</file>
        <author>...</author>
        <email>...</email>
        <time>2018-10-09T00:10:52Z</time>
        <children/>
      </puzzle>
      <puzzle alive="true">
        <issue href="https://github.com/Harvest-foundation/audit-bot/issues/11">11</issue>
        <ticket>2</ticket>
        <estimate>30</estimate>
        <role>DEV</role>
        <id>2-cb0f259c</id>
        <lines>65-66</lines>
        <body>...</body>
        <file>...</file>
        <author>...</author>
        <email>...</email>
        <time>2018-10-09T00:10:52Z</time>
        <children/>
      </puzzle>
      <puzzle alive="true">
        <issue href="https://github.com/Harvest-foundation/audit-bot/issues/12">12</issue>
        <ticket>2</ticket>
        <estimate>30</estimate>
        <role>DEV</role>
        <id>2-1f6b6b5b</id>
        <lines>29-30</lines>
        <body>...</body>
        <file>...</file>
        <author>...</author>
        <email>...</email>
        <time>2018-10-14T13:16:58Z</time>
        <children/>
      </puzzle>
    </children>
  </puzzle>
  <puzzle alive="false">
    <issue href="https://github.com/Harvest-foundation/audit-bot/issues/3" closed="2018-10-09T05:17:44+00:00">3</issue>
    <ticket>1</ticket>
    <estimate>30</estimate>
    <role>DEV</role>
    <id>1-79e9d928</id>
    <lines>20-23</lines>
    <body>...</body>
    <file>...</file>
    <author>...</author>
    <email>...</email>
    <time>2018-09-24T13:17:01Z</time>
    <children/>
  </puzzle>
  <puzzle alive="false">
    <issue href="https://github.com/Harvest-foundation/audit-bot/issues/4" closed="2018-12-06T08:52:16+00:00">4</issue>
    <ticket>1</ticket>
    <estimate>30</estimate>
    <role>DEV</role>
    <id>1-286d45a0</id>
    <lines>31-34</lines>
    <body>...</body>
    <file>...</file>
    <author>...</author>
    <email>...</email>
    <time>2018-09-24T13:17:01Z</time>
    <children>
      <puzzle alive="true">
        <ticket>4</ticket>
        <estimate>30</estimate>
        <role>DEV</role>
        <id>4-15911ba4</id>
        <lines>16-19</lines>
        <body>...</body>
        <file>...</file>
        <author>...</author>
        <email>...</email>
        <time>2018-10-19T19:54:27Z</time>
        <children/>
        <issue href="https://github.com/Harvest-foundation/audit-bot/issues/15">15</issue>
      </puzzle>
      <puzzle alive="true">
        <ticket>4</ticket>
        <estimate>30</estimate>
        <role>DEV</role>
        <id>4-fc0bb265</id>
        <lines>20-21</lines>
        <body>...</body>
        <file>...</file>
        <author>...</author>
        <email>...</email>
        <time>2018-10-29T15:24:23Z</time>
        <children/>
        <issue href="https://github.com/Harvest-foundation/audit-bot/issues/16">16</issue>
      </puzzle>
      <puzzle alive="true">
        <ticket>4</ticket>
        <estimate>30</estimate>
        <role>DEV</role>
        <id>4-204a2e87</id>
        <lines>37-40</lines>
        <body>...</body>
        <file>...</file>
        <author>...</author>
        <email>...</email>
        <time>2018-10-19T19:54:27Z</time>
        <children/>
        <issue href="https://github.com/Harvest-foundation/audit-bot/issues/17">17</issue>
      </puzzle>
    </children>
  </puzzle>
  <puzzle alive="false">
    <issue href="https://github.com/Harvest-foundation/audit-bot/issues/7" closed="2018-10-04T15:03:44+00:00">7</issue>
    <ticket>6</ticket>
    <estimate>30</estimate>
    <role>DEV</role>
    <id>6-a4fbd45b</id>
    <lines>10-13</lines>
    <body>...</body>
    <file>...</file>
    <author>...</author>
    <email>...</email>
    <time>2018-10-03T08:33:44Z</time>
    <children/>
  </puzzle>
</puzzles>
