<?xml version="1.0"?>
<puzzles xmlns:xsi="http://www.w3.org/2001/XMLSchema-instance" xsi:noNamespaceSchemaLocation="http://www.0pdd.com/puzzles.xsd" date="2018-11-08T06:17:05+00:00" version="0.30.11">
  <puzzle alive="true">
    <issue href="https://github.com/Harvest-foundation/broker-bot/issues/2">2</issue>
    <ticket>1</ticket>
    <estimate>30</estimate>
    <role>DEV</role>
    <id>1-98948f40</id>
    <lines>22-28</lines>
    <body>...</body>
    <file>...</file>
    <author>...</author>
    <email>...</email>
    <time>2018-09-06T09:04:28Z</time>
    <children/>
  </puzzle>
</puzzles>
