<?xml version="1.0"?>
<puzzles xmlns:xsi="http://www.w3.org/2001/XMLSchema-instance" xsi:noNamespaceSchemaLocation="http://www.0pdd.com/puzzles.xsd" date="2018-10-17T05:24:48+00:00" version="0.30.7">
  <puzzle alive="false">
    <issue href="https://github.com/Harvest-foundation/btcops/issues/6" closed="2018-10-17T05:24:46+00:00">6</issue>
    <ticket>2</ticket>
    <estimate>30</estimate>
    <role>DEV</role>
    <id>2-1c843fbd</id>
    <lines>53-54</lines>
    <body>...</body>
    <file>...</file>
    <author>...</author>
    <email>...</email>
    <time>2018-10-02T03:40:31Z</time>
    <children/>
  </puzzle>
  <puzzle alive="false">
    <issue href="https://github.com/Harvest-foundation/btcops/issues/7" closed="2018-10-13T09:59:25+00:00">7</issue>
    <ticket>2</ticket>
    <estimate>30</estimate>
    <role>DEV</role>
    <id>2-9aac40e3</id>
    <lines>96-97</lines>
    <body>...</body>
    <file>...</file>
    <author>...</author>
    <email>...</email>
    <time>2018-10-02T03:40:31Z</time>
    <children>
      <puzzle alive="true">
        <issue href="https://github.com/Harvest-foundation/btcops/issues/13">13</issue>
        <ticket>7</ticket>
        <estimate>30</estimate>
        <role>DEV</role>
        <id>7-9aac40e3</id>
        <lines>102-103</lines>
        <body>...</body>
        <file>...</file>
        <author>...</author>
        <email>...</email>
        <time>2018-10-13T09:57:59Z</time>
        <children/>
      </puzzle>
    </children>
  </puzzle>
  <puzzle alive="false">
    <issue href="https://github.com/Harvest-foundation/btcops/issues/9" closed="2018-10-17T05:24:48+00:00">9</issue>
    <ticket>3</ticket>
    <estimate>30</estimate>
    <role>DEV</role>
    <id>3-37551206</id>
    <lines>54-55</lines>
    <body>...</body>
    <file>...</file>
    <author>...</author>
    <email>...</email>
    <time>2018-10-05T10:32:12Z</time>
    <children/>
  </puzzle>
</puzzles>
