<?xml version="1.0"?>
<puzzles xmlns:xsi="http://www.w3.org/2001/XMLSchema-instance" xsi:noNamespaceSchemaLocation="http://www.0pdd.com/puzzles.xsd" date="2018-11-28T18:24:08+00:00" version="0.30.13">
  <puzzle alive="false">
    <issue href="https://github.com/nikialeksey/arspell/issues/13" closed="2018-11-21T16:56:10+00:00">13</issue>
    <ticket>9</ticket>
    <estimate>30</estimate>
    <role>DEV</role>
    <id>9-bfa04699</id>
    <lines>8-8</lines>
    <body>...</body>
    <file>...</file>
    <author>...</author>
    <email>...</email>
    <time>2018-11-20T20:20:43Z</time>
    <children/>
  </puzzle>
  <puzzle alive="true">
    <issue href="https://github.com/nikialeksey/arspell/issues/17">17</issue>
    <ticket>10</ticket>
    <estimate>30</estimate>
    <role>DEV</role>
    <id>10-5781f6ef</id>
    <lines>91-91</lines>
    <body>...</body>
    <file>...</file>
    <author>...</author>
    <email>...</email>
    <time>2018-11-25T07:08:39Z</time>
    <children/>
  </puzzle>
</puzzles>
