<?xml version="1.0"?>
<puzzles xmlns:xsi="http://www.w3.org/2001/XMLSchema-instance" xsi:noNamespaceSchemaLocation="http://www.0pdd.com/puzzles.xsd" date="2020-01-25T13:05:58+00:00" version="0.30.21">
  <puzzle alive="false">
    <issue href="https://github.com/nikialeksey/fpscanner/issues/1" closed="2020-01-14T13:13:12+00:00">1</issue>
    <ticket>none</ticket>
    <estimate>30</estimate>
    <role>DEV</role>
    <id>none-e3b7ba57</id>
    <lines>56-56</lines>
    <body>...</body>
    <file>...</file>
    <author>...</author>
    <email>...</email>
    <time>2018-08-26T18:03:19Z</time>
    <children>
      <puzzle alive="true">
        <issue href="https://github.com/nikialeksey/fpscanner/issues/5">5</issue>
        <ticket>1</ticket>
        <estimate>30</estimate>
        <role>DEV</role>
        <id>1-e7374f9f</id>
        <lines>111-111</lines>
        <body>...</body>
        <file>...</file>
        <author>...</author>
        <email>...</email>
        <time>2020-01-14T13:12:23Z</time>
        <children/>
      </puzzle>
    </children>
  </puzzle>
</puzzles>
