<?xml version="1.0"?>
<puzzles xmlns:xsi="http://www.w3.org/2001/XMLSchema-instance" xsi:noNamespaceSchemaLocation="http://www.0pdd.com/puzzles.xsd" date="2019-05-09T09:41:38+00:00" version="0.30.16">
  <puzzle alive="false">
    <issue href="https://github.com/nikialeksey/nullfree/issues/7" closed="2019-04-29T14:49:50+00:00">7</issue>
    <ticket>3</ticket>
    <estimate>30</estimate>
    <role>DEV</role>
    <id>3-10643be9</id>
    <lines>29-29</lines>
    <body>...</body>
    <file>...</file>
    <author>...</author>
    <email>...</email>
    <time>2019-04-29T14:02:07Z</time>
    <children/>
  </puzzle>
  <puzzle alive="false">
    <issue href="https://github.com/nikialeksey/nullfree/issues/13" closed="2019-05-08T17:58:55+00:00">13</issue>
    <ticket>10</ticket>
    <estimate>30</estimate>
    <role>DEV</role>
    <id>10-f22f4273</id>
    <lines>29-29</lines>
    <body>...</body>
    <file>...</file>
    <author>...</author>
    <email>...</email>
    <time>2019-05-07T17:21:40Z</time>
    <children/>
  </puzzle>
  <puzzle alive="false">
    <issue href="https://github.com/nikialeksey/nullfree/issues/14" closed="2019-05-08T18:20:16+00:00">14</issue>
    <ticket>10</ticket>
    <estimate>30</estimate>
    <role>DEV</role>
    <id>10-7d5def67</id>
    <lines>10-10</lines>
    <body>...</body>
    <file>...</file>
    <author>...</author>
    <email>...</email>
    <time>2019-05-07T17:21:40Z</time>
    <children/>
  </puzzle>
  <puzzle alive="false">
    <issue href="https://github.com/nikialeksey/nullfree/issues/19" closed="2019-05-09T09:41:38+00:00">19</issue>
    <ticket>2</ticket>
    <estimate>30</estimate>
    <role>DEV</role>
    <id>2-b8bf8dcb</id>
    <lines>10-10</lines>
    <body>...</body>
    <file>...</file>
    <author>...</author>
    <email>...</email>
    <time>2019-05-09T08:25:05Z</time>
    <children/>
  </puzzle>
  <puzzle alive="false">
    <issue href="https://github.com/nikialeksey/nullfree/issues/20" closed="2019-05-09T09:33:19+00:00">20</issue>
    <ticket>2</ticket>
    <estimate>30</estimate>
    <role>DEV</role>
    <id>2-b018f692</id>
    <lines>29-29</lines>
    <body>...</body>
    <file>...</file>
    <author>...</author>
    <email>...</email>
    <time>2019-05-09T08:25:05Z</time>
    <children/>
  </puzzle>
</puzzles>
