<?xml version="1.0"?>
<puzzles xmlns:xsi="http://www.w3.org/2001/XMLSchema-instance" xsi:noNamespaceSchemaLocation="http://www.0pdd.com/puzzles.xsd" date="2021-04-02T11:47:09+00:00" version="0.30.23">
  <puzzle alive="true">
    <issue href="https://github.com/portlek/synergy/issues/6">6</issue>
    <ticket>1</ticket>
    <estimate>5</estimate>
    <role>DEV</role>
    <id>1-e295884b</id>
    <lines>1-1</lines>
    <body>...</body>
    <file>...</file>
    <author>...</author>
    <email>...</email>
    <time>2021-04-01T18:47:51Z</time>
    <children/>
  </puzzle>
  <puzzle alive="false">
    <issue href="https://github.com/portlek/synergy/issues/8" closed="2021-04-02T11:47:09+00:00">8</issue>
    <ticket>7</ticket>
    <estimate>5</estimate>
    <role>DEV</role>
    <id>7-f745248e</id>
    <lines>52-52</lines>
    <body>...</body>
    <file>...</file>
    <author>...</author>
    <email>...</email>
    <time>2021-04-01T20:48:52Z</time>
    <children/>
  </puzzle>
</puzzles>
