<?xml version="1.0"?>
<puzzles xmlns:xsi="http://www.w3.org/2001/XMLSchema-instance" xsi:noNamespaceSchemaLocation="http://www.0pdd.com/puzzles.xsd" date="2021-05-31T09:36:57+00:00" version="0.30.23">
  <puzzle alive="false">
    <issue href="https://github.com/alex7850/addon-repo/issues/2" closed="2021-05-21T07:49:00+00:00">2</issue>
    <ticket>1</ticket>
    <estimate>0</estimate>
    <role>DEV</role>
    <id>1-f6187a6b</id>
    <lines>16-17</lines>
    <body>...</body>
    <file>...</file>
    <author>...</author>
    <email>...</email>
    <time>2021-05-21T07:29:31Z</time>
    <children/>
  </puzzle>
  <puzzle alive="true">
    <issue href="https://github.com/alex7850/addon-repo/issues/3">3</issue>
    <ticket>1</ticket>
    <estimate>0</estimate>
    <role>DEV</role>
    <id>1-6f82e2e2</id>
    <lines>21-23</lines>
    <body>...</body>
    <file>...</file>
    <author>...</author>
    <email>...</email>
    <time>2021-05-21T07:42:05Z</time>
    <children/>
  </puzzle>
  <puzzle alive="true">
    <issue href="https://github.com/alex7850/addon-repo/issues/4">4</issue>
    <ticket>1</ticket>
    <estimate>0</estimate>
    <role>DEV</role>
    <id>1-fdbf03ad</id>
    <lines>39-39</lines>
    <body>...</body>
    <file>...</file>
    <author>...</author>
    <email>...</email>
    <time>2021-05-21T07:29:31Z</time>
    <children/>
  </puzzle>
  <puzzle alive="true">
    <issue href="https://github.com/alex7850/addon-repo/issues/5">5</issue>
    <ticket>1</ticket>
    <estimate>0</estimate>
    <role>DEV</role>
    <id>1-f515f3c7</id>
    <lines>63-63</lines>
    <body>...</body>
    <file>...</file>
    <author>...</author>
    <email>...</email>
    <time>2021-05-21T07:29:31Z</time>
    <children/>
  </puzzle>
  <puzzle alive="true">
    <issue href="https://github.com/alex7850/addon-repo/issues/6">6</issue>
    <ticket>1</ticket>
    <estimate>0</estimate>
    <role>DEV</role>
    <id>1-c692b531</id>
    <lines>86-86</lines>
    <body>...</body>
    <file>...</file>
    <author>...</author>
    <email>...</email>
    <time>2021-05-21T07:29:31Z</time>
    <children/>
  </puzzle>
  <puzzle alive="true">
    <issue href="https://github.com/alex7850/addon-repo/issues/7">7</issue>
    <ticket>1</ticket>
    <estimate>0</estimate>
    <role>DEV</role>
    <id>1-802cfd45</id>
    <lines>95-95</lines>
    <body>...</body>
    <file>...</file>
    <author>...</author>
    <email>...</email>
    <time>2021-05-21T07:29:31Z</time>
    <children>
      <puzzle alive="true">
        <issue href="https://github.com/alex7850/addon-repo/issues/8">8</issue>
        <ticket>7</ticket>
        <estimate>0</estimate>
        <role>DEV</role>
        <id>7-2db14497</id>
        <lines>198-198</lines>
        <body>...</body>
        <file>...</file>
        <author>...</author>
        <email>...</email>
        <time>2021-05-24T07:56:21Z</time>
        <children/>
      </puzzle>
      <puzzle alive="true">
        <issue href="https://github.com/alex7850/addon-repo/issues/9">9</issue>
        <ticket>7</ticket>
        <estimate>0</estimate>
        <role>DEV</role>
        <id>7-d5871b84</id>
        <lines>199-199</lines>
        <body>...</body>
        <file>...</file>
        <author>...</author>
        <email>...</email>
        <time>2021-05-24T08:00:16Z</time>
        <children/>
      </puzzle>
    </children>
  </puzzle>
  <puzzle alive="true">
    <issue href="https://github.com/alex7850/addon-repo/issues/10">10</issue>
    <ticket>1</ticket>
    <estimate>0</estimate>
    <role>DEV</role>
    <id>1-0f4cba84</id>
    <lines>191-191</lines>
    <body>...</body>
    <file>...</file>
    <author>...</author>
    <email>...</email>
    <time>2021-05-31T08:49:50Z</time>
    <children/>
  </puzzle>
  <puzzle alive="true">
    <issue href="https://github.com/alex7850/addon-repo/issues/11">11</issue>
    <ticket>1</ticket>
    <estimate>0</estimate>
    <role>DES</role>
    <id>1-a38b4bc6</id>
    <lines>164-164</lines>
    <body>...</body>
    <file>...</file>
    <author>...</author>
    <email>...</email>
    <time>2021-05-31T08:56:26Z</time>
    <children/>
  </puzzle>
  <puzzle alive="true">
    <issue href="https://github.com/alex7850/addon-repo/issues/12">12</issue>
    <ticket>1</ticket>
    <estimate>45</estimate>
    <role>DEV</role>
    <id>1-c969d994</id>
    <lines>192-192</lines>
    <body>...</body>
    <file>...</file>
    <author>...</author>
    <email>...</email>
    <time>2021-05-31T09:09:26Z</time>
    <children/>
  </puzzle>
</puzzles>
