<?xml version="1.0"?>
<puzzles xmlns:xsi="http://www.w3.org/2001/XMLSchema-instance" xsi:noNamespaceSchemaLocation="http://www.0pdd.com/puzzles.xsd" date="2019-03-23T15:44:07+00:00" version="0.30.16">
  <puzzle alive="false">
    <issue href="https://github.com/wk-j/pdd/issues/2" closed="2019-03-23T15:43:34+00:00">2</issue>
    <ticket>1</ticket>
    <estimate>0</estimate>
    <role>DEV</role>
    <id>1-189e48e9</id>
    <lines>7-8</lines>
    <body>...</body>
    <file>...</file>
    <author>...</author>
    <email>...</email>
    <time>2019-03-23T15:35:48Z</time>
    <children>
      <puzzle alive="false">
        <issue href="https://github.com/wk-j/pdd/issues/3" closed="2019-03-23T15:44:07+00:00">3</issue>
        <ticket>2</ticket>
        <estimate>0</estimate>
        <role>DEV</role>
        <id>2-2cb33944</id>
        <lines>11-11</lines>
        <body>...</body>
        <file>...</file>
        <author>...</author>
        <email>...</email>
        <time>2019-03-23T15:41:41Z</time>
        <children/>
      </puzzle>
    </children>
  </puzzle>
</puzzles>
