<?xml version="1.0"?>
<puzzles xmlns:xsi="http://www.w3.org/2001/XMLSchema-instance" xsi:noNamespaceSchemaLocation="http://www.0pdd.com/puzzles.xsd" date="2018-04-10T07:43:32+00:00" version="0.29.5">
  <puzzle alive="true">
    <issue href="https://github.com/ThaiProgrammer/tech-events-calendar/issues/118">118</issue>
    <ticket>101</ticket>
    <estimate>0</estimate>
    <role>DEV</role>
    <id>101-4b14d300</id>
    <lines>42-45</lines>
    <body>...</body>
    <file>...</file>
    <author>...</author>
    <email>...</email>
    <time>2018-04-06T12:35:02Z</time>
    <children/>
  </puzzle>
</puzzles>
