<?xml version="1.0"?>
<puzzles xmlns:xsi="http://www.w3.org/2001/XMLSchema-instance" xsi:noNamespaceSchemaLocation="http://www.0pdd.com/puzzles.xsd" date="2017-11-10T05:37:57+00:00" version="0.25.7">
  <puzzle alive="true">
    <issue href="https://github.com/lautarobock/newBoM/issues/6">6</issue>
    <ticket>3</ticket>
    <estimate>15</estimate>
    <role>DEV</role>
    <id>3-5ff7d42a</id>
    <lines>91-91</lines>
    <body>...</body>
    <file>...</file>
    <author>...</author>
    <email>...</email>
    <time>2017-04-26T19:35:09Z</time>
    <children/>
  </puzzle>
  <puzzle alive="false">
    <issue href="https://github.com/lautarobock/newBoM/issues/7">7</issue>
    <ticket>INIT</ticket>
    <estimate>0</estimate>
    <role>IMP</role>
    <id>INIT-4a70bbce</id>
    <lines>145-145</lines>
    <body>...</body>
    <file>...</file>
    <author>...</author>
    <email>...</email>
    <time>2017-04-26T19:39:12Z</time>
    <children/>
  </puzzle>
  <puzzle alive="true">
    <issue href="https://github.com/lautarobock/newBoM/issues/9">9</issue>
    <ticket>INMUTABLE</ticket>
    <estimate>0</estimate>
    <role>IMP</role>
    <id>INMUTABLE-60a99c9e</id>
    <lines>7-7</lines>
    <body>...</body>
    <file>...</file>
    <author>...</author>
    <email>...</email>
    <time>2017-04-27T23:15:18Z</time>
    <children/>
  </puzzle>
  <puzzle alive="false">
    <issue href="https://github.com/lautarobock/newBoM/issues/10">10</issue>
    <ticket>INMUTABLE</ticket>
    <estimate>0</estimate>
    <role>IMP</role>
    <id>INMUTABLE-27729359</id>
    <lines>7-9</lines>
    <body>...</body>
    <file>...</file>
    <author>...</author>
    <email>...</email>
    <time>2017-04-27T23:16:55Z</time>
    <children/>
  </puzzle>
  <puzzle alive="true">
    <issue href="https://github.com/lautarobock/newBoM/issues/11">11</issue>
    <ticket>refact</ticket>
    <estimate>0</estimate>
    <role>IMP</role>
    <id>refact-d8591d4a</id>
    <lines>8-8</lines>
    <body>...</body>
    <file>...</file>
    <author>...</author>
    <email>...</email>
    <time>2017-04-28T23:58:49Z</time>
    <children/>
  </puzzle>
  <puzzle alive="true">
    <issue href="https://github.com/lautarobock/newBoM/issues/14">14</issue>
    <ticket>refactor</ticket>
    <estimate>0</estimate>
    <role>IMP</role>
    <id>refactor-7a3acb89</id>
    <lines>60-60</lines>
    <body>...</body>
    <file>...</file>
    <author>...</author>
    <email>...</email>
    <time>2017-05-02T16:19:05Z</time>
    <children/>
  </puzzle>
  <puzzle alive="true">
    <issue href="https://github.com/lautarobock/newBoM/issues/16">16</issue>
    <ticket>general</ticket>
    <estimate>0</estimate>
    <role>IMP</role>
    <id>general-53dcc3ad</id>
    <lines>5-5</lines>
    <body>...</body>
    <file>...</file>
    <author>...</author>
    <email>...</email>
    <time>2017-05-25T19:07:28Z</time>
    <children/>
  </puzzle>
</puzzles>
