<?xml version="1.0"?>
<puzzles xmlns:xsi="http://www.w3.org/2001/XMLSchema-instance" xsi:noNamespaceSchemaLocation="http://www.0pdd.com/puzzles.xsd" date="2019-11-28T18:08:55+00:00" version="BUILD">
  <puzzle alive="false">
    <issue href="https://github.com/ChameleonTartu/hiccasoft-reports-api/issues/126" closed="2019-10-17T13:56:02+00:00">126</issue>
    <ticket>110</ticket>
    <estimate>30</estimate>
    <role>DEV</role>
    <id>110-fa373f7b</id>
    <lines>28-30</lines>
    <body>...</body>
    <file>...</file>
    <author>...</author>
    <email>...</email>
    <time>2019-10-16T18:57:06Z</time>
    <children/>
  </puzzle>
  <puzzle alive="false">
    <issue href="https://github.com/ChameleonTartu/hiccasoft-reports-api/issues/127" closed="2019-10-17T13:56:04+00:00">127</issue>
    <ticket>110</ticket>
    <estimate>30</estimate>
    <role>DEV</role>
    <id>110-43dc2ea7</id>
    <lines>36-37</lines>
    <body>...</body>
    <file>...</file>
    <author>...</author>
    <email>...</email>
    <time>2019-10-16T18:57:06Z</time>
    <children/>
  </puzzle>
  <puzzle alive="false">
    <issue href="https://github.com/ChameleonTartu/hiccasoft-reports-api/issues/128" closed="2019-10-17T13:56:06+00:00">128</issue>
    <ticket>110</ticket>
    <estimate>30</estimate>
    <role>DEV</role>
    <id>110-ae1d095d</id>
    <lines>50-52</lines>
    <body>...</body>
    <file>...</file>
    <author>...</author>
    <email>...</email>
    <time>2019-10-16T18:57:06Z</time>
    <children/>
  </puzzle>
  <puzzle alive="false">
    <issue href="https://github.com/ChameleonTartu/hiccasoft-reports-api/issues/129" closed="2019-10-17T13:56:10+00:00">129</issue>
    <ticket>110</ticket>
    <estimate>30</estimate>
    <role>DEV</role>
    <id>110-5c4f5d53</id>
    <lines>56-56</lines>
    <body>...</body>
    <file>...</file>
    <author>...</author>
    <email>...</email>
    <time>2019-10-16T18:57:06Z</time>
    <children/>
  </puzzle>
  <puzzle alive="false">
    <issue href="https://github.com/ChameleonTartu/hiccasoft-reports-api/issues/130" closed="2019-10-17T13:56:12+00:00">130</issue>
    <ticket>110</ticket>
    <estimate>30</estimate>
    <role>DEV</role>
    <id>110-87c7aec5</id>
    <lines>65-65</lines>
    <body>...</body>
    <file>...</file>
    <author>...</author>
    <email>...</email>
    <time>2019-10-16T18:57:06Z</time>
    <children/>
  </puzzle>
  <puzzle alive="true">
    <issue href="https://github.com/ChameleonTartu/hiccasoft-reports-api/issues/131">131</issue>
    <ticket>113</ticket>
    <estimate>30</estimate>
    <role>DEV</role>
    <id>113-8c5f25cf</id>
    <lines>72-72</lines>
    <body>...</body>
    <file>...</file>
    <author>...</author>
    <email>...</email>
    <time>2019-10-16T18:57:06Z</time>
    <children/>
  </puzzle>
  <puzzle alive="false">
    <issue href="https://github.com/ChameleonTartu/hiccasoft-reports-api/issues/132" closed="2019-11-26T21:34:56+00:00">132</issue>
    <ticket>113</ticket>
    <estimate>30</estimate>
    <role>DEV</role>
    <id>113-b5a0b957</id>
    <lines>85-88</lines>
    <body>...</body>
    <file>...</file>
    <author>...</author>
    <email>...</email>
    <time>2019-10-16T18:57:06Z</time>
    <children/>
  </puzzle>
  <puzzle alive="true">
    <issue href="https://github.com/ChameleonTartu/hiccasoft-reports-api/issues/133">133</issue>
    <ticket>110</ticket>
    <estimate>30</estimate>
    <role>DEV</role>
    <id>110-bf4e7f0b</id>
    <lines>165-166</lines>
    <body>...</body>
    <file>...</file>
    <author>...</author>
    <email>...</email>
    <time>2019-10-16T18:57:06Z</time>
    <children/>
  </puzzle>
  <puzzle alive="true">
    <issue href="https://github.com/ChameleonTartu/hiccasoft-reports-api/issues/134">134</issue>
    <ticket>110</ticket>
    <estimate>30</estimate>
    <role>DEV</role>
    <id>110-40c4642f</id>
    <lines>34-34</lines>
    <body>...</body>
    <file>...</file>
    <author>...</author>
    <email>...</email>
    <time>2019-10-16T18:57:06Z</time>
    <children/>
  </puzzle>
  <puzzle alive="false">
    <issue href="https://github.com/ChameleonTartu/hiccasoft-reports-api/issues/135" closed="2019-11-26T21:35:03+00:00">135</issue>
    <ticket>113</ticket>
    <estimate>30</estimate>
    <role>DEV</role>
    <id>113-1939e483</id>
    <lines>133-133</lines>
    <body>...</body>
    <file>...</file>
    <author>...</author>
    <email>...</email>
    <time>2019-10-16T18:57:06Z</time>
    <children/>
  </puzzle>
  <puzzle alive="false">
    <issue href="https://github.com/ChameleonTartu/hiccasoft-reports-api/issues/136" closed="2019-11-26T21:35:09+00:00">136</issue>
    <ticket>113</ticket>
    <estimate>30</estimate>
    <role>DEV</role>
    <id>113-70fe0753</id>
    <lines>142-142</lines>
    <body>...</body>
    <file>...</file>
    <author>...</author>
    <email>...</email>
    <time>2019-10-16T18:57:06Z</time>
    <children/>
  </puzzle>
  <puzzle alive="true">
    <issue href="https://github.com/ChameleonTartu/hiccasoft-reports-api/issues/137">137</issue>
    <ticket>113</ticket>
    <estimate>30</estimate>
    <role>DEV</role>
    <id>113-cf12b686</id>
    <lines>151-151</lines>
    <body>...</body>
    <file>...</file>
    <author>...</author>
    <email>...</email>
    <time>2019-10-16T18:57:06Z</time>
    <children/>
  </puzzle>
  <puzzle alive="false">
    <issue href="https://github.com/ChameleonTartu/hiccasoft-reports-api/issues/138" closed="2019-11-26T21:35:15+00:00">138</issue>
    <ticket>113</ticket>
    <estimate>30</estimate>
    <role>DEV</role>
    <id>113-91201833</id>
    <lines>10-10</lines>
    <body>...</body>
    <file>...</file>
    <author>...</author>
    <email>...</email>
    <time>2019-10-16T18:57:06Z</time>
    <children/>
  </puzzle>
  <puzzle alive="true">
    <issue href="https://github.com/ChameleonTartu/hiccasoft-reports-api/issues/139">139</issue>
    <ticket>110</ticket>
    <estimate>30</estimate>
    <role>DEV</role>
    <id>110-897ac871</id>
    <lines>32-32</lines>
    <body>...</body>
    <file>...</file>
    <author>...</author>
    <email>...</email>
    <time>2019-10-16T18:57:06Z</time>
    <children/>
  </puzzle>
  <puzzle alive="false">
    <issue href="https://github.com/ChameleonTartu/hiccasoft-reports-api/issues/140" closed="2019-11-26T21:35:19+00:00">140</issue>
    <ticket>102</ticket>
    <estimate>30</estimate>
    <role>DEV</role>
    <id>102-f19121a1</id>
    <lines>17-17</lines>
    <body>...</body>
    <file>...</file>
    <author>...</author>
    <email>...</email>
    <time>2019-10-17T13:06:13Z</time>
    <children/>
  </puzzle>
  <puzzle alive="false">
    <issue href="https://github.com/ChameleonTartu/hiccasoft-reports-api/issues/142" closed="2019-11-28T18:08:55+00:00">142</issue>
    <ticket>117</ticket>
    <estimate>30</estimate>
    <role>DEV</role>
    <id>117-252412cf</id>
    <lines>191-191</lines>
    <body>...</body>
    <file>...</file>
    <author>...</author>
    <email>...</email>
    <time>2019-10-14T20:03:49Z</time>
    <children/>
  </puzzle>
  <puzzle alive="false">
    <issue href="https://github.com/ChameleonTartu/hiccasoft-reports-api/issues/143" closed="2019-11-26T21:35:26+00:00">143</issue>
    <ticket>117</ticket>
    <estimate>30</estimate>
    <role>DEV</role>
    <id>117-e960953b</id>
    <lines>75-77</lines>
    <body>...</body>
    <file>...</file>
    <author>...</author>
    <email>...</email>
    <time>2019-10-15T19:25:16Z</time>
    <children/>
  </puzzle>
  <puzzle alive="true">
    <issue href="https://github.com/ChameleonTartu/hiccasoft-reports-api/issues/144">144</issue>
    <ticket>117</ticket>
    <estimate>30</estimate>
    <role>DEV</role>
    <id>117-fca90aa9</id>
    <lines>36-36</lines>
    <body>...</body>
    <file>...</file>
    <author>...</author>
    <email>...</email>
    <time>2019-10-15T19:01:16Z</time>
    <children/>
  </puzzle>
  <puzzle alive="true">
    <issue href="https://github.com/ChameleonTartu/hiccasoft-reports-api/issues/191">191</issue>
    <ticket>163</ticket>
    <estimate>15</estimate>
    <role>DEV</role>
    <id>163-9d3d26ce</id>
    <lines>53-53</lines>
    <body>...</body>
    <file>...</file>
    <author>...</author>
    <email>...</email>
    <time>2019-11-10T21:21:35Z</time>
    <children/>
  </puzzle>
  <puzzle alive="true">
    <issue href="https://github.com/ChameleonTartu/hiccasoft-reports-api/issues/192">192</issue>
    <ticket>163</ticket>
    <estimate>15</estimate>
    <role>DEV</role>
    <id>163-4ef33248</id>
    <lines>61-61</lines>
    <body>...</body>
    <file>...</file>
    <author>...</author>
    <email>...</email>
    <time>2019-11-10T21:21:35Z</time>
    <children/>
  </puzzle>
  <puzzle alive="true">
    <issue href="https://github.com/ChameleonTartu/hiccasoft-reports-api/issues/193">193</issue>
    <ticket>163</ticket>
    <estimate>30</estimate>
    <role>DEV</role>
    <id>163-e1af7d22</id>
    <lines>72-72</lines>
    <body>...</body>
    <file>...</file>
    <author>...</author>
    <email>...</email>
    <time>2019-11-10T21:21:35Z</time>
    <children/>
  </puzzle>
  <puzzle alive="true">
    <issue href="https://github.com/ChameleonTartu/hiccasoft-reports-api/issues/194">194</issue>
    <ticket>1</ticket>
    <estimate>30</estimate>
    <role>DEV</role>
    <id>1-412054dd</id>
    <lines>166-166</lines>
    <body>...</body>
    <file>...</file>
    <author>...</author>
    <email>...</email>
    <time>2019-10-11T08:38:52Z</time>
    <children/>
  </puzzle>
  <puzzle alive="true">
    <issue href="https://github.com/ChameleonTartu/hiccasoft-reports-api/issues/195">195</issue>
    <ticket>163</ticket>
    <estimate>30</estimate>
    <role>DEV</role>
    <id>163-68797c37</id>
    <lines>294-294</lines>
    <body>...</body>
    <file>...</file>
    <author>...</author>
    <email>...</email>
    <time>2019-11-10T21:21:35Z</time>
    <children/>
  </puzzle>
  <puzzle alive="true">
    <issue href="https://github.com/ChameleonTartu/hiccasoft-reports-api/issues/196">196</issue>
    <ticket>170</ticket>
    <estimate>30</estimate>
    <role>DEV</role>
    <id>170-cbf6f5be</id>
    <lines>323-323</lines>
    <body>...</body>
    <file>...</file>
    <author>...</author>
    <email>...</email>
    <time>2019-11-25T10:35:52Z</time>
    <children/>
  </puzzle>
  <puzzle alive="true">
    <issue href="https://github.com/ChameleonTartu/hiccasoft-reports-api/issues/197">197</issue>
    <ticket>100</ticket>
    <estimate>15</estimate>
    <role>DEV</role>
    <id>100-ad929cfb</id>
    <lines>25-25</lines>
    <body>...</body>
    <file>...</file>
    <author>...</author>
    <email>...</email>
    <time>2019-11-05T21:17:35Z</time>
    <children/>
  </puzzle>
  <puzzle alive="true">
    <issue href="https://github.com/ChameleonTartu/hiccasoft-reports-api/issues/198">198</issue>
    <ticket>100</ticket>
    <estimate>15</estimate>
    <role>DEV</role>
    <id>100-b6b2cd1b</id>
    <lines>32-33</lines>
    <body>...</body>
    <file>...</file>
    <author>...</author>
    <email>...</email>
    <time>2019-11-05T21:17:35Z</time>
    <children/>
  </puzzle>
  <puzzle alive="true">
    <issue href="https://github.com/ChameleonTartu/hiccasoft-reports-api/issues/199">199</issue>
    <ticket>100</ticket>
    <estimate>15</estimate>
    <role>DEV</role>
    <id>100-4ac4e8c2</id>
    <lines>37-37</lines>
    <body>...</body>
    <file>...</file>
    <author>...</author>
    <email>...</email>
    <time>2019-11-05T21:17:35Z</time>
    <children/>
  </puzzle>
  <puzzle alive="true">
    <issue href="https://github.com/ChameleonTartu/hiccasoft-reports-api/issues/200">200</issue>
    <ticket>156</ticket>
    <estimate>30</estimate>
    <role>DEV</role>
    <id>156-31be7a64</id>
    <lines>75-75</lines>
    <body>...</body>
    <file>...</file>
    <author>...</author>
    <email>...</email>
    <time>2019-11-05T21:17:35Z</time>
    <children/>
  </puzzle>
  <puzzle alive="true">
    <issue href="https://github.com/ChameleonTartu/hiccasoft-reports-api/issues/201">201</issue>
    <ticket>163</ticket>
    <estimate>30</estimate>
    <role>DEV</role>
    <id>163-83a6388e</id>
    <lines>28-29</lines>
    <body>...</body>
    <file>...</file>
    <author>...</author>
    <email>...</email>
    <time>2019-11-25T10:35:52Z</time>
    <children/>
  </puzzle>
  <puzzle alive="true">
    <issue href="https://github.com/ChameleonTartu/hiccasoft-reports-api/issues/202">202</issue>
    <ticket>163</ticket>
    <estimate>30</estimate>
    <role>DEV</role>
    <id>163-d5c6ef1e</id>
    <lines>28-29</lines>
    <body>...</body>
    <file>...</file>
    <author>...</author>
    <email>...</email>
    <time>2019-11-10T21:23:11Z</time>
    <children/>
  </puzzle>
  <puzzle alive="true">
    <issue href="https://github.com/ChameleonTartu/hiccasoft-reports-api/issues/203">203</issue>
    <ticket>170</ticket>
    <estimate>30</estimate>
    <role>DEV</role>
    <id>170-0a66ed8c</id>
    <lines>34-35</lines>
    <body>...</body>
    <file>...</file>
    <author>...</author>
    <email>...</email>
    <time>2019-11-25T10:35:52Z</time>
    <children/>
  </puzzle>
  <puzzle alive="true">
    <issue href="https://github.com/ChameleonTartu/hiccasoft-reports-api/issues/204">204</issue>
    <ticket>170</ticket>
    <estimate>30</estimate>
    <role>DEV</role>
    <id>170-3f62605a</id>
    <lines>86-86</lines>
    <body>...</body>
    <file>...</file>
    <author>...</author>
    <email>...</email>
    <time>2019-11-25T10:35:52Z</time>
    <children/>
  </puzzle>
  <puzzle alive="true">
    <issue href="https://github.com/ChameleonTartu/hiccasoft-reports-api/issues/205">205</issue>
    <ticket>100</ticket>
    <estimate>15</estimate>
    <role>DEV</role>
    <id>100-e5b7c092</id>
    <lines>37-37</lines>
    <body>...</body>
    <file>...</file>
    <author>...</author>
    <email>...</email>
    <time>2019-11-25T10:35:52Z</time>
    <children/>
  </puzzle>
  <puzzle alive="true">
    <issue href="https://github.com/ChameleonTartu/hiccasoft-reports-api/issues/206">206</issue>
    <ticket>100</ticket>
    <estimate>15</estimate>
    <role>DEV</role>
    <id>100-eab72463</id>
    <lines>186-186</lines>
    <body>...</body>
    <file>...</file>
    <author>...</author>
    <email>...</email>
    <time>2019-11-25T10:35:52Z</time>
    <children/>
  </puzzle>
  <puzzle alive="true">
    <issue href="https://github.com/ChameleonTartu/hiccasoft-reports-api/issues/207">207</issue>
    <ticket>100</ticket>
    <estimate>15</estimate>
    <role>DEV</role>
    <id>100-d9922368</id>
    <lines>191-191</lines>
    <body>...</body>
    <file>...</file>
    <author>...</author>
    <email>...</email>
    <time>2019-11-25T10:35:52Z</time>
    <children/>
  </puzzle>
  <puzzle alive="true">
    <issue href="https://github.com/ChameleonTartu/hiccasoft-reports-api/issues/208">208</issue>
    <ticket>100</ticket>
    <estimate>15</estimate>
    <role>DEV</role>
    <id>100-3b324dbe</id>
    <lines>211-211</lines>
    <body>...</body>
    <file>...</file>
    <author>...</author>
    <email>...</email>
    <time>2019-11-25T10:35:52Z</time>
    <children/>
  </puzzle>
  <puzzle alive="true">
    <issue href="https://github.com/ChameleonTartu/hiccasoft-reports-api/issues/209">209</issue>
    <ticket>100</ticket>
    <estimate>15</estimate>
    <role>DEV</role>
    <id>100-2b93aff2</id>
    <lines>219-219</lines>
    <body>...</body>
    <file>...</file>
    <author>...</author>
    <email>...</email>
    <time>2019-11-25T10:35:52Z</time>
    <children/>
  </puzzle>
  <puzzle alive="true">
    <issue href="https://github.com/ChameleonTartu/hiccasoft-reports-api/issues/210">210</issue>
    <ticket>100</ticket>
    <estimate>20</estimate>
    <role>DEV</role>
    <id>100-541b624f</id>
    <lines>230-230</lines>
    <body>...</body>
    <file>...</file>
    <author>...</author>
    <email>...</email>
    <time>2019-10-12T16:19:38Z</time>
    <children/>
  </puzzle>
  <puzzle alive="true">
    <issue href="https://github.com/ChameleonTartu/hiccasoft-reports-api/issues/211">211</issue>
    <ticket>117</ticket>
    <estimate>30</estimate>
    <role>DEV</role>
    <id>117-906689c0</id>
    <lines>72-72</lines>
    <body>...</body>
    <file>...</file>
    <author>...</author>
    <email>...</email>
    <time>2019-11-05T21:17:35Z</time>
    <children/>
  </puzzle>
  <puzzle alive="true">
    <issue href="https://github.com/ChameleonTartu/hiccasoft-reports-api/issues/212">212</issue>
    <ticket>157</ticket>
    <estimate>30</estimate>
    <role>DEV</role>
    <id>157-f34ff150</id>
    <lines>93-94</lines>
    <body>...</body>
    <file>...</file>
    <author>...</author>
    <email>...</email>
    <time>2019-11-10T20:44:08Z</time>
    <children/>
  </puzzle>
  <puzzle alive="true">
    <issue href="https://github.com/ChameleonTartu/hiccasoft-reports-api/issues/213">213</issue>
    <ticket>117</ticket>
    <estimate>30</estimate>
    <role>DEV</role>
    <id>117-b5904226</id>
    <lines>47-47</lines>
    <body>...</body>
    <file>...</file>
    <author>...</author>
    <email>...</email>
    <time>2019-11-10T21:21:35Z</time>
    <children/>
  </puzzle>
  <puzzle alive="true">
    <issue href="https://github.com/ChameleonTartu/hiccasoft-reports-api/issues/214">214</issue>
    <ticket>117</ticket>
    <estimate>30</estimate>
    <role>DEV</role>
    <id>117-71d0bde1</id>
    <lines>60-60</lines>
    <body>...</body>
    <file>...</file>
    <author>...</author>
    <email>...</email>
    <time>2019-11-10T21:21:35Z</time>
    <children/>
  </puzzle>
  <puzzle alive="true">
    <issue href="https://github.com/ChameleonTartu/hiccasoft-reports-api/issues/215">215</issue>
    <ticket>117</ticket>
    <estimate>30</estimate>
    <role>DEV</role>
    <id>117-69fcead7</id>
    <lines>71-71</lines>
    <body>...</body>
    <file>...</file>
    <author>...</author>
    <email>...</email>
    <time>2019-11-10T21:21:35Z</time>
    <children/>
  </puzzle>
  <puzzle alive="true">
    <issue href="https://github.com/ChameleonTartu/hiccasoft-reports-api/issues/216">216</issue>
    <ticket>117</ticket>
    <estimate>30</estimate>
    <role>DEV</role>
    <id>117-856fd1ff</id>
    <lines>46-46</lines>
    <body>...</body>
    <file>...</file>
    <author>...</author>
    <email>...</email>
    <time>2019-11-10T21:21:35Z</time>
    <children/>
  </puzzle>
  <puzzle alive="true">
    <issue href="https://github.com/ChameleonTartu/hiccasoft-reports-api/issues/217">217</issue>
    <ticket>177</ticket>
    <estimate>30</estimate>
    <role>DEV</role>
    <id>177-bd46333a</id>
    <lines>96-96</lines>
    <body>...</body>
    <file>...</file>
    <author>...</author>
    <email>...</email>
    <time>2019-11-26T22:14:43Z</time>
    <children/>
  </puzzle>
  <puzzle alive="true">
    <issue href="https://github.com/ChameleonTartu/hiccasoft-reports-api/issues/218">218</issue>
    <ticket>123</ticket>
    <estimate>30</estimate>
    <role>DEV</role>
    <id>123-b6678826</id>
    <lines>44-44</lines>
    <body>...</body>
    <file>...</file>
    <author>...</author>
    <email>...</email>
    <time>2019-11-26T22:25:46Z</time>
    <children/>
  </puzzle>
  <puzzle alive="true">
    <issue href="https://github.com/ChameleonTartu/hiccasoft-reports-api/issues/224">224</issue>
    <ticket>166</ticket>
    <estimate>30</estimate>
    <role>DEV</role>
    <id>166-e85751d1</id>
    <lines>239-239</lines>
    <body>...</body>
    <file>...</file>
    <author>...</author>
    <email>...</email>
    <time>2019-11-28T17:54:14Z</time>
    <children/>
  </puzzle>
  <puzzle alive="true">
    <issue href="https://github.com/ChameleonTartu/hiccasoft-reports-api/issues/225">225</issue>
    <ticket>166</ticket>
    <estimate>30</estimate>
    <role>DEV</role>
    <id>166-bfb378ec</id>
    <lines>243-243</lines>
    <body>...</body>
    <file>...</file>
    <author>...</author>
    <email>...</email>
    <time>2019-11-28T17:54:14Z</time>
    <children/>
  </puzzle>
  <puzzle alive="true">
    <issue href="https://github.com/ChameleonTartu/hiccasoft-reports-api/issues/226">226</issue>
    <ticket>166</ticket>
    <estimate>30</estimate>
    <role>DEV</role>
    <id>166-643b0a18</id>
    <lines>256-258</lines>
    <body>...</body>
    <file>...</file>
    <author>...</author>
    <email>...</email>
    <time>2019-11-28T17:54:14Z</time>
    <children/>
  </puzzle>
</puzzles>
