<?xml version="1.0"?>
<puzzles xmlns:xsi="http://www.w3.org/2001/XMLSchema-instance" xsi:noNamespaceSchemaLocation="http://www.0pdd.com/puzzles.xsd" date="2017-11-24T09:02:45+00:00" version="0.25.8">
  <puzzle alive="true">
    <issue href="https://github.com/terales/artgorbunov-canvas-cover-poc/issues/8">8</issue>
    <ticket>2</ticket>
    <estimate>0</estimate>
    <role>DEV</role>
    <id>2-21d59e70</id>
    <lines>10-11</lines>
    <body>...</body>
    <file>...</file>
    <author>...</author>
    <email>...</email>
    <time>2017-04-30T07:43:53Z</time>
    <children/>
  </puzzle>
  <puzzle alive="true">
    <issue href="https://github.com/terales/artgorbunov-canvas-cover-poc/issues/9">9</issue>
    <ticket>4</ticket>
    <estimate>0</estimate>
    <role>DEV</role>
    <id>4-95bd10f5</id>
    <lines>52-52</lines>
    <body>...</body>
    <file>...</file>
    <author>...</author>
    <email>...</email>
    <time>2017-04-30T08:21:04Z</time>
    <children/>
  </puzzle>
  <puzzle alive="true">
    <issue href="https://github.com/terales/artgorbunov-canvas-cover-poc/issues/11">11</issue>
    <ticket>5</ticket>
    <estimate>0</estimate>
    <role>DEV</role>
    <id>5-e3ba290f</id>
    <lines>21-23</lines>
    <body>...</body>
    <file>...</file>
    <author>...</author>
    <email>...</email>
    <time>2017-04-30T15:31:14Z</time>
    <children/>
  </puzzle>
</puzzles>
