<?xml version="1.0"?>
<puzzles xmlns:xsi="http://www.w3.org/2001/XMLSchema-instance" xsi:noNamespaceSchemaLocation="http://www.0pdd.com/puzzles.xsd" date="2018-04-22T16:16:33+00:00" version="0.30">
  <puzzle alive="false">
    <issue href="https://github.com/reactbkk/3.0.0/issues/2" closed="2018-04-22T16:16:33+00:00">2</issue>
    <ticket>1</ticket>
    <estimate>0</estimate>
    <role>DEV</role>
    <id>1-2fb818bb</id>
    <lines>10-10</lines>
    <body>...</body>
    <file>...</file>
    <author>...</author>
    <email>...</email>
    <time>2018-04-20T18:41:06Z</time>
    <children/>
  </puzzle>
</puzzles>
