<?xml version="1.0"?>
<puzzles xmlns:xsi="http://www.w3.org/2001/XMLSchema-instance" xsi:noNamespaceSchemaLocation="http://www.0pdd.com/puzzles.xsd" date="2020-03-14T08:53:33+00:00" version="0.30.21">
  <puzzle alive="true">
    <issue href="https://github.com/duker33/adarsha_pass/issues/12">12</issue>
    <ticket>1</ticket>
    <estimate>30</estimate>
    <role>DEV</role>
    <id>1-f51b6a0a</id>
    <lines>27-27</lines>
    <body>...</body>
    <file>...</file>
    <author>...</author>
    <email>...</email>
    <time>2019-10-19T14:06:56Z</time>
    <children/>
  </puzzle>
  <puzzle alive="false">
    <issue href="https://github.com/duker33/adarsha_pass/issues/13" closed="2020-03-14T08:53:33+00:00">13</issue>
    <ticket>1</ticket>
    <estimate>120</estimate>
    <role>DEV</role>
    <id>1-fbb229ae</id>
    <lines>45-46</lines>
    <body>...</body>
    <file>...</file>
    <author>...</author>
    <email>...</email>
    <time>2019-10-19T13:00:42Z</time>
    <children/>
  </puzzle>
  <puzzle alive="true">
    <issue href="https://github.com/duker33/adarsha_pass/issues/14">14</issue>
    <ticket>1</ticket>
    <estimate>120</estimate>
    <role>DEV</role>
    <id>1-e03ba720</id>
    <lines>50-52</lines>
    <body>...</body>
    <file>...</file>
    <author>...</author>
    <email>...</email>
    <time>2019-10-19T13:00:42Z</time>
    <children/>
  </puzzle>
  <puzzle alive="true">
    <issue href="https://github.com/duker33/adarsha_pass/issues/15">15</issue>
    <ticket>1</ticket>
    <estimate>15</estimate>
    <role>DEV</role>
    <id>1-d0f707fb</id>
    <lines>72-72</lines>
    <body>...</body>
    <file>...</file>
    <author>...</author>
    <email>...</email>
    <time>2019-10-19T14:06:56Z</time>
    <children/>
  </puzzle>
  <puzzle alive="true">
    <issue href="https://github.com/duker33/adarsha_pass/issues/16">16</issue>
    <ticket>1</ticket>
    <estimate>60</estimate>
    <role>DEV</role>
    <id>1-109bf0a0</id>
    <lines>4-5</lines>
    <body>...</body>
    <file>...</file>
    <author>...</author>
    <email>...</email>
    <time>2019-10-19T13:00:42Z</time>
    <children/>
  </puzzle>
  <puzzle alive="true">
    <issue href="https://github.com/duker33/adarsha_pass/issues/17">17</issue>
    <ticket>1</ticket>
    <estimate>30</estimate>
    <role>DEV</role>
    <id>1-d852b738</id>
    <lines>13-14</lines>
    <body>...</body>
    <file>...</file>
    <author>...</author>
    <email>...</email>
    <time>2019-10-19T13:00:42Z</time>
    <children/>
  </puzzle>
  <puzzle alive="true">
    <issue href="https://github.com/duker33/adarsha_pass/issues/22">22</issue>
    <ticket>1</ticket>
    <estimate>60</estimate>
    <role>DEV</role>
    <id>1-dfc16cc1</id>
    <lines>46-46</lines>
    <body>...</body>
    <file>...</file>
    <author>...</author>
    <email>...</email>
    <time>2020-01-11T12:10:58Z</time>
    <children/>
  </puzzle>
</puzzles>
