<?xml version="1.0"?>
<puzzles xmlns:xsi="http://www.w3.org/2001/XMLSchema-instance" xsi:noNamespaceSchemaLocation="http://www.0pdd.com/puzzles.xsd" date="2021-08-23T18:01:27+00:00" version="0.30.23">
  <puzzle alive="false">
    <issue href="https://github.com/MaxGoryunov/saving-iterator/issues/34" closed="2021-07-26T00:21:43+00:00">34</issue>
    <ticket>7</ticket>
    <estimate>30</estimate>
    <role>DEV</role>
    <id>7-c333ea83</id>
    <lines>15-17</lines>
    <body>...</body>
    <file>...</file>
    <author>...</author>
    <email>...</email>
    <time>2021-07-23T14:11:28Z</time>
    <children>
      <puzzle alive="false">
        <issue href="https://github.com/MaxGoryunov/saving-iterator/issues/44" closed="2021-07-26T21:04:16+00:00">44</issue>
        <ticket>34</ticket>
        <estimate>20</estimate>
        <role>DEV</role>
        <id>34-3e386aad</id>
        <lines>30-31</lines>
        <body>...</body>
        <file>...</file>
        <author>...</author>
        <email>...</email>
        <time>2021-07-25T20:03:22Z</time>
        <children>
          <puzzle alive="false">
            <issue href="https://github.com/MaxGoryunov/saving-iterator/issues/51" closed="2021-07-30T20:59:11+00:00">51</issue>
            <ticket>44</ticket>
            <estimate>20</estimate>
            <role>DEV</role>
            <id>44-d8e690f3</id>
            <lines>10-12</lines>
            <body>...</body>
            <file>...</file>
            <author>...</author>
            <email>...</email>
            <time>2021-07-26T13:35:59Z</time>
            <children>
              <puzzle alive="false">
                <issue href="https://github.com/MaxGoryunov/saving-iterator/issues/64" closed="2021-08-05T23:25:57+00:00">64</issue>
                <ticket>51</ticket>
                <estimate>30</estimate>
                <role>DEV</role>
                <id>51-659aec35</id>
                <lines>20-25</lines>
                <body>...</body>
                <file>...</file>
                <author>...</author>
                <email>...</email>
                <time>2021-07-30T20:41:59Z</time>
                <children/>
              </puzzle>
            </children>
          </puzzle>
          <puzzle alive="false">
            <issue href="https://github.com/MaxGoryunov/saving-iterator/issues/52" closed="2021-08-03T00:05:19+00:00">52</issue>
            <ticket>44</ticket>
            <estimate>25</estimate>
            <role>DEV</role>
            <id>44-cdf39217</id>
            <lines>10-11</lines>
            <body>...</body>
            <file>...</file>
            <author>...</author>
            <email>...</email>
            <time>2021-07-26T13:35:59Z</time>
            <children>
              <puzzle alive="true">
                <issue href="https://github.com/MaxGoryunov/saving-iterator/issues/68">68</issue>
                <ticket>52</ticket>
                <estimate>20</estimate>
                <role>DEV</role>
                <id>52-3176158a</id>
                <lines>12-13</lines>
                <body>...</body>
                <file>...</file>
                <author>...</author>
                <email>...</email>
                <time>2021-08-03T00:05:10Z</time>
                <children/>
              </puzzle>
              <puzzle alive="true">
                <issue href="https://github.com/MaxGoryunov/saving-iterator/issues/69">69</issue>
                <ticket>52</ticket>
                <estimate>15</estimate>
                <role>DEV</role>
                <id>52-c17a2651</id>
                <lines>3-3</lines>
                <body>...</body>
                <file>...</file>
                <author>...</author>
                <email>...</email>
                <time>2021-08-03T00:05:10Z</time>
                <children/>
              </puzzle>
            </children>
          </puzzle>
        </children>
      </puzzle>
    </children>
  </puzzle>
  <puzzle alive="false">
    <issue href="https://github.com/MaxGoryunov/saving-iterator/issues/35" closed="2021-07-29T17:27:55+00:00">35</issue>
    <ticket>7</ticket>
    <estimate>10</estimate>
    <role>DEV</role>
    <id>7-4477297e</id>
    <lines>10-11</lines>
    <body>...</body>
    <file>...</file>
    <author>...</author>
    <email>...</email>
    <time>2021-07-23T14:11:28Z</time>
    <children/>
  </puzzle>
  <puzzle alive="false">
    <issue href="https://github.com/MaxGoryunov/saving-iterator/issues/36" closed="2021-07-29T22:18:46+00:00">36</issue>
    <ticket>7</ticket>
    <estimate>10</estimate>
    <role>DEV</role>
    <id>7-3e566c00</id>
    <lines>1-2</lines>
    <body>...</body>
    <file>...</file>
    <author>...</author>
    <email>...</email>
    <time>2021-07-23T14:11:28Z</time>
    <children/>
  </puzzle>
  <puzzle alive="false">
    <issue href="https://github.com/MaxGoryunov/saving-iterator/issues/40" closed="2021-07-26T15:21:38+00:00">40</issue>
    <ticket>8</ticket>
    <estimate>30</estimate>
    <role>DEV</role>
    <id>8-efc308e6</id>
    <lines>19-20</lines>
    <body>...</body>
    <file>...</file>
    <author>...</author>
    <email>...</email>
    <time>2021-07-25T14:22:17Z</time>
    <children>
      <puzzle alive="false">
        <issue href="https://github.com/MaxGoryunov/saving-iterator/issues/48" closed="2021-07-30T17:44:07+00:00">48</issue>
        <ticket>40</ticket>
        <estimate>40</estimate>
        <role>DEV</role>
        <id>40-d3a6e326</id>
        <lines>10-12</lines>
        <body>...</body>
        <file>...</file>
        <author>...</author>
        <email>...</email>
        <time>2021-07-25T21:36:50Z</time>
        <children/>
      </puzzle>
    </children>
  </puzzle>
  <puzzle alive="false">
    <issue href="https://github.com/MaxGoryunov/saving-iterator/issues/55" closed="2021-07-31T13:07:22+00:00">55</issue>
    <ticket>45</ticket>
    <estimate>30</estimate>
    <role>DEV</role>
    <id>45-d697e058</id>
    <lines>27-28</lines>
    <body>...</body>
    <file>...</file>
    <author>...</author>
    <email>...</email>
    <time>2021-07-26T23:48:21Z</time>
    <children/>
  </puzzle>
  <puzzle alive="false">
    <issue href="https://github.com/MaxGoryunov/saving-iterator/issues/56" closed="2021-08-03T20:32:36+00:00">56</issue>
    <ticket>45</ticket>
    <estimate>15</estimate>
    <role>DEV</role>
    <id>45-a0c402e0</id>
    <lines>10-12</lines>
    <body>...</body>
    <file>...</file>
    <author>...</author>
    <email>...</email>
    <time>2021-07-26T23:40:41Z</time>
    <children/>
  </puzzle>
  <puzzle alive="true">
    <ticket>66</ticket>
    <estimate>40</estimate>
    <role>DEV</role>
    <id>66-f5ef058e</id>
    <lines>53-54</lines>
    <body>...</body>
    <file>...</file>
    <author>...</author>
    <email>...</email>
    <time>2021-08-22T20:27:27Z</time>
    <children/>
    <issue href="https://github.com/MaxGoryunov/saving-iterator/issues/82">82</issue>
  </puzzle>
  <puzzle alive="true">
    <ticket>66</ticket>
    <estimate>30</estimate>
    <role>DEV</role>
    <id>66-c5b6b085</id>
    <lines>9-9</lines>
    <body>...</body>
    <file>...</file>
    <author>...</author>
    <email>...</email>
    <time>2021-08-17T23:32:54Z</time>
    <children/>
    <issue href="https://github.com/MaxGoryunov/saving-iterator/issues/83">83</issue>
  </puzzle>
  <puzzle alive="true">
    <ticket>66</ticket>
    <estimate>20</estimate>
    <role>DEV</role>
    <id>66-0f62b41f</id>
    <lines>38-39</lines>
    <body>...</body>
    <file>...</file>
    <author>...</author>
    <email>...</email>
    <time>2021-08-22T20:54:25Z</time>
    <children/>
    <issue href="https://github.com/MaxGoryunov/saving-iterator/issues/84">84</issue>
  </puzzle>
  <puzzle alive="true">
    <ticket>66</ticket>
    <estimate>25</estimate>
    <role>DEV</role>
    <id>66-991314f2</id>
    <lines>50-51</lines>
    <body>...</body>
    <file>...</file>
    <author>...</author>
    <email>...</email>
    <time>2021-08-23T17:51:04Z</time>
    <children/>
    <issue href="https://github.com/MaxGoryunov/saving-iterator/issues/85">85</issue>
  </puzzle>
</puzzles>
