<?xml version="1.0"?>
<puzzles xmlns:xsi="http://www.w3.org/2001/XMLSchema-instance" xsi:noNamespaceSchemaLocation="http://www.0pdd.com/puzzles.xsd" date="2018-12-08T11:38:52+00:00" version="0.30.13">
  <puzzle alive="true">
    <issue href="https://github.com/kisp/musicxml-pwgl/issues/4">4</issue>
    <ticket>3</ticket>
    <estimate>30</estimate>
    <role>DEV</role>
    <id>3-4c031346</id>
    <lines>70-70</lines>
    <body>...</body>
    <file>...</file>
    <author>...</author>
    <email>...</email>
    <time>2018-12-08T11:31:30Z</time>
    <children/>
  </puzzle>
  <puzzle alive="true">
    <issue href="https://github.com/kisp/musicxml-pwgl/issues/5">5</issue>
    <ticket>3</ticket>
    <estimate>30</estimate>
    <role>DEV</role>
    <id>3-debce8db</id>
    <lines>77-77</lines>
    <body>...</body>
    <file>...</file>
    <author>...</author>
    <email>...</email>
    <time>2018-12-08T11:31:30Z</time>
    <children/>
  </puzzle>
  <puzzle alive="true">
    <issue href="https://github.com/kisp/musicxml-pwgl/issues/6">6</issue>
    <ticket>3</ticket>
    <estimate>30</estimate>
    <role>DEV</role>
    <id>3-513d241c</id>
    <lines>84-84</lines>
    <body>...</body>
    <file>...</file>
    <author>...</author>
    <email>...</email>
    <time>2018-12-08T11:31:30Z</time>
    <children/>
  </puzzle>
</puzzles>
