<?xml version="1.0"?>
<puzzles xmlns:xsi="http://www.w3.org/2001/XMLSchema-instance" xsi:noNamespaceSchemaLocation="http://www.0pdd.com/puzzles.xsd" date="2019-10-05T08:20:08+00:00" version="0.30.18">
  <puzzle alive="true">
    <issue href="https://github.com/kisp/remind_lp_parser_rb/issues/4">4</issue>
    <ticket>1</ticket>
    <estimate>30</estimate>
    <role>DEV</role>
    <id>1-1a04517c</id>
    <lines>23-23</lines>
    <body>...</body>
    <file>...</file>
    <author>...</author>
    <email>...</email>
    <time>2019-10-05T08:01:08Z</time>
    <children/>
  </puzzle>
</puzzles>
