<?xml version="1.0"?>
<puzzles xmlns:xsi="http://www.w3.org/2001/XMLSchema-instance" xsi:noNamespaceSchemaLocation="http://www.0pdd.com/puzzles.xsd" date="2020-01-15T08:19:23+00:00" version="0.30.21">
  <puzzle alive="false">
    <issue href="https://github.com/kisp/rtmtool/issues/46" closed="2019-09-30T12:07:47+00:00">46</issue>
    <ticket>45</ticket>
    <estimate>30</estimate>
    <role>DEV</role>
    <id>45-e74ebb25</id>
    <lines>33-33</lines>
    <body>...</body>
    <file>...</file>
    <author>...</author>
    <email>...</email>
    <time>2019-09-30T12:01:10Z</time>
    <children/>
  </puzzle>
  <puzzle alive="true">
    <issue href="https://github.com/kisp/rtmtool/issues/57">57</issue>
    <ticket>44</ticket>
    <estimate>30</estimate>
    <role>DEV</role>
    <id>44-09b8a0ee</id>
    <lines>7-7</lines>
    <body>...</body>
    <file>...</file>
    <author>...</author>
    <email>...</email>
    <time>2019-10-01T11:56:47Z</time>
    <children/>
  </puzzle>
  <puzzle alive="true">
    <issue href="https://github.com/kisp/rtmtool/issues/63">63</issue>
    <ticket>61</ticket>
    <estimate>30</estimate>
    <role>DEV</role>
    <id>61-9bf18883</id>
    <lines>220-223</lines>
    <body>...</body>
    <file>...</file>
    <author>...</author>
    <email>...</email>
    <time>2020-01-15T07:32:11Z</time>
    <children/>
  </puzzle>
</puzzles>
