<?xml version="1.0"?>
<puzzles xmlns:xsi="http://www.w3.org/2001/XMLSchema-instance" xsi:noNamespaceSchemaLocation="http://www.0pdd.com/puzzles.xsd" date="2018-02-14T02:06:31+00:00" version="0.28.5">
  <puzzle alive="false">
    <issue href="https://github.com/llorllale/gitlog-maven-plugin/issues/16" closed="2018-02-02T14:07:54+00:00">16</issue>
    <ticket>14</ticket>
    <estimate>15</estimate>
    <role>IMP</role>
    <id>14-6ae5da92</id>
    <lines>27-28</lines>
    <body>...</body>
    <file>...</file>
    <author>...</author>
    <email>...</email>
    <time>2018-02-01T16:11:19Z</time>
    <children/>
  </puzzle>
  <puzzle alive="false">
    <issue href="https://github.com/llorllale/gitlog-maven-plugin/issues/17" closed="2018-02-01T21:12:36+00:00">17</issue>
    <ticket>14</ticket>
    <estimate>15</estimate>
    <role>IMP</role>
    <id>14-81de7abd</id>
    <lines>28-30</lines>
    <body>...</body>
    <file>...</file>
    <author>...</author>
    <email>...</email>
    <time>2018-02-01T16:11:19Z</time>
    <children>
      <puzzle alive="false">
        <issue href="https://github.com/llorllale/gitlog-maven-plugin/issues/22" closed="2018-02-02T01:21:09+00:00">22</issue>
        <ticket>17</ticket>
        <estimate>15</estimate>
        <role>IMP</role>
        <id>17-6c243a11</id>
        <lines>36-37</lines>
        <body>...</body>
        <file>...</file>
        <author>...</author>
        <email>...</email>
        <time>2018-02-01T21:12:32Z</time>
        <children/>
      </puzzle>
    </children>
  </puzzle>
  <puzzle alive="false">
    <issue href="https://github.com/llorllale/gitlog-maven-plugin/issues/18" closed="2018-02-02T01:31:51+00:00">18</issue>
    <ticket>14</ticket>
    <estimate>15</estimate>
    <role>IMP</role>
    <id>14-7e765203</id>
    <lines>39-41</lines>
    <body>...</body>
    <file>...</file>
    <author>...</author>
    <email>...</email>
    <time>2018-02-01T16:11:19Z</time>
    <children/>
  </puzzle>
  <puzzle alive="false">
    <issue href="https://github.com/llorllale/gitlog-maven-plugin/issues/20" closed="2018-02-04T20:43:55+00:00">20</issue>
    <ticket>9</ticket>
    <estimate>30</estimate>
    <role>IMP</role>
    <id>9-ef75250d</id>
    <lines>27-29</lines>
    <body>...</body>
    <file>...</file>
    <author>...</author>
    <email>...</email>
    <time>2018-02-01T20:47:12Z</time>
    <children>
      <puzzle alive="false">
        <issue href="https://github.com/llorllale/gitlog-maven-plugin/issues/27" closed="2018-02-07T18:02:54+00:00">27</issue>
        <ticket>20</ticket>
        <estimate>30</estimate>
        <role>IMP</role>
        <id>20-5d5820f0</id>
        <lines>37-39</lines>
        <body>...</body>
        <file>...</file>
        <author>...</author>
        <email>...</email>
        <time>2018-02-04T20:43:50Z</time>
        <children/>
      </puzzle>
      <puzzle alive="true">
        <issue href="https://github.com/llorllale/gitlog-maven-plugin/issues/28">28</issue>
        <ticket>20</ticket>
        <estimate>30</estimate>
        <role>IMP</role>
        <id>20-c33780f3</id>
        <lines>31-32</lines>
        <body>...</body>
        <file>...</file>
        <author>...</author>
        <email>...</email>
        <time>2018-02-04T20:43:50Z</time>
        <children/>
      </puzzle>
      <puzzle alive="false">
        <issue href="https://github.com/llorllale/gitlog-maven-plugin/issues/29" closed="2018-02-07T19:08:41+00:00">29</issue>
        <ticket>20</ticket>
        <estimate>30</estimate>
        <role>IMP</role>
        <id>20-3a413ad5</id>
        <lines>29-32</lines>
        <body>...</body>
        <file>...</file>
        <author>...</author>
        <email>...</email>
        <time>2018-02-04T20:43:50Z</time>
        <children>
          <puzzle alive="true">
            <issue href="https://github.com/llorllale/gitlog-maven-plugin/issues/34">34</issue>
            <ticket>29</ticket>
            <estimate>30</estimate>
            <role>IMP</role>
            <id>29-71e94be2</id>
            <lines>73-75</lines>
            <body>...</body>
            <file>...</file>
            <author>...</author>
            <email>...</email>
            <time>2018-02-07T19:08:36Z</time>
            <children/>
          </puzzle>
        </children>
      </puzzle>
      <puzzle alive="false">
        <issue href="https://github.com/llorllale/gitlog-maven-plugin/issues/30" closed="2018-02-07T17:36:37+00:00">30</issue>
        <ticket>20</ticket>
        <estimate>30</estimate>
        <role>IMP</role>
        <id>20-f4893729</id>
        <lines>145-147</lines>
        <body>...</body>
        <file>...</file>
        <author>...</author>
        <email>...</email>
        <time>2018-02-04T20:43:50Z</time>
        <children/>
      </puzzle>
    </children>
  </puzzle>
  <puzzle alive="true">
    <issue href="https://github.com/llorllale/gitlog-maven-plugin/issues/38">38</issue>
    <ticket>36</ticket>
    <estimate>30</estimate>
    <role>IMP</role>
    <id>36-6ed53b15</id>
    <lines>42-44</lines>
    <body>...</body>
    <file>...</file>
    <author>...</author>
    <email>...</email>
    <time>2018-02-08T21:17:21Z</time>
    <children/>
  </puzzle>
  <puzzle alive="false">
    <issue href="https://github.com/llorllale/gitlog-maven-plugin/issues/39" closed="2018-02-09T01:03:48+00:00">39</issue>
    <ticket>36</ticket>
    <estimate>30</estimate>
    <role>IMP</role>
    <id>36-be35116a</id>
    <lines>89-92</lines>
    <body>...</body>
    <file>...</file>
    <author>...</author>
    <email>...</email>
    <time>2018-02-08T21:17:21Z</time>
    <children/>
  </puzzle>
  <puzzle alive="true">
    <ticket>45</ticket>
    <estimate>30</estimate>
    <role>IMP</role>
    <id>45-a2fae61b</id>
    <lines>31-33</lines>
    <body>...</body>
    <file>...</file>
    <author>...</author>
    <email>...</email>
    <time>2018-02-14T02:06:26Z</time>
    <children/>
    <issue href="https://github.com/llorllale/gitlog-maven-plugin/issues/47">47</issue>
  </puzzle>
</puzzles>
