<?xml version="1.0"?>
<puzzles xmlns:xsi="http://www.w3.org/2001/XMLSchema-instance" xsi:noNamespaceSchemaLocation="http://www.0pdd.com/puzzles.xsd" date="2020-08-02T19:08:03+00:00" version="0.30.21">
  <puzzle alive="true">
    <issue href="https://github.com/llorllale/go-gitlint/issues/3">3</issue>
    <ticket>1</ticket>
    <estimate>0</estimate>
    <role>DEV</role>
    <id>1-919cdc44</id>
    <lines>53-56</lines>
    <body>...</body>
    <file>...</file>
    <author>...</author>
    <email>...</email>
    <time>2019-02-16T14:02:25Z</time>
    <children/>
  </puzzle>
  <puzzle alive="false">
    <issue href="https://github.com/llorllale/go-gitlint/issues/9" closed="2019-03-02T00:38:47+00:00">9</issue>
    <ticket>4</ticket>
    <estimate>0</estimate>
    <role>DEV</role>
    <id>4-2f6700f4</id>
    <lines>10-12</lines>
    <body>...</body>
    <file>...</file>
    <author>...</author>
    <email>...</email>
    <time>2019-02-18T22:33:16Z</time>
    <children>
      <puzzle alive="true">
        <issue href="https://github.com/llorllale/go-gitlint/issues/23">23</issue>
        <ticket>9</ticket>
        <estimate>0</estimate>
        <role>DEV</role>
        <id>9-05e94b28</id>
        <lines>26-29</lines>
        <body>...</body>
        <file>...</file>
        <author>...</author>
        <email>...</email>
        <time>2019-03-02T00:38:43Z</time>
        <children/>
      </puzzle>
    </children>
  </puzzle>
  <puzzle alive="true">
    <issue href="https://github.com/llorllale/go-gitlint/issues/10">10</issue>
    <ticket>4</ticket>
    <estimate>0</estimate>
    <role>DEV</role>
    <id>4-dc893088</id>
    <lines>13-17</lines>
    <body>...</body>
    <file>...</file>
    <author>...</author>
    <email>...</email>
    <time>2019-02-18T22:33:16Z</time>
    <children/>
  </puzzle>
  <puzzle alive="true">
    <issue href="https://github.com/llorllale/go-gitlint/issues/11">11</issue>
    <ticket>4</ticket>
    <estimate>0</estimate>
    <role>DEV</role>
    <id>4-faa799fb</id>
    <lines>28-30</lines>
    <body>...</body>
    <file>...</file>
    <author>...</author>
    <email>...</email>
    <time>2019-02-18T22:33:16Z</time>
    <children/>
  </puzzle>
  <puzzle alive="false">
    <issue href="https://github.com/llorllale/go-gitlint/issues/12" closed="2019-02-19T01:36:00+00:00">12</issue>
    <ticket>4</ticket>
    <estimate>0</estimate>
    <role>DEV</role>
    <id>4-03485093</id>
    <lines>48-50</lines>
    <body>...</body>
    <file>...</file>
    <author>...</author>
    <email>...</email>
    <time>2019-02-18T22:33:16Z</time>
    <children/>
  </puzzle>
  <puzzle alive="false">
    <issue href="https://github.com/llorllale/go-gitlint/issues/18" closed="2019-02-26T00:49:18+00:00">18</issue>
    <ticket>16</ticket>
    <estimate>0</estimate>
    <role>DEV</role>
    <id>16-e0d2cf8f</id>
    <lines>22-24</lines>
    <body>...</body>
    <file>...</file>
    <author>...</author>
    <email>...</email>
    <time>2019-02-24T15:19:41Z</time>
    <children/>
  </puzzle>
  <puzzle alive="false">
    <issue href="https://github.com/llorllale/go-gitlint/issues/34" closed="2019-03-03T14:29:47+00:00">34</issue>
    <ticket>31</ticket>
    <estimate>0</estimate>
    <role>DEV</role>
    <id>31-07b6963e</id>
    <lines>37-40</lines>
    <body>...</body>
    <file>...</file>
    <author>...</author>
    <email>...</email>
    <time>2019-03-03T14:11:04Z</time>
    <children/>
  </puzzle>
  <puzzle alive="false">
    <issue href="https://github.com/llorllale/go-gitlint/issues/55" closed="2020-08-02T19:08:03+00:00">55</issue>
    <ticket>53</ticket>
    <estimate>0</estimate>
    <role>DEV</role>
    <id>53-2f5f2d13</id>
    <lines>3-5</lines>
    <body>...</body>
    <file>...</file>
    <author>...</author>
    <email>...</email>
    <time>2019-09-14T13:55:06Z</time>
    <children/>
  </puzzle>
</puzzles>
