<?xml version="1.0"?>
<puzzles xmlns:xsi="http://www.w3.org/2001/XMLSchema-instance" xsi:noNamespaceSchemaLocation="http://www.0pdd.com/puzzles.xsd" date="2018-03-07T21:09:37+00:00" version="0.29.3">
  <puzzle alive="false">
    <issue href="https://github.com/llorllale/loggit-maven-plugin/issues/49" closed="2018-03-04T18:13:27+00:00">49</issue>
    <ticket>36</ticket>
    <estimate>30</estimate>
    <role>DEV</role>
    <id>36-6ed53b15</id>
    <lines>42-44</lines>
    <body>...</body>
    <file>...</file>
    <author>...</author>
    <email>...</email>
    <time>2018-02-26T15:45:50Z</time>
    <children/>
  </puzzle>
  <puzzle alive="true">
    <issue href="https://github.com/llorllale/loggit-maven-plugin/issues/50">50</issue>
    <ticket>29</ticket>
    <estimate>30</estimate>
    <role>DEV</role>
    <id>29-71e94be2</id>
    <lines>73-75</lines>
    <body>...</body>
    <file>...</file>
    <author>...</author>
    <email>...</email>
    <time>2018-02-26T15:45:50Z</time>
    <children/>
  </puzzle>
  <puzzle alive="false">
    <issue href="https://github.com/llorllale/loggit-maven-plugin/issues/51" closed="2018-02-26T19:54:07+00:00">51</issue>
    <ticket>45</ticket>
    <estimate>30</estimate>
    <role>DEV</role>
    <id>45-a2fae61b</id>
    <lines>31-33</lines>
    <body>...</body>
    <file>...</file>
    <author>...</author>
    <email>...</email>
    <time>2018-02-26T15:45:50Z</time>
    <children/>
  </puzzle>
  <puzzle alive="false">
    <issue href="https://github.com/llorllale/loggit-maven-plugin/issues/52" closed="2018-03-07T21:09:37+00:00">52</issue>
    <ticket>20</ticket>
    <estimate>30</estimate>
    <role>DEV</role>
    <id>20-c33780f3</id>
    <lines>31-32</lines>
    <body>...</body>
    <file>...</file>
    <author>...</author>
    <email>...</email>
    <time>2018-02-26T15:45:50Z</time>
    <children/>
  </puzzle>
  <puzzle alive="false">
    <issue href="https://github.com/llorllale/loggit-maven-plugin/issues/55" closed="2018-03-02T22:40:29+00:00">55</issue>
    <ticket>47</ticket>
    <estimate>30</estimate>
    <role>DEV</role>
    <id>47-c5356235</id>
    <lines>36-38</lines>
    <body>...</body>
    <file>...</file>
    <author>...</author>
    <email>...</email>
    <time>2018-02-26T19:53:59Z</time>
    <children/>
  </puzzle>
  <puzzle alive="false">
    <issue href="https://github.com/llorllale/loggit-maven-plugin/issues/71" closed="2018-03-06T20:01:30+00:00">71</issue>
    <ticket>60</ticket>
    <estimate>30</estimate>
    <role>DEV</role>
    <id>60-0191454c</id>
    <lines>43-44</lines>
    <body>...</body>
    <file>...</file>
    <author>...</author>
    <email>...</email>
    <time>2018-03-05T21:41:44Z</time>
    <children/>
  </puzzle>
</puzzles>
