<?xml version="1.0"?>
<puzzles xmlns:xsi="http://www.w3.org/2001/XMLSchema-instance" xsi:noNamespaceSchemaLocation="http://www.0pdd.com/puzzles.xsd" date="2019-07-18T22:00:34+00:00" version="0.30.18">
  <puzzle alive="true">
    <issue href="https://github.com/Bahaaib/EventApp/issues/5">5</issue>
    <ticket>4</ticket>
    <estimate>0</estimate>
    <role>DEV</role>
    <id>4-9b387ba9</id>
    <lines>128-128</lines>
    <body>...</body>
    <file>...</file>
    <author>...</author>
    <email>...</email>
    <time>2019-07-17T00:04:19Z</time>
    <children>
      <puzzle alive="true">
        <issue href="https://github.com/Bahaaib/EventApp/issues/6">6</issue>
        <ticket>5</ticket>
        <estimate>0</estimate>
        <role>DEV</role>
        <id>5-4a6c38a3</id>
        <lines>92-92</lines>
        <body>...</body>
        <file>...</file>
        <author>...</author>
        <email>...</email>
        <time>2019-07-17T04:18:26Z</time>
        <children>
          <puzzle alive="true">
            <issue href="https://github.com/Bahaaib/EventApp/issues/7">7</issue>
            <ticket>6</ticket>
            <estimate>0</estimate>
            <role>DEV</role>
            <id>6-4ff4e3f7</id>
            <lines>100-100</lines>
            <body>...</body>
            <file>...</file>
            <author>...</author>
            <email>...</email>
            <time>2019-07-17T05:30:25Z</time>
            <children>
              <puzzle alive="true">
                <issue href="https://github.com/Bahaaib/EventApp/issues/8">8</issue>
                <ticket>7</ticket>
                <estimate>0</estimate>
                <role>DEV</role>
                <id>7-7e347ed9</id>
                <lines>108-108</lines>
                <body>...</body>
                <file>...</file>
                <author>...</author>
                <email>...</email>
                <time>2019-07-17T05:30:25Z</time>
                <children>
                  <puzzle alive="true">
                    <issue href="https://github.com/Bahaaib/EventApp/issues/9">9</issue>
                    <ticket>8</ticket>
                    <estimate>0</estimate>
                    <role>DEV</role>
                    <id>8-aff778cb</id>
                    <lines>85-85</lines>
                    <body>...</body>
                    <file>...</file>
                    <author>...</author>
                    <email>...</email>
                    <time>2019-07-18T18:59:38Z</time>
                    <children/>
                  </puzzle>
                </children>
              </puzzle>
            </children>
          </puzzle>
        </children>
      </puzzle>
    </children>
  </puzzle>
</puzzles>
