<?xml version="1.0"?>
<puzzles xmlns:xsi="http://www.w3.org/2001/XMLSchema-instance" xsi:noNamespaceSchemaLocation="http://www.0pdd.com/puzzles.xsd" date="2019-12-09T22:25:07+00:00" version="BUILD">
  <puzzle alive="true">
    <issue href="https://github.com/sunsofterp/3dcart/issues/2">2</issue>
    <ticket>1</ticket>
    <estimate>30</estimate>
    <role>DEV</role>
    <id>1-86615c8e</id>
    <lines>15-15</lines>
    <body>...</body>
    <file>...</file>
    <author>...</author>
    <email>...</email>
    <time>2019-12-09T18:40:10Z</time>
    <children/>
  </puzzle>
  <puzzle alive="true">
    <issue href="https://github.com/sunsofterp/3dcart/issues/3">3</issue>
    <ticket>1</ticket>
    <estimate>30</estimate>
    <role>DEV</role>
    <id>1-724ce2c7</id>
    <lines>7-8</lines>
    <body>...</body>
    <file>...</file>
    <author>...</author>
    <email>...</email>
    <time>2019-12-09T18:40:10Z</time>
    <children/>
  </puzzle>
  <puzzle alive="true">
    <issue href="https://github.com/sunsofterp/3dcart/issues/4">4</issue>
    <ticket>1</ticket>
    <estimate>30</estimate>
    <role>DEV</role>
    <id>1-0c696b24</id>
    <lines>17-17</lines>
    <body>...</body>
    <file>...</file>
    <author>...</author>
    <email>...</email>
    <time>2019-12-09T21:59:44Z</time>
    <children/>
  </puzzle>
</puzzles>
