<?xml version="1.0"?>
<puzzles xmlns:xsi="http://www.w3.org/2001/XMLSchema-instance" xsi:noNamespaceSchemaLocation="http://www.0pdd.com/puzzles.xsd" date="2018-06-10T01:30:13+00:00" version="0.30.3">
  <puzzle alive="true">
    <issue href="https://github.com/sunsofterp/enterprise-appliance-inspec/issues/2">2</issue>
    <ticket>1</ticket>
    <estimate>30</estimate>
    <role>DEV</role>
    <id>1-c10386a3</id>
    <lines>16-16</lines>
    <body>...</body>
    <file>...</file>
    <author>...</author>
    <email>...</email>
    <time>2018-06-10T01:09:02Z</time>
    <children/>
  </puzzle>
  <puzzle alive="true">
    <issue href="https://github.com/sunsofterp/enterprise-appliance-inspec/issues/3">3</issue>
    <ticket>1</ticket>
    <estimate>30</estimate>
    <role>DEV</role>
    <id>1-9b9d738f</id>
    <lines>5-5</lines>
    <body>...</body>
    <file>...</file>
    <author>...</author>
    <email>...</email>
    <time>2018-06-10T01:09:02Z</time>
    <children/>
  </puzzle>
</puzzles>
