<?xml version="1.0"?>
<puzzles xmlns:xsi="http://www.w3.org/2001/XMLSchema-instance" xsi:noNamespaceSchemaLocation="http://www.0pdd.com/puzzles.xsd" date="2018-05-29T07:29:10+00:00" version="0.30.3">
  <puzzle alive="true">
    <issue href="https://github.com/sunsofterp/enterprise-applicance-cookbook/issues/2">2</issue>
    <ticket>1</ticket>
    <estimate>30</estimate>
    <role>DEV</role>
    <id>1-1fa2ed24</id>
    <lines>2-2</lines>
    <body>...</body>
    <file>...</file>
    <author>...</author>
    <email>...</email>
    <time>2018-05-29T07:27:09Z</time>
    <children>
      <puzzle alive="true">
        <issue href="https://github.com/sunsofterp/enterprise-applicance-cookbook/issues/3">3</issue>
        <ticket>2</ticket>
        <estimate>30</estimate>
        <role>DEV</role>
        <id>2-27c4cead</id>
        <lines>30-30</lines>
        <body>...</body>
        <file>...</file>
        <author>...</author>
        <email>...</email>
        <time>2018-05-29T07:27:09Z</time>
        <children/>
      </puzzle>
    </children>
  </puzzle>
</puzzles>
