<?xml version="1.0"?>
<puzzles xmlns:xsi="http://www.w3.org/2001/XMLSchema-instance" xsi:noNamespaceSchemaLocation="http://www.0pdd.com/puzzles.xsd" date="2018-10-16T02:45:58+00:00" version="0.30.6">
  <puzzle alive="false">
    <issue href="https://github.com/sunsofterp/lws-facts/issues/8" closed="2018-09-13T20:50:32+00:00">8</issue>
    <ticket>2</ticket>
    <estimate>30</estimate>
    <role>DEV</role>
    <id>2-9faebada</id>
    <lines>12-12</lines>
    <body>...</body>
    <file>...</file>
    <author>...</author>
    <email>...</email>
    <time>2018-09-13T19:55:15Z</time>
    <children/>
  </puzzle>
  <puzzle alive="false">
    <issue href="https://github.com/sunsofterp/lws-facts/issues/9" closed="2018-09-13T21:11:21+00:00">9</issue>
    <ticket>2</ticket>
    <estimate>30</estimate>
    <role>DEV</role>
    <id>2-be181b1c</id>
    <lines>13-13</lines>
    <body>...</body>
    <file>...</file>
    <author>...</author>
    <email>...</email>
    <time>2018-09-13T19:55:15Z</time>
    <children/>
  </puzzle>
  <puzzle alive="false">
    <issue href="https://github.com/sunsofterp/lws-facts/issues/10" closed="2018-09-13T21:37:29+00:00">10</issue>
    <ticket>2</ticket>
    <estimate>30</estimate>
    <role>DEV</role>
    <id>2-cf8b3d6b</id>
    <lines>9-9</lines>
    <body>...</body>
    <file>...</file>
    <author>...</author>
    <email>...</email>
    <time>2018-09-13T19:55:15Z</time>
    <children/>
  </puzzle>
  <puzzle alive="true">
    <issue href="https://github.com/sunsofterp/lws-facts/issues/18">18</issue>
    <ticket>16</ticket>
    <estimate>30</estimate>
    <role>DEV</role>
    <id>16-dc5b88a9</id>
    <lines>74-74</lines>
    <body>...</body>
    <file>...</file>
    <author>...</author>
    <email>...</email>
    <time>2018-09-30T20:07:10Z</time>
    <children/>
  </puzzle>
  <puzzle alive="false">
    <issue href="https://github.com/sunsofterp/lws-facts/issues/20" closed="2018-10-01T05:58:36+00:00">20</issue>
    <ticket>4</ticket>
    <estimate>30</estimate>
    <role>DEV</role>
    <id>4-6e0fbafa</id>
    <lines>13-14</lines>
    <body>...</body>
    <file>...</file>
    <author>...</author>
    <email>...</email>
    <time>2018-10-01T04:44:39Z</time>
    <children>
      <puzzle alive="false">
        <issue href="https://github.com/sunsofterp/lws-facts/issues/25" closed="2018-10-16T02:45:58+00:00">25</issue>
        <ticket>20</ticket>
        <estimate>30</estimate>
        <role>DEV</role>
        <id>20-c916589c</id>
        <lines>11-12</lines>
        <body>...</body>
        <file>...</file>
        <author>...</author>
        <email>...</email>
        <time>2018-10-01T05:46:22Z</time>
        <children/>
      </puzzle>
    </children>
  </puzzle>
  <puzzle alive="false">
    <issue href="https://github.com/sunsofterp/lws-facts/issues/21" closed="2018-10-01T06:20:31+00:00">21</issue>
    <ticket>4</ticket>
    <estimate>30</estimate>
    <role>DEV</role>
    <id>4-ea262a8e</id>
    <lines>13-14</lines>
    <body>...</body>
    <file>...</file>
    <author>...</author>
    <email>...</email>
    <time>2018-10-01T04:44:39Z</time>
    <children/>
  </puzzle>
  <puzzle alive="false">
    <issue href="https://github.com/sunsofterp/lws-facts/issues/22" closed="2018-10-04T02:43:06+00:00">22</issue>
    <ticket>4</ticket>
    <estimate>30</estimate>
    <role>DEV</role>
    <id>4-fa7805f6</id>
    <lines>153-154</lines>
    <body>...</body>
    <file>...</file>
    <author>...</author>
    <email>...</email>
    <time>2018-10-01T03:21:13Z</time>
    <children>
      <puzzle alive="true">
        <issue href="https://github.com/sunsofterp/lws-facts/issues/29">29</issue>
        <ticket>22</ticket>
        <estimate>30</estimate>
        <role>DEV</role>
        <id>22-f82ff542</id>
        <lines>12-12</lines>
        <body>...</body>
        <file>...</file>
        <author>...</author>
        <email>...</email>
        <time>2018-10-04T02:42:59Z</time>
        <children/>
      </puzzle>
      <puzzle alive="false">
        <issue href="https://github.com/sunsofterp/lws-facts/issues/30" closed="2018-10-05T01:06:20+00:00">30</issue>
        <ticket>22</ticket>
        <estimate>30</estimate>
        <role>DEV</role>
        <id>22-fe884555</id>
        <lines>26-28</lines>
        <body>...</body>
        <file>...</file>
        <author>...</author>
        <email>...</email>
        <time>2018-10-04T02:42:59Z</time>
        <children/>
      </puzzle>
    </children>
  </puzzle>
  <puzzle alive="false">
    <issue href="https://github.com/sunsofterp/lws-facts/issues/23" closed="2018-10-16T02:11:14+00:00">23</issue>
    <ticket>4</ticket>
    <estimate>30</estimate>
    <role>DEV</role>
    <id>4-96ac7704</id>
    <lines>152-153</lines>
    <body>...</body>
    <file>...</file>
    <author>...</author>
    <email>...</email>
    <time>2018-10-01T03:21:13Z</time>
    <children/>
  </puzzle>
</puzzles>
