<?xml version="1.0"?>
<puzzles xmlns:xsi="http://www.w3.org/2001/XMLSchema-instance" xsi:noNamespaceSchemaLocation="http://www.0pdd.com/puzzles.xsd" date="2020-08-05T05:01:42+00:00" version="0.30.21">
  <puzzle alive="false">
    <issue href="https://github.com/sunsofterp/portal/issues/2" closed="2018-05-14T10:43:41+00:00">2</issue>
    <ticket>1</ticket>
    <estimate>30</estimate>
    <role>DEV</role>
    <id>1-15d75164</id>
    <lines>69-72</lines>
    <body>...</body>
    <file>...</file>
    <author>...</author>
    <email>...</email>
    <time>2018-04-12T07:10:41Z</time>
    <children/>
  </puzzle>
  <puzzle alive="false">
    <issue href="https://github.com/sunsofterp/portal/issues/3" closed="2018-04-13T20:51:45+00:00">3</issue>
    <ticket>1</ticket>
    <estimate>30</estimate>
    <role>DEV</role>
    <id>1-5e992429</id>
    <lines>115-118</lines>
    <body>...</body>
    <file>...</file>
    <author>...</author>
    <email>...</email>
    <time>2018-04-12T07:10:41Z</time>
    <children/>
  </puzzle>
  <puzzle alive="false">
    <issue href="https://github.com/sunsofterp/portal/issues/4" closed="2018-04-21T16:53:08+00:00">4</issue>
    <ticket>1</ticket>
    <estimate>30</estimate>
    <role>DEV</role>
    <id>1-d03cccb7</id>
    <lines>21-25</lines>
    <body>...</body>
    <file>...</file>
    <author>...</author>
    <email>...</email>
    <time>2018-04-12T07:10:41Z</time>
    <children>
      <puzzle alive="false">
        <issue href="https://github.com/sunsofterp/portal/issues/19" closed="2018-05-03T07:25:11+00:00">19</issue>
        <ticket>4</ticket>
        <estimate>30</estimate>
        <role>DEV</role>
        <id>4-63765e2c</id>
        <lines>20-24</lines>
        <body>...</body>
        <file>...</file>
        <author>...</author>
        <email>...</email>
        <time>2018-04-21T16:53:01Z</time>
        <children>
          <puzzle alive="false">
            <issue href="https://github.com/sunsofterp/portal/issues/27" closed="2018-09-18T05:02:05+00:00">27</issue>
            <ticket>19</ticket>
            <estimate>30</estimate>
            <role>DEV</role>
            <id>19-424e126f</id>
            <lines>18-21</lines>
            <body>...</body>
            <file>...</file>
            <author>...</author>
            <email>...</email>
            <time>2018-05-03T07:22:39Z</time>
            <children/>
          </puzzle>
        </children>
      </puzzle>
    </children>
  </puzzle>
  <puzzle alive="false">
    <issue href="https://github.com/sunsofterp/portal/issues/5" closed="2018-04-13T20:51:47+00:00">5</issue>
    <ticket>1</ticket>
    <estimate>30</estimate>
    <role>DEV</role>
    <id>1-317c5e55</id>
    <lines>26-29</lines>
    <body>...</body>
    <file>...</file>
    <author>...</author>
    <email>...</email>
    <time>2018-04-12T07:10:41Z</time>
    <children>
      <puzzle alive="false">
        <issue href="https://github.com/sunsofterp/portal/issues/8" closed="2018-04-26T10:37:39+00:00">8</issue>
        <ticket>5</ticket>
        <estimate>30</estimate>
        <role>DEV</role>
        <id>5-94262014</id>
        <lines>13-15</lines>
        <body>...</body>
        <file>...</file>
        <author>...</author>
        <email>...</email>
        <time>2018-04-13T20:48:47Z</time>
        <children/>
      </puzzle>
      <puzzle alive="false">
        <issue href="https://github.com/sunsofterp/portal/issues/9" closed="2018-05-09T09:05:58+00:00">9</issue>
        <ticket>5</ticket>
        <estimate>30</estimate>
        <role>DEV</role>
        <id>5-da25619c</id>
        <lines>35-38</lines>
        <body>...</body>
        <file>...</file>
        <author>...</author>
        <email>...</email>
        <time>2018-04-13T20:48:47Z</time>
        <children>
          <puzzle alive="false">
            <issue href="https://github.com/sunsofterp/portal/issues/32" closed="2018-05-14T17:38:37+00:00">32</issue>
            <ticket>9</ticket>
            <estimate>30</estimate>
            <role>DEV</role>
            <id>9-dd32b96b</id>
            <lines>34-36</lines>
            <body>...</body>
            <file>...</file>
            <author>...</author>
            <email>...</email>
            <time>2018-05-09T09:02:34Z</time>
            <children>
              <puzzle alive="false">
                <issue href="https://github.com/sunsofterp/portal/issues/49" closed="2018-10-21T17:43:45+00:00">49</issue>
                <ticket>32</ticket>
                <estimate>30</estimate>
                <role>DEV</role>
                <id>32-a5666408</id>
                <lines>32-39</lines>
                <body>...</body>
                <file>...</file>
                <author>...</author>
                <email>...</email>
                <time>2018-05-13T15:57:37Z</time>
                <children/>
              </puzzle>
              <puzzle alive="false">
                <issue href="https://github.com/sunsofterp/portal/issues/50" closed="2018-05-17T06:32:12+00:00">50</issue>
                <ticket>32</ticket>
                <estimate>30</estimate>
                <role>DEV</role>
                <id>32-326359ab</id>
                <lines>21-25</lines>
                <body>...</body>
                <file>...</file>
                <author>...</author>
                <email>...</email>
                <time>2018-05-13T15:57:37Z</time>
                <children/>
              </puzzle>
            </children>
          </puzzle>
        </children>
      </puzzle>
      <puzzle alive="false">
        <issue href="https://github.com/sunsofterp/portal/issues/10" closed="2018-04-14T18:35:02+00:00">10</issue>
        <ticket>5</ticket>
        <estimate>30</estimate>
        <role>DEV</role>
        <id>5-1248efaf</id>
        <lines>13-16</lines>
        <body>...</body>
        <file>...</file>
        <author>...</author>
        <email>...</email>
        <time>2018-04-13T20:48:47Z</time>
        <children/>
      </puzzle>
    </children>
  </puzzle>
  <puzzle alive="false">
    <issue href="https://github.com/sunsofterp/portal/issues/6" closed="2018-06-04T15:06:58+00:00">6</issue>
    <ticket>1</ticket>
    <estimate>30</estimate>
    <role>DEV</role>
    <id>1-0478d9b4</id>
    <lines>19-21</lines>
    <body>...</body>
    <file>...</file>
    <author>...</author>
    <email>...</email>
    <time>2018-04-12T07:10:41Z</time>
    <children/>
  </puzzle>
  <puzzle alive="false">
    <issue href="https://github.com/sunsofterp/portal/issues/7" closed="2018-04-13T20:51:49+00:00">7</issue>
    <ticket>1</ticket>
    <estimate>30</estimate>
    <role>DEV</role>
    <id>1-823e4a8a</id>
    <lines>22-24</lines>
    <body>...</body>
    <file>...</file>
    <author>...</author>
    <email>...</email>
    <time>2018-04-12T07:10:41Z</time>
    <children/>
  </puzzle>
  <puzzle alive="false">
    <issue href="https://github.com/sunsofterp/portal/issues/28" closed="2018-05-10T10:33:25+00:00">28</issue>
    <ticket>11</ticket>
    <estimate>30</estimate>
    <role>DEV</role>
    <id>11-f9d9e2fc</id>
    <lines>23-26</lines>
    <body>...</body>
    <file>...</file>
    <author>...</author>
    <email>...</email>
    <time>2018-05-05T15:23:04Z</time>
    <children/>
  </puzzle>
  <puzzle alive="false">
    <issue href="https://github.com/sunsofterp/portal/issues/29" closed="2018-05-13T20:31:41+00:00">29</issue>
    <ticket>11</ticket>
    <estimate>30</estimate>
    <role>DEV</role>
    <id>11-bf27e845</id>
    <lines>9-11</lines>
    <body>...</body>
    <file>...</file>
    <author>...</author>
    <email>...</email>
    <time>2018-05-05T15:23:04Z</time>
    <children/>
  </puzzle>
  <puzzle alive="false">
    <issue href="https://github.com/sunsofterp/portal/issues/34" closed="2018-05-13T08:02:52+00:00">34</issue>
    <ticket>33</ticket>
    <estimate>30</estimate>
    <role>DEV</role>
    <id>33-f4fdc6d9</id>
    <lines>197-204</lines>
    <body>...</body>
    <file>...</file>
    <author>...</author>
    <email>...</email>
    <time>2018-05-09T10:02:05Z</time>
    <children>
      <puzzle alive="false">
        <issue href="https://github.com/sunsofterp/portal/issues/42" closed="2018-05-14T14:24:59+00:00">42</issue>
        <ticket>34</ticket>
        <estimate>30</estimate>
        <role>DEV</role>
        <id>34-f9a133d8</id>
        <lines>276-283</lines>
        <body>...</body>
        <file>...</file>
        <author>...</author>
        <email>...</email>
        <time>2018-05-13T08:00:16Z</time>
        <children>
          <puzzle alive="false">
            <issue href="https://github.com/sunsofterp/portal/issues/47" closed="2018-06-27T16:24:38+00:00">47</issue>
            <ticket>42</ticket>
            <estimate>30</estimate>
            <role>DEV</role>
            <id>42-073b73a4</id>
            <lines>24-26</lines>
            <body>...</body>
            <file>...</file>
            <author>...</author>
            <email>...</email>
            <time>2018-05-13T20:13:28Z</time>
            <children/>
          </puzzle>
          <puzzle alive="false">
            <issue href="https://github.com/sunsofterp/portal/issues/48" closed="2018-09-21T13:06:46+00:00">48</issue>
            <ticket>42</ticket>
            <estimate>30</estimate>
            <role>DEV</role>
            <id>42-8d8763f9</id>
            <lines>276-283</lines>
            <body>...</body>
            <file>...</file>
            <author>...</author>
            <email>...</email>
            <time>2018-05-13T20:13:28Z</time>
            <children>
              <puzzle alive="false">
                <issue href="https://github.com/sunsofterp/portal/issues/189" closed="2018-10-29T20:11:29+00:00">189</issue>
                <ticket>48</ticket>
                <estimate>30</estimate>
                <role>DEV</role>
                <id>48-97ca21b1</id>
                <lines>356-358</lines>
                <body>...</body>
                <file>...</file>
                <author>...</author>
                <email>...</email>
                <time>2018-09-21T13:03:28Z</time>
                <children/>
              </puzzle>
            </children>
          </puzzle>
        </children>
      </puzzle>
    </children>
  </puzzle>
  <puzzle alive="false">
    <issue href="https://github.com/sunsofterp/portal/issues/38" closed="2018-05-11T09:01:55+00:00">38</issue>
    <ticket>31</ticket>
    <estimate>30</estimate>
    <role>DEV</role>
    <id>31-5b6d758e</id>
    <lines>29-31</lines>
    <body>...</body>
    <file>...</file>
    <author>...</author>
    <email>...</email>
    <time>2018-05-09T20:27:49Z</time>
    <children/>
  </puzzle>
  <puzzle alive="false">
    <issue href="https://github.com/sunsofterp/portal/issues/51" closed="2018-05-20T08:36:54+00:00">51</issue>
    <ticket>36</ticket>
    <estimate>30</estimate>
    <role>DEV</role>
    <id>36-23708dfe</id>
    <lines>31-33</lines>
    <body>...</body>
    <file>...</file>
    <author>...</author>
    <email>...</email>
    <time>2018-05-11T04:06:05Z</time>
    <children/>
  </puzzle>
  <puzzle alive="false">
    <issue href="https://github.com/sunsofterp/portal/issues/52" closed="2018-05-20T08:36:56+00:00">52</issue>
    <ticket>36</ticket>
    <estimate>30</estimate>
    <role>DEV</role>
    <id>36-8dec8d60</id>
    <lines>34-36</lines>
    <body>...</body>
    <file>...</file>
    <author>...</author>
    <email>...</email>
    <time>2018-05-11T04:06:05Z</time>
    <children/>
  </puzzle>
  <puzzle alive="false">
    <issue href="https://github.com/sunsofterp/portal/issues/63" closed="2018-06-04T15:07:00+00:00">63</issue>
    <ticket>53</ticket>
    <estimate>30</estimate>
    <role>DEV</role>
    <id>53-bb4f8988</id>
    <lines>43-48</lines>
    <body>...</body>
    <file>...</file>
    <author>...</author>
    <email>...</email>
    <time>2018-06-01T13:02:03Z</time>
    <children/>
  </puzzle>
  <puzzle alive="false">
    <issue href="https://github.com/sunsofterp/portal/issues/64" closed="2018-06-01T14:31:55+00:00">64</issue>
    <ticket>53</ticket>
    <estimate>30</estimate>
    <role>DEV</role>
    <id>53-dcd522f3</id>
    <lines>24-30</lines>
    <body>...</body>
    <file>...</file>
    <author>...</author>
    <email>...</email>
    <time>2018-05-29T20:23:08Z</time>
    <children/>
  </puzzle>
  <puzzle alive="false">
    <issue href="https://github.com/sunsofterp/portal/issues/65" closed="2018-06-22T08:32:21+00:00">65</issue>
    <ticket>62</ticket>
    <estimate>30</estimate>
    <role>DEV</role>
    <id>62-6c10f8cb</id>
    <lines>33-36</lines>
    <body>...</body>
    <file>...</file>
    <author>...</author>
    <email>...</email>
    <time>2018-06-01T14:25:00Z</time>
    <children>
      <puzzle alive="false">
        <issue href="https://github.com/sunsofterp/portal/issues/88" closed="2018-06-27T16:24:40+00:00">88</issue>
        <ticket>65</ticket>
        <estimate>30</estimate>
        <role>DEV</role>
        <id>65-823b8aff</id>
        <lines>167-173</lines>
        <body>...</body>
        <file>...</file>
        <author>...</author>
        <email>...</email>
        <time>2018-06-22T08:29:46Z</time>
        <children/>
      </puzzle>
    </children>
  </puzzle>
  <puzzle alive="false">
    <issue href="https://github.com/sunsofterp/portal/issues/66" closed="2018-09-13T13:24:52+00:00">66</issue>
    <ticket>62</ticket>
    <estimate>30</estimate>
    <role>DEV</role>
    <id>62-f30dd2dc</id>
    <lines>33-36</lines>
    <body>...</body>
    <file>...</file>
    <author>...</author>
    <email>...</email>
    <time>2018-06-01T14:43:09Z</time>
    <children/>
  </puzzle>
  <puzzle alive="false">
    <issue href="https://github.com/sunsofterp/portal/issues/68" closed="2018-06-05T10:59:49+00:00">68</issue>
    <ticket>67</ticket>
    <estimate>30</estimate>
    <role>DEV</role>
    <id>67-fb1fd57f</id>
    <lines>17-23</lines>
    <body>...</body>
    <file>...</file>
    <author>...</author>
    <email>...</email>
    <time>2018-06-04T15:06:06Z</time>
    <children>
      <puzzle alive="false">
        <issue href="https://github.com/sunsofterp/portal/issues/70" closed="2018-08-18T03:41:09+00:00">70</issue>
        <ticket>68</ticket>
        <estimate>30</estimate>
        <role>DEV</role>
        <id>68-1c44a37a</id>
        <lines>28-30</lines>
        <body>...</body>
        <file>...</file>
        <author>...</author>
        <email>...</email>
        <time>2018-06-05T10:59:02Z</time>
        <children>
          <puzzle alive="false">
            <issue href="https://github.com/sunsofterp/portal/issues/127" closed="2018-08-31T08:39:09+00:00">127</issue>
            <ticket>70</ticket>
            <estimate>30</estimate>
            <role>DEV</role>
            <id>70-d3b9c905</id>
            <lines>21-23</lines>
            <body>...</body>
            <file>...</file>
            <author>...</author>
            <email>...</email>
            <time>2018-08-18T03:38:35Z</time>
            <children>
              <puzzle alive="false">
                <issue href="https://github.com/sunsofterp/portal/issues/155" closed="2018-09-01T08:04:32+00:00">155</issue>
                <ticket>127</ticket>
                <estimate>30</estimate>
                <role>DEV</role>
                <id>127-7b9ae551</id>
                <lines>30-36</lines>
                <body>...</body>
                <file>...</file>
                <author>...</author>
                <email>...</email>
                <time>2018-08-30T14:02:14Z</time>
                <children/>
              </puzzle>
              <puzzle alive="false">
                <issue href="https://github.com/sunsofterp/portal/issues/157" closed="2018-09-04T07:48:15+00:00">157</issue>
                <ticket>127</ticket>
                <estimate>30</estimate>
                <role>DEV</role>
                <id>127-044d9697</id>
                <lines>24-29</lines>
                <body>...</body>
                <file>...</file>
                <author>...</author>
                <email>...</email>
                <time>2018-09-01T08:01:49Z</time>
                <children>
                  <puzzle alive="false">
                    <issue href="https://github.com/sunsofterp/portal/issues/167" closed="2018-09-11T12:04:49+00:00">167</issue>
                    <ticket>157</ticket>
                    <estimate>30</estimate>
                    <role>DEV</role>
                    <id>157-75286448</id>
                    <lines>114-115</lines>
                    <body>...</body>
                    <file>...</file>
                    <author>...</author>
                    <email>...</email>
                    <time>2018-09-02T09:40:41Z</time>
                    <children/>
                  </puzzle>
                </children>
              </puzzle>
            </children>
          </puzzle>
          <puzzle alive="false">
            <issue href="https://github.com/sunsofterp/portal/issues/128" closed="2018-09-01T08:04:34+00:00">128</issue>
            <ticket>70</ticket>
            <estimate>30</estimate>
            <role>DEV</role>
            <id>70-ff8bac85</id>
            <lines>24-25</lines>
            <body>...</body>
            <file>...</file>
            <author>...</author>
            <email>...</email>
            <time>2018-08-18T03:38:35Z</time>
            <children/>
          </puzzle>
        </children>
      </puzzle>
    </children>
  </puzzle>
  <puzzle alive="false">
    <issue href="https://github.com/sunsofterp/portal/issues/69" closed="2018-06-18T18:18:30+00:00">69</issue>
    <ticket>67</ticket>
    <estimate>30</estimate>
    <role>DEV</role>
    <id>67-65959460</id>
    <lines>24-27</lines>
    <body>...</body>
    <file>...</file>
    <author>...</author>
    <email>...</email>
    <time>2018-06-04T15:06:06Z</time>
    <children>
      <puzzle alive="false">
        <issue href="https://github.com/sunsofterp/portal/issues/81" closed="2018-06-27T08:42:23+00:00">81</issue>
        <ticket>69</ticket>
        <estimate>30</estimate>
        <role>DEV</role>
        <id>69-296449e9</id>
        <lines>40-43</lines>
        <body>...</body>
        <file>...</file>
        <author>...</author>
        <email>...</email>
        <time>2018-06-16T01:16:52Z</time>
        <children>
          <puzzle alive="false">
            <issue href="https://github.com/sunsofterp/portal/issues/102" closed="2018-08-17T20:45:45+00:00">102</issue>
            <ticket>81</ticket>
            <estimate>30</estimate>
            <role>DEV</role>
            <id>81-83d9e4fc</id>
            <lines>51-53</lines>
            <body>...</body>
            <file>...</file>
            <author>...</author>
            <email>...</email>
            <time>2018-06-27T08:39:42Z</time>
            <children/>
          </puzzle>
          <puzzle alive="false">
            <issue href="https://github.com/sunsofterp/portal/issues/103" closed="2018-08-08T20:23:39+00:00">103</issue>
            <ticket>81</ticket>
            <estimate>30</estimate>
            <role>DEV</role>
            <id>81-e03af1a9</id>
            <lines>122-124</lines>
            <body>...</body>
            <file>...</file>
            <author>...</author>
            <email>...</email>
            <time>2018-06-27T08:39:42Z</time>
            <children>
              <puzzle alive="false">
                <issue href="https://github.com/sunsofterp/portal/issues/120" closed="2018-08-19T16:20:03+00:00">120</issue>
                <ticket>103</ticket>
                <estimate>30</estimate>
                <role>DEV</role>
                <id>103-68f05568</id>
                <lines>107-111</lines>
                <body>...</body>
                <file>...</file>
                <author>...</author>
                <email>...</email>
                <time>2018-08-08T20:19:32Z</time>
                <children>
                  <puzzle alive="false">
                    <issue href="https://github.com/sunsofterp/portal/issues/130" closed="2018-08-22T13:43:14+00:00">130</issue>
                    <ticket>120</ticket>
                    <estimate>30</estimate>
                    <role>DEV</role>
                    <id>120-8f0a693d</id>
                    <lines>19-23</lines>
                    <body>...</body>
                    <file>...</file>
                    <author>...</author>
                    <email>...</email>
                    <time>2018-08-18T05:05:39Z</time>
                    <children>
                      <puzzle alive="false">
                        <issue href="https://github.com/sunsofterp/portal/issues/140" closed="2018-09-03T16:25:53+00:00">140</issue>
                        <ticket>130</ticket>
                        <estimate>30</estimate>
                        <role>DEV</role>
                        <id>130-1aab207e</id>
                        <lines>36-38</lines>
                        <body>...</body>
                        <file>...</file>
                        <author>...</author>
                        <email>...</email>
                        <time>2018-08-22T13:40:12Z</time>
                        <children>
                          <puzzle alive="false">
                            <issue href="https://github.com/sunsofterp/portal/issues/164" closed="2018-09-13T13:24:54+00:00">164</issue>
                            <ticket>140</ticket>
                            <estimate>30</estimate>
                            <role>DEV</role>
                            <id>140-c0c1083e</id>
                            <lines>47-52</lines>
                            <body>...</body>
                            <file>...</file>
                            <author>...</author>
                            <email>...</email>
                            <time>2018-09-02T17:38:06Z</time>
                            <children/>
                          </puzzle>
                          <puzzle alive="false">
                            <issue href="https://github.com/sunsofterp/portal/issues/165" closed="2018-09-11T04:30:30+00:00">165</issue>
                            <ticket>140</ticket>
                            <estimate>30</estimate>
                            <role>DEV</role>
                            <id>140-e4d5f168</id>
                            <lines>18-23</lines>
                            <body>...</body>
                            <file>...</file>
                            <author>...</author>
                            <email>...</email>
                            <time>2018-09-02T17:38:06Z</time>
                            <children/>
                          </puzzle>
                        </children>
                      </puzzle>
                    </children>
                  </puzzle>
                </children>
              </puzzle>
            </children>
          </puzzle>
          <puzzle alive="false">
            <issue href="https://github.com/sunsofterp/portal/issues/104" closed="2018-08-25T09:35:37+00:00">104</issue>
            <ticket>81</ticket>
            <estimate>30</estimate>
            <role>DEV</role>
            <id>81-b0562511</id>
            <lines>147-150</lines>
            <body>...</body>
            <file>...</file>
            <author>...</author>
            <email>...</email>
            <time>2018-06-27T08:39:42Z</time>
            <children/>
          </puzzle>
          <puzzle alive="false">
            <issue href="https://github.com/sunsofterp/portal/issues/105" closed="2018-07-08T17:57:46+00:00">105</issue>
            <ticket>81</ticket>
            <estimate>30</estimate>
            <role>DEV</role>
            <id>81-bbb8aedf</id>
            <lines>54-56</lines>
            <body>...</body>
            <file>...</file>
            <author>...</author>
            <email>...</email>
            <time>2018-06-27T08:39:42Z</time>
            <children/>
          </puzzle>
          <puzzle alive="false">
            <issue href="https://github.com/sunsofterp/portal/issues/106" closed="2018-07-27T20:05:56+00:00">106</issue>
            <ticket>81</ticket>
            <estimate>30</estimate>
            <role>DEV</role>
            <id>81-b4495bac</id>
            <lines>40-41</lines>
            <body>...</body>
            <file>...</file>
            <author>...</author>
            <email>...</email>
            <time>2018-06-27T08:39:42Z</time>
            <children>
              <puzzle alive="false">
                <issue href="https://github.com/sunsofterp/portal/issues/115" closed="2018-08-26T11:49:57+00:00">115</issue>
                <ticket>106</ticket>
                <estimate>30</estimate>
                <role>DEV</role>
                <id>106-5e81752a</id>
                <lines>175-176</lines>
                <body>...</body>
                <file>...</file>
                <author>...</author>
                <email>...</email>
                <time>2018-07-27T20:03:13Z</time>
                <children/>
              </puzzle>
            </children>
          </puzzle>
        </children>
      </puzzle>
      <puzzle alive="false">
        <issue href="https://github.com/sunsofterp/portal/issues/82" closed="2018-06-22T08:42:24+00:00">82</issue>
        <ticket>69</ticket>
        <estimate>30</estimate>
        <role>DEV</role>
        <id>69-22838bd1</id>
        <lines>70-71</lines>
        <body>...</body>
        <file>...</file>
        <author>...</author>
        <email>...</email>
        <time>2018-06-16T01:16:52Z</time>
        <children>
          <puzzle alive="false">
            <issue href="https://github.com/sunsofterp/portal/issues/89" closed="2018-07-20T15:15:12+00:00">89</issue>
            <ticket>82</ticket>
            <estimate>30</estimate>
            <role>DEV</role>
            <id>82-44fecf4f</id>
            <lines>24-32</lines>
            <body>...</body>
            <file>...</file>
            <author>...</author>
            <email>...</email>
            <time>2018-06-20T16:46:00Z</time>
            <children>
              <puzzle alive="false">
                <issue href="https://github.com/sunsofterp/portal/issues/111" closed="2018-08-22T13:43:16+00:00">111</issue>
                <ticket>89</ticket>
                <estimate>30</estimate>
                <role>DEV</role>
                <id>89-9c8db374</id>
                <lines>27-32</lines>
                <body>...</body>
                <file>...</file>
                <author>...</author>
                <email>...</email>
                <time>2018-07-20T15:12:37Z</time>
                <children/>
              </puzzle>
            </children>
          </puzzle>
          <puzzle alive="false">
            <issue href="https://github.com/sunsofterp/portal/issues/90" closed="2018-08-21T17:10:51+00:00">90</issue>
            <ticket>82</ticket>
            <estimate>30</estimate>
            <role>DEV</role>
            <id>82-471ed8ee</id>
            <lines>18-20</lines>
            <body>...</body>
            <file>...</file>
            <author>...</author>
            <email>...</email>
            <time>2018-06-22T02:09:33Z</time>
            <children>
              <puzzle alive="false">
                <issue href="https://github.com/sunsofterp/portal/issues/132" closed="2018-08-22T13:43:18+00:00">132</issue>
                <ticket>90</ticket>
                <estimate>30</estimate>
                <role>DEV</role>
                <id>90-7dd18971</id>
                <lines>25-27</lines>
                <body>...</body>
                <file>...</file>
                <author>...</author>
                <email>...</email>
                <time>2018-08-21T17:07:45Z</time>
                <children/>
              </puzzle>
              <puzzle alive="false">
                <issue href="https://github.com/sunsofterp/portal/issues/133" closed="2018-08-22T13:43:20+00:00">133</issue>
                <ticket>90</ticket>
                <estimate>30</estimate>
                <role>DEV</role>
                <id>90-a6bd32dc</id>
                <lines>28-29</lines>
                <body>...</body>
                <file>...</file>
                <author>...</author>
                <email>...</email>
                <time>2018-08-21T17:07:45Z</time>
                <children/>
              </puzzle>
              <puzzle alive="false">
                <issue href="https://github.com/sunsofterp/portal/issues/134" closed="2018-08-22T13:43:22+00:00">134</issue>
                <ticket>90</ticket>
                <estimate>30</estimate>
                <role>DEV</role>
                <id>90-ca58d3b3</id>
                <lines>30-32</lines>
                <body>...</body>
                <file>...</file>
                <author>...</author>
                <email>...</email>
                <time>2018-08-21T17:07:45Z</time>
                <children/>
              </puzzle>
            </children>
          </puzzle>
          <puzzle alive="false">
            <issue href="https://github.com/sunsofterp/portal/issues/91" closed="2018-08-22T13:43:23+00:00">91</issue>
            <ticket>82</ticket>
            <estimate>30</estimate>
            <role>DEV</role>
            <id>82-c2d1c1c1</id>
            <lines>21-23</lines>
            <body>...</body>
            <file>...</file>
            <author>...</author>
            <email>...</email>
            <time>2018-06-22T02:09:33Z</time>
            <children/>
          </puzzle>
          <puzzle alive="false">
            <issue href="https://github.com/sunsofterp/portal/issues/141" closed="2018-09-03T14:11:28+00:00">141</issue>
            <ticket>82</ticket>
            <estimate>30</estimate>
            <role>DEV</role>
            <id>82-bc7f37ab</id>
            <lines>20-22</lines>
            <body>...</body>
            <file>...</file>
            <author>...</author>
            <email>...</email>
            <time>2018-08-22T13:40:12Z</time>
            <children>
              <puzzle alive="false">
                <issue href="https://github.com/sunsofterp/portal/issues/162" closed="2018-09-13T13:24:56+00:00">162</issue>
                <ticket>141</ticket>
                <estimate>30</estimate>
                <role>DEV</role>
                <id>141-200e69dc</id>
                <lines>25-31</lines>
                <body>...</body>
                <file>...</file>
                <author>...</author>
                <email>...</email>
                <time>2018-09-03T14:08:47Z</time>
                <children/>
              </puzzle>
              <puzzle alive="false">
                <issue href="https://github.com/sunsofterp/portal/issues/163" closed="2018-09-09T07:13:03+00:00">163</issue>
                <ticket>141</ticket>
                <estimate>30</estimate>
                <role>DEV</role>
                <id>141-028a6e35</id>
                <lines>32-34</lines>
                <body>...</body>
                <file>...</file>
                <author>...</author>
                <email>...</email>
                <time>2018-09-03T14:08:47Z</time>
                <children/>
              </puzzle>
            </children>
          </puzzle>
        </children>
      </puzzle>
    </children>
  </puzzle>
  <puzzle alive="false">
    <issue href="https://github.com/sunsofterp/portal/issues/92" closed="2018-11-08T04:09:34+00:00">92</issue>
    <ticket>61</ticket>
    <estimate>30</estimate>
    <role>DEV</role>
    <id>61-2b41ca52</id>
    <lines>40-43</lines>
    <body>...</body>
    <file>...</file>
    <author>...</author>
    <email>...</email>
    <time>2018-06-21T21:32:58Z</time>
    <children>
      <puzzle alive="false">
        <issue href="https://github.com/sunsofterp/portal/issues/199" closed="2018-11-18T07:25:14+00:00">199</issue>
        <ticket>92</ticket>
        <estimate>30</estimate>
        <role>DEV</role>
        <id>92-bd17763a</id>
        <lines>26-28</lines>
        <body>...</body>
        <file>...</file>
        <author>...</author>
        <email>...</email>
        <time>2018-11-05T15:15:32Z</time>
        <children/>
      </puzzle>
      <puzzle alive="false">
        <issue href="https://github.com/sunsofterp/portal/issues/200" closed="2018-11-10T04:46:36+00:00">200</issue>
        <ticket>92</ticket>
        <estimate>30</estimate>
        <role>DEV</role>
        <id>92-d9e6a71d</id>
        <lines>27-28</lines>
        <body>...</body>
        <file>...</file>
        <author>...</author>
        <email>...</email>
        <time>2018-11-05T15:15:32Z</time>
        <children/>
      </puzzle>
    </children>
  </puzzle>
  <puzzle alive="false">
    <issue href="https://github.com/sunsofterp/portal/issues/93" closed="2018-06-26T14:55:24+00:00">93</issue>
    <ticket>61</ticket>
    <estimate>30</estimate>
    <role>DEV</role>
    <id>61-ba49455d</id>
    <lines>44-46</lines>
    <body>...</body>
    <file>...</file>
    <author>...</author>
    <email>...</email>
    <time>2018-06-21T21:41:02Z</time>
    <children>
      <puzzle alive="false">
        <issue href="https://github.com/sunsofterp/portal/issues/100" closed="2018-06-27T16:24:42+00:00">100</issue>
        <ticket>93</ticket>
        <estimate>30</estimate>
        <role>DEV</role>
        <id>93-47e97a7f</id>
        <lines>44-48</lines>
        <body>...</body>
        <file>...</file>
        <author>...</author>
        <email>...</email>
        <time>2018-06-26T14:33:11Z</time>
        <children/>
      </puzzle>
    </children>
  </puzzle>
  <puzzle alive="false">
    <issue href="https://github.com/sunsofterp/portal/issues/94" closed="2018-10-30T14:06:08+00:00">94</issue>
    <ticket>61</ticket>
    <estimate>30</estimate>
    <role>DEV</role>
    <id>61-88599e4e</id>
    <lines>47-50</lines>
    <body>...</body>
    <file>...</file>
    <author>...</author>
    <email>...</email>
    <time>2018-06-22T07:10:30Z</time>
    <children/>
  </puzzle>
  <puzzle alive="false">
    <issue href="https://github.com/sunsofterp/portal/issues/98" closed="2018-08-24T13:10:07+00:00">98</issue>
    <ticket>73</ticket>
    <estimate>30</estimate>
    <role>DEV</role>
    <id>73-5eea5ed0</id>
    <lines>14-20</lines>
    <body>...</body>
    <file>...</file>
    <author>...</author>
    <email>...</email>
    <time>2018-06-26T14:28:38Z</time>
    <children/>
  </puzzle>
  <puzzle alive="false">
    <issue href="https://github.com/sunsofterp/portal/issues/99" closed="2018-08-21T20:28:28+00:00">99</issue>
    <ticket>73</ticket>
    <estimate>30</estimate>
    <role>DEV</role>
    <id>73-52c75f14</id>
    <lines>16-19</lines>
    <body>...</body>
    <file>...</file>
    <author>...</author>
    <email>...</email>
    <time>2018-06-26T14:28:38Z</time>
    <children>
      <puzzle alive="false">
        <issue href="https://github.com/sunsofterp/portal/issues/137" closed="2018-09-04T13:59:48+00:00">137</issue>
        <ticket>99</ticket>
        <estimate>30</estimate>
        <role>DEV</role>
        <id>99-3ca60481</id>
        <lines>16-18</lines>
        <body>...</body>
        <file>...</file>
        <author>...</author>
        <email>...</email>
        <time>2018-08-15T11:39:14Z</time>
        <children>
          <puzzle alive="true">
            <issue href="https://github.com/sunsofterp/portal/issues/158">158</issue>
            <ticket>137</ticket>
            <estimate>30</estimate>
            <role>DEV</role>
            <id>137-66f04575</id>
            <lines>14-17</lines>
            <body>...</body>
            <file>...</file>
            <author>...</author>
            <email>...</email>
            <time>2018-08-27T19:00:40Z</time>
            <children/>
          </puzzle>
        </children>
      </puzzle>
      <puzzle alive="false">
        <issue href="https://github.com/sunsofterp/portal/issues/138" closed="2018-08-31T08:27:26+00:00">138</issue>
        <ticket>99</ticket>
        <estimate>30</estimate>
        <role>DEV</role>
        <id>99-9a6e9674</id>
        <lines>19-20</lines>
        <body>...</body>
        <file>...</file>
        <author>...</author>
        <email>...</email>
        <time>2018-08-21T20:12:34Z</time>
        <children>
          <puzzle alive="false">
            <issue href="https://github.com/sunsofterp/portal/issues/154" closed="2018-09-04T07:37:55+00:00">154</issue>
            <ticket>138</ticket>
            <estimate>30</estimate>
            <role>DEV</role>
            <id>138-e6c3e796</id>
            <lines>116-119</lines>
            <body>...</body>
            <file>...</file>
            <author>...</author>
            <email>...</email>
            <time>2018-08-31T08:24:45Z</time>
            <children>
              <puzzle alive="false">
                <issue href="https://github.com/sunsofterp/portal/issues/166" closed="2018-09-17T04:24:22+00:00">166</issue>
                <ticket>154</ticket>
                <estimate>30</estimate>
                <role>DEV</role>
                <id>154-ae3f7f14</id>
                <lines>26-28</lines>
                <body>...</body>
                <file>...</file>
                <author>...</author>
                <email>...</email>
                <time>2018-09-04T07:35:12Z</time>
                <children/>
              </puzzle>
            </children>
          </puzzle>
        </children>
      </puzzle>
    </children>
  </puzzle>
  <puzzle alive="false">
    <issue href="https://github.com/sunsofterp/portal/issues/143" closed="2018-09-06T13:40:55+00:00">143</issue>
    <ticket>117</ticket>
    <estimate>30</estimate>
    <role>DEV</role>
    <id>117-8a1b17e7</id>
    <lines>37-39</lines>
    <body>...</body>
    <file>...</file>
    <author>...</author>
    <email>...</email>
    <time>2018-08-24T09:38:53Z</time>
    <children/>
  </puzzle>
  <puzzle alive="false">
    <issue href="https://github.com/sunsofterp/portal/issues/144" closed="2018-08-24T17:05:57+00:00">144</issue>
    <ticket>117</ticket>
    <estimate>30</estimate>
    <role>DEV</role>
    <id>117-4a08e7bf</id>
    <lines>167-169</lines>
    <body>...</body>
    <file>...</file>
    <author>...</author>
    <email>...</email>
    <time>2018-08-24T09:38:53Z</time>
    <children/>
  </puzzle>
  <puzzle alive="false">
    <issue href="https://github.com/sunsofterp/portal/issues/146" closed="2018-09-15T06:33:11+00:00">146</issue>
    <ticket>77</ticket>
    <estimate>30</estimate>
    <role>DEV</role>
    <id>77-a2a4c509</id>
    <lines>22-26</lines>
    <body>...</body>
    <file>...</file>
    <author>...</author>
    <email>...</email>
    <time>2018-08-24T16:03:51Z</time>
    <children>
      <puzzle alive="false">
        <issue href="https://github.com/sunsofterp/portal/issues/183" closed="2018-10-21T17:06:52+00:00">183</issue>
        <ticket>146</ticket>
        <estimate>30</estimate>
        <role>DEV</role>
        <id>146-1f559855</id>
        <lines>24-27</lines>
        <body>...</body>
        <file>...</file>
        <author>...</author>
        <email>...</email>
        <time>2018-09-15T06:30:01Z</time>
        <children/>
      </puzzle>
    </children>
  </puzzle>
  <puzzle alive="false">
    <issue href="https://github.com/sunsofterp/portal/issues/179" closed="2018-09-18T12:14:12+00:00">179</issue>
    <ticket>118</ticket>
    <estimate>30</estimate>
    <role>DEV</role>
    <id>118-4c4cace8</id>
    <lines>45-47</lines>
    <body>...</body>
    <file>...</file>
    <author>...</author>
    <email>...</email>
    <time>2018-09-13T08:16:40Z</time>
    <children/>
  </puzzle>
  <puzzle alive="false">
    <issue href="https://github.com/sunsofterp/portal/issues/180" closed="2018-09-17T15:33:21+00:00">180</issue>
    <ticket>118</ticket>
    <estimate>30</estimate>
    <role>DEV</role>
    <id>118-e7f14379</id>
    <lines>51-52</lines>
    <body>...</body>
    <file>...</file>
    <author>...</author>
    <email>...</email>
    <time>2018-09-13T08:16:40Z</time>
    <children/>
  </puzzle>
  <puzzle alive="false">
    <issue href="https://github.com/sunsofterp/portal/issues/190" closed="2018-11-02T05:46:58+00:00">190</issue>
    <ticket>184</ticket>
    <estimate>30</estimate>
    <role>DEV</role>
    <id>184-4026f8d7</id>
    <lines>22-29</lines>
    <body>...</body>
    <file>...</file>
    <author>...</author>
    <email>...</email>
    <time>2018-09-23T04:34:49Z</time>
    <children/>
  </puzzle>
  <puzzle alive="false">
    <issue href="https://github.com/sunsofterp/portal/issues/205" closed="2018-11-26T06:20:49+00:00">205</issue>
    <ticket>203</ticket>
    <estimate>30</estimate>
    <role>DEV</role>
    <id>203-f328219a</id>
    <lines>26-27</lines>
    <body>...</body>
    <file>...</file>
    <author>...</author>
    <email>...</email>
    <time>2018-11-13T05:32:18Z</time>
    <children>
      <puzzle alive="false">
        <issue href="https://github.com/sunsofterp/portal/issues/208" closed="2018-12-06T08:26:26+00:00">208</issue>
        <ticket>205</ticket>
        <estimate>30</estimate>
        <role>DEV</role>
        <id>205-5935556d</id>
        <lines>25-26</lines>
        <body>...</body>
        <file>...</file>
        <author>...</author>
        <email>...</email>
        <time>2018-11-26T06:16:40Z</time>
        <children/>
      </puzzle>
      <puzzle alive="false">
        <issue href="https://github.com/sunsofterp/portal/issues/209" closed="2018-12-06T08:34:27+00:00">209</issue>
        <ticket>205</ticket>
        <estimate>30</estimate>
        <role>DEV</role>
        <id>205-4a6c106f</id>
        <lines>27-29</lines>
        <body>...</body>
        <file>...</file>
        <author>...</author>
        <email>...</email>
        <time>2018-11-26T06:16:40Z</time>
        <children/>
      </puzzle>
    </children>
  </puzzle>
  <puzzle alive="false">
    <issue href="https://github.com/sunsofterp/portal/issues/215" closed="2019-04-29T20:44:41+00:00">215</issue>
    <ticket>80</ticket>
    <estimate>30</estimate>
    <role>DEV</role>
    <id>80-b5f8a83d</id>
    <lines>28-31</lines>
    <body>...</body>
    <file>...</file>
    <author>...</author>
    <email>...</email>
    <time>2019-01-10T15:48:34Z</time>
    <children>
      <puzzle alive="false">
        <issue href="https://github.com/sunsofterp/portal/issues/242" closed="2019-08-15T07:55:21+00:00">242</issue>
        <ticket>215</ticket>
        <estimate>30</estimate>
        <role>DEV</role>
        <id>215-4bccb437</id>
        <lines>3-6</lines>
        <body>...</body>
        <file>...</file>
        <author>...</author>
        <email>...</email>
        <time>2019-04-29T20:38:20Z</time>
        <children>
          <puzzle alive="false">
            <issue href="https://github.com/sunsofterp/portal/issues/346" closed="2019-08-29T12:22:32+00:00">346</issue>
            <ticket>242</ticket>
            <estimate>30</estimate>
            <role>DEV</role>
            <id>242-06cd9a38</id>
            <lines>17-19</lines>
            <body>...</body>
            <file>...</file>
            <author>...</author>
            <email>...</email>
            <time>2019-08-15T07:52:02Z</time>
            <children>
              <puzzle alive="false">
                <issue href="https://github.com/sunsofterp/portal/issues/361" closed="2019-09-09T10:33:39+00:00">361</issue>
                <ticket>346</ticket>
                <estimate>30</estimate>
                <role>DEV</role>
                <id>346-23e6a90c</id>
                <lines>32-34</lines>
                <body>...</body>
                <file>...</file>
                <author>...</author>
                <email>...</email>
                <time>2019-08-29T12:19:22Z</time>
                <children/>
              </puzzle>
            </children>
          </puzzle>
        </children>
      </puzzle>
      <puzzle alive="false">
        <issue href="https://github.com/sunsofterp/portal/issues/243" closed="2019-05-16T06:57:20+00:00">243</issue>
        <ticket>215</ticket>
        <estimate>30</estimate>
        <role>DEV</role>
        <id>215-86896fb9</id>
        <lines>3-5</lines>
        <body>...</body>
        <file>...</file>
        <author>...</author>
        <email>...</email>
        <time>2019-04-29T20:38:20Z</time>
        <children>
          <puzzle alive="false">
            <issue href="https://github.com/sunsofterp/portal/issues/256" closed="2019-08-14T19:39:49+00:00">256</issue>
            <ticket>243</ticket>
            <estimate>30</estimate>
            <role>DEV</role>
            <id>243-3f40f5e7</id>
            <lines>37-39</lines>
            <body>...</body>
            <file>...</file>
            <author>...</author>
            <email>...</email>
            <time>2019-05-16T06:50:55Z</time>
            <children>
              <puzzle alive="false">
                <issue href="https://github.com/sunsofterp/portal/issues/345" closed="2020-01-02T09:44:04+00:00">345</issue>
                <ticket>256</ticket>
                <estimate>30</estimate>
                <role>DEV</role>
                <id>256-6f332e83</id>
                <lines>31-32</lines>
                <body>...</body>
                <file>...</file>
                <author>...</author>
                <email>...</email>
                <time>2019-08-11T00:30:51Z</time>
                <children>
                  <puzzle alive="false">
                    <issue href="https://github.com/sunsofterp/portal/issues/480" closed="2020-02-12T09:11:07+00:00">480</issue>
                    <ticket>345</ticket>
                    <estimate>30</estimate>
                    <role>DEV</role>
                    <id>345-b70709b0</id>
                    <lines>27-29</lines>
                    <body>...</body>
                    <file>...</file>
                    <author>...</author>
                    <email>...</email>
                    <time>2019-12-29T15:08:03Z</time>
                    <children>
                      <puzzle alive="true">
                        <issue href="https://github.com/sunsofterp/portal/issues/508">508</issue>
                        <ticket>480</ticket>
                        <estimate>30</estimate>
                        <role>DEV</role>
                        <id>480-c11dae8c</id>
                        <lines>1-3</lines>
                        <body>...</body>
                        <file>...</file>
                        <author>...</author>
                        <email>...</email>
                        <time>2020-02-01T13:32:03Z</time>
                        <children/>
                      </puzzle>
                    </children>
                  </puzzle>
                </children>
              </puzzle>
            </children>
          </puzzle>
        </children>
      </puzzle>
      <puzzle alive="false">
        <issue href="https://github.com/sunsofterp/portal/issues/244" closed="2019-05-09T19:25:38+00:00">244</issue>
        <ticket>215</ticket>
        <estimate>30</estimate>
        <role>DEV</role>
        <id>215-5de24093</id>
        <lines>6-10</lines>
        <body>...</body>
        <file>...</file>
        <author>...</author>
        <email>...</email>
        <time>2019-04-29T20:38:20Z</time>
        <children>
          <puzzle alive="false">
            <issue href="https://github.com/sunsofterp/portal/issues/251" closed="2019-05-12T10:47:08+00:00">251</issue>
            <ticket>244</ticket>
            <estimate>30</estimate>
            <role>DEV</role>
            <id>244-9a8984f4</id>
            <lines>7-13</lines>
            <body>...</body>
            <file>...</file>
            <author>...</author>
            <email>...</email>
            <time>2019-05-09T19:19:00Z</time>
            <children/>
          </puzzle>
          <puzzle alive="false">
            <issue href="https://github.com/sunsofterp/portal/issues/252" closed="2019-07-07T15:20:45+00:00">252</issue>
            <ticket>244</ticket>
            <estimate>30</estimate>
            <role>DEV</role>
            <id>244-f019af3e</id>
            <lines>20-26</lines>
            <body>...</body>
            <file>...</file>
            <author>...</author>
            <email>...</email>
            <time>2019-05-09T19:19:00Z</time>
            <children/>
          </puzzle>
        </children>
      </puzzle>
    </children>
  </puzzle>
  <puzzle alive="false">
    <issue href="https://github.com/sunsofterp/portal/issues/217" closed="2019-04-04T11:08:58+00:00">217</issue>
    <ticket>216</ticket>
    <estimate>30</estimate>
    <role>DEV</role>
    <id>216-e8ec8cfa</id>
    <lines>24-26</lines>
    <body>...</body>
    <file>...</file>
    <author>...</author>
    <email>...</email>
    <time>2019-03-30T06:48:30Z</time>
    <children>
      <puzzle alive="false">
        <issue href="https://github.com/sunsofterp/portal/issues/221" closed="2019-04-05T17:36:59+00:00">221</issue>
        <ticket>217</ticket>
        <estimate>30</estimate>
        <role>DEV</role>
        <id>217-b7ea1c98</id>
        <lines>32-40</lines>
        <body>...</body>
        <file>...</file>
        <author>...</author>
        <email>...</email>
        <time>2019-04-04T11:07:43Z</time>
        <children>
          <puzzle alive="false">
            <issue href="https://github.com/sunsofterp/portal/issues/223" closed="2019-04-30T16:14:30+00:00">223</issue>
            <ticket>221</ticket>
            <estimate>30</estimate>
            <role>DEV</role>
            <id>221-2cf7a063</id>
            <lines>35-41</lines>
            <body>...</body>
            <file>...</file>
            <author>...</author>
            <email>...</email>
            <time>2019-04-05T17:35:05Z</time>
            <children/>
          </puzzle>
        </children>
      </puzzle>
    </children>
  </puzzle>
  <puzzle alive="false">
    <issue href="https://github.com/sunsofterp/portal/issues/218" closed="2019-04-18T14:25:41+00:00">218</issue>
    <ticket>216</ticket>
    <estimate>30</estimate>
    <role>DEV</role>
    <id>216-feb7dd84</id>
    <lines>7-10</lines>
    <body>...</body>
    <file>...</file>
    <author>...</author>
    <email>...</email>
    <time>2019-03-30T06:48:30Z</time>
    <children>
      <puzzle alive="false">
        <issue href="https://github.com/sunsofterp/portal/issues/232" closed="2019-07-06T14:20:15+00:00">232</issue>
        <ticket>218</ticket>
        <estimate>30</estimate>
        <role>DEV</role>
        <id>218-1319be42</id>
        <lines>34-36</lines>
        <body>...</body>
        <file>...</file>
        <author>...</author>
        <email>...</email>
        <time>2019-04-18T14:19:04Z</time>
        <children/>
      </puzzle>
    </children>
  </puzzle>
  <puzzle alive="false">
    <issue href="https://github.com/sunsofterp/portal/issues/219" closed="2019-04-23T10:16:36+00:00">219</issue>
    <ticket>216</ticket>
    <estimate>30</estimate>
    <role>DEV</role>
    <id>216-1e071d38</id>
    <lines>16-18</lines>
    <body>...</body>
    <file>...</file>
    <author>...</author>
    <email>...</email>
    <time>2019-03-30T06:48:30Z</time>
    <children/>
  </puzzle>
  <puzzle alive="false">
    <issue href="https://github.com/sunsofterp/portal/issues/220" closed="2019-04-19T16:00:44+00:00">220</issue>
    <ticket>216</ticket>
    <estimate>30</estimate>
    <role>DEV</role>
    <id>216-f55ea4e2</id>
    <lines>12-16</lines>
    <body>...</body>
    <file>...</file>
    <author>...</author>
    <email>...</email>
    <time>2019-03-30T06:48:30Z</time>
    <children>
      <puzzle alive="false">
        <issue href="https://github.com/sunsofterp/portal/issues/234" closed="2019-05-10T09:12:09+00:00">234</issue>
        <ticket>220</ticket>
        <estimate>30</estimate>
        <role>DEV</role>
        <id>220-544643a9</id>
        <lines>8-15</lines>
        <body>...</body>
        <file>...</file>
        <author>...</author>
        <email>...</email>
        <time>2019-04-19T15:47:16Z</time>
        <children>
          <puzzle alive="false">
            <issue href="https://github.com/sunsofterp/portal/issues/253" closed="2019-05-29T08:41:06+00:00">253</issue>
            <ticket>234</ticket>
            <estimate>30</estimate>
            <role>DEV</role>
            <id>234-a8f124ff</id>
            <lines>5-16</lines>
            <body>...</body>
            <file>...</file>
            <author>...</author>
            <email>...</email>
            <time>2019-05-08T08:21:18Z</time>
            <children>
              <puzzle alive="false">
                <issue href="https://github.com/sunsofterp/portal/issues/263" closed="2019-06-07T07:48:28+00:00">263</issue>
                <ticket>253</ticket>
                <estimate>30</estimate>
                <role>DEV</role>
                <id>253-53472645</id>
                <lines>5-8</lines>
                <body>...</body>
                <file>...</file>
                <author>...</author>
                <email>...</email>
                <time>2019-05-29T08:34:10Z</time>
                <children>
                  <puzzle alive="false">
                    <issue href="https://github.com/sunsofterp/portal/issues/276" closed="2019-06-18T15:06:05+00:00">276</issue>
                    <ticket>263</ticket>
                    <estimate>30</estimate>
                    <role>DEV</role>
                    <id>263-615ad2ce</id>
                    <lines>159-162</lines>
                    <body>...</body>
                    <file>...</file>
                    <author>...</author>
                    <email>...</email>
                    <time>2019-06-07T07:42:38Z</time>
                    <children/>
                  </puzzle>
                  <puzzle alive="true">
                    <issue href="https://github.com/sunsofterp/portal/issues/277">277</issue>
                    <ticket>263</ticket>
                    <estimate>30</estimate>
                    <role>DEV</role>
                    <id>263-e5f2f8ea</id>
                    <lines>192-194</lines>
                    <body>...</body>
                    <file>...</file>
                    <author>...</author>
                    <email>...</email>
                    <time>2019-06-07T07:42:38Z</time>
                    <children/>
                  </puzzle>
                </children>
              </puzzle>
              <puzzle alive="false">
                <issue href="https://github.com/sunsofterp/portal/issues/264" closed="2019-06-14T13:01:46+00:00">264</issue>
                <ticket>253</ticket>
                <estimate>30</estimate>
                <role>DEV</role>
                <id>253-a3c4420b</id>
                <lines>178-180</lines>
                <body>...</body>
                <file>...</file>
                <author>...</author>
                <email>...</email>
                <time>2019-05-29T08:34:10Z</time>
                <children>
                  <puzzle alive="false">
                    <issue href="https://github.com/sunsofterp/portal/issues/286" closed="2019-07-10T14:09:42+00:00">286</issue>
                    <ticket>264</ticket>
                    <estimate>30</estimate>
                    <role>DEV</role>
                    <id>264-ddfc90e5</id>
                    <lines>58-61</lines>
                    <body>...</body>
                    <file>...</file>
                    <author>...</author>
                    <email>...</email>
                    <time>2019-06-14T12:56:11Z</time>
                    <children/>
                  </puzzle>
                </children>
              </puzzle>
              <puzzle alive="false">
                <issue href="https://github.com/sunsofterp/portal/issues/265" closed="2019-06-14T16:01:03+00:00">265</issue>
                <ticket>253</ticket>
                <estimate>30</estimate>
                <role>DEV</role>
                <id>253-b0ccfa26</id>
                <lines>18-23</lines>
                <body>...</body>
                <file>...</file>
                <author>...</author>
                <email>...</email>
                <time>2019-05-29T08:34:10Z</time>
                <children>
                  <puzzle alive="false">
                    <issue href="https://github.com/sunsofterp/portal/issues/289" closed="2019-07-19T13:29:44+00:00">289</issue>
                    <ticket>265</ticket>
                    <estimate>30</estimate>
                    <role>DEV</role>
                    <id>265-50ffa8fb</id>
                    <lines>25-29</lines>
                    <body>...</body>
                    <file>...</file>
                    <author>...</author>
                    <email>...</email>
                    <time>2019-06-14T15:02:49Z</time>
                    <children/>
                  </puzzle>
                </children>
              </puzzle>
              <puzzle alive="false">
                <issue href="https://github.com/sunsofterp/portal/issues/266" closed="2019-07-10T15:51:02+00:00">266</issue>
                <ticket>253</ticket>
                <estimate>30</estimate>
                <role>DEV</role>
                <id>253-a7772434</id>
                <lines>15-18</lines>
                <body>...</body>
                <file>...</file>
                <author>...</author>
                <email>...</email>
                <time>2019-05-29T08:34:10Z</time>
                <children>
                  <puzzle alive="false">
                    <issue href="https://github.com/sunsofterp/portal/issues/306" closed="2019-07-10T18:27:54+00:00">306</issue>
                    <ticket>266</ticket>
                    <estimate>30</estimate>
                    <role>DEV</role>
                    <id>266-0e6ca37d</id>
                    <lines>14-18</lines>
                    <body>...</body>
                    <file>...</file>
                    <author>...</author>
                    <email>...</email>
                    <time>2019-07-10T15:48:47Z</time>
                    <children/>
                  </puzzle>
                </children>
              </puzzle>
            </children>
          </puzzle>
        </children>
      </puzzle>
      <puzzle alive="false">
        <issue href="https://github.com/sunsofterp/portal/issues/235" closed="2019-08-19T08:07:59+00:00">235</issue>
        <ticket>220</ticket>
        <estimate>30</estimate>
        <role>DEV</role>
        <id>220-7eb51993</id>
        <lines>28-30</lines>
        <body>...</body>
        <file>...</file>
        <author>...</author>
        <email>...</email>
        <time>2019-04-19T15:47:16Z</time>
        <children/>
      </puzzle>
      <puzzle alive="false">
        <issue href="https://github.com/sunsofterp/portal/issues/236" closed="2019-05-28T09:00:28+00:00">236</issue>
        <ticket>220</ticket>
        <estimate>30</estimate>
        <role>DEV</role>
        <id>220-63f8dcdc</id>
        <lines>28-30</lines>
        <body>...</body>
        <file>...</file>
        <author>...</author>
        <email>...</email>
        <time>2019-04-19T15:47:16Z</time>
        <children/>
      </puzzle>
      <puzzle alive="false">
        <issue href="https://github.com/sunsofterp/portal/issues/237" closed="2019-04-25T10:27:56+00:00">237</issue>
        <ticket>220</ticket>
        <estimate>30</estimate>
        <role>DEV</role>
        <id>220-b5807f2e</id>
        <lines>17-19</lines>
        <body>...</body>
        <file>...</file>
        <author>...</author>
        <email>...</email>
        <time>2019-04-19T15:59:25Z</time>
        <children>
          <puzzle alive="false">
            <issue href="https://github.com/sunsofterp/portal/issues/240" closed="2019-05-09T08:49:00+00:00">240</issue>
            <ticket>237</ticket>
            <estimate>30</estimate>
            <role>DEV</role>
            <id>237-2eeb18de</id>
            <lines>178-182</lines>
            <body>...</body>
            <file>...</file>
            <author>...</author>
            <email>...</email>
            <time>2019-04-25T10:26:34Z</time>
            <children>
              <puzzle alive="false">
                <issue href="https://github.com/sunsofterp/portal/issues/248" closed="2019-05-21T07:59:19+00:00">248</issue>
                <ticket>240</ticket>
                <estimate>30</estimate>
                <role>DEV</role>
                <id>240-87b4891a</id>
                <lines>178-182</lines>
                <body>...</body>
                <file>...</file>
                <author>...</author>
                <email>...</email>
                <time>2019-05-09T08:40:53Z</time>
                <children>
                  <puzzle alive="false">
                    <issue href="https://github.com/sunsofterp/portal/issues/258" closed="2019-07-11T18:10:32+00:00">258</issue>
                    <ticket>248</ticket>
                    <estimate>30</estimate>
                    <role>DEV</role>
                    <id>248-44bf3c5f</id>
                    <lines>136-139</lines>
                    <body>...</body>
                    <file>...</file>
                    <author>...</author>
                    <email>...</email>
                    <time>2019-05-21T07:52:59Z</time>
                    <children/>
                  </puzzle>
                </children>
              </puzzle>
            </children>
          </puzzle>
        </children>
      </puzzle>
    </children>
  </puzzle>
  <puzzle alive="false">
    <issue href="https://github.com/sunsofterp/portal/issues/278" closed="2019-07-24T09:30:05+00:00">278</issue>
    <ticket>268</ticket>
    <estimate>30</estimate>
    <role>DEV</role>
    <id>268-e738ce2b</id>
    <lines>107-111</lines>
    <body>...</body>
    <file>...</file>
    <author>...</author>
    <email>...</email>
    <time>2019-06-06T15:20:07Z</time>
    <children>
      <puzzle alive="false">
        <issue href="https://github.com/sunsofterp/portal/issues/322" closed="2019-07-30T15:34:37+00:00">322</issue>
        <ticket>278</ticket>
        <estimate>30</estimate>
        <role>DEV</role>
        <id>278-00904410</id>
        <lines>38-40</lines>
        <body>...</body>
        <file>...</file>
        <author>...</author>
        <email>...</email>
        <time>2019-07-24T09:27:14Z</time>
        <children/>
      </puzzle>
    </children>
  </puzzle>
  <puzzle alive="false">
    <issue href="https://github.com/sunsofterp/portal/issues/279" closed="2019-07-17T14:23:21+00:00">279</issue>
    <ticket>268</ticket>
    <estimate>30</estimate>
    <role>DEV</role>
    <id>268-b9bf4241</id>
    <lines>119-122</lines>
    <body>...</body>
    <file>...</file>
    <author>...</author>
    <email>...</email>
    <time>2019-06-06T15:20:07Z</time>
    <children>
      <puzzle alive="false">
        <issue href="https://github.com/sunsofterp/portal/issues/314" closed="2019-07-22T09:14:18+00:00">314</issue>
        <ticket>279</ticket>
        <estimate>30</estimate>
        <role>DEV</role>
        <id>279-ec9e4920</id>
        <lines>17-19</lines>
        <body>...</body>
        <file>...</file>
        <author>...</author>
        <email>...</email>
        <time>2019-07-17T14:20:32Z</time>
        <children/>
      </puzzle>
    </children>
  </puzzle>
  <puzzle alive="false">
    <issue href="https://github.com/sunsofterp/portal/issues/293" closed="2019-06-21T18:07:12+00:00">293</issue>
    <ticket>267</ticket>
    <estimate>30</estimate>
    <role>DEV</role>
    <id>267-39fefd7d</id>
    <lines>38-40</lines>
    <body>...</body>
    <file>...</file>
    <author>...</author>
    <email>...</email>
    <time>2019-06-20T14:48:14Z</time>
    <children>
      <puzzle alive="false">
        <issue href="https://github.com/sunsofterp/portal/issues/295" closed="2019-07-17T14:43:56+00:00">295</issue>
        <ticket>293</ticket>
        <estimate>30</estimate>
        <role>DEV</role>
        <id>293-ca07f094</id>
        <lines>38-40</lines>
        <body>...</body>
        <file>...</file>
        <author>...</author>
        <email>...</email>
        <time>2019-06-21T18:04:19Z</time>
        <children>
          <puzzle alive="false">
            <issue href="https://github.com/sunsofterp/portal/issues/315" closed="2020-08-05T05:01:42+00:00">315</issue>
            <ticket>295</ticket>
            <estimate>30</estimate>
            <role>DEV</role>
            <id>295-1fc3baac</id>
            <lines>38-41</lines>
            <body>...</body>
            <file>...</file>
            <author>...</author>
            <email>...</email>
            <time>2019-07-16T09:47:05Z</time>
            <children/>
          </puzzle>
          <puzzle alive="false">
            <issue href="https://github.com/sunsofterp/portal/issues/316" closed="2019-08-07T19:38:27+00:00">316</issue>
            <ticket>295</ticket>
            <estimate>30</estimate>
            <role>DEV</role>
            <id>295-c87ef633</id>
            <lines>42-44</lines>
            <body>...</body>
            <file>...</file>
            <author>...</author>
            <email>...</email>
            <time>2019-07-16T09:47:05Z</time>
            <children/>
          </puzzle>
        </children>
      </puzzle>
    </children>
  </puzzle>
  <puzzle alive="false">
    <issue href="https://github.com/sunsofterp/portal/issues/303" closed="2019-07-10T14:09:45+00:00">303</issue>
    <ticket>299</ticket>
    <estimate>30</estimate>
    <role>DEV</role>
    <id>299-ddcf3fff</id>
    <lines>55-59</lines>
    <body>...</body>
    <file>...</file>
    <author>...</author>
    <email>...</email>
    <time>2019-07-08T16:09:28Z</time>
    <children/>
  </puzzle>
  <puzzle alive="false">
    <issue>unknown</issue>
    <ticket>319</ticket>
    <estimate>30</estimate>
    <role>DEV</role>
    <id>319-62ab2ef6</id>
    <lines>203-206</lines>
    <body>...</body>
    <file>...</file>
    <author>...</author>
    <email>...</email>
    <time>2019-07-27T07:28:37Z</time>
    <children/>
  </puzzle>
  <puzzle alive="false">
    <issue href="https://github.com/sunsofterp/portal/issues/333" closed="2019-08-10T10:23:55+00:00">333</issue>
    <ticket>331</ticket>
    <estimate>30</estimate>
    <role>DEV</role>
    <id>331-a3e13783</id>
    <lines>42-44</lines>
    <body>...</body>
    <file>...</file>
    <author>...</author>
    <email>...</email>
    <time>2019-08-07T10:00:27Z</time>
    <children>
      <puzzle alive="false">
        <issue href="https://github.com/sunsofterp/portal/issues/340" closed="2019-08-10T11:36:06+00:00">340</issue>
        <ticket>333</ticket>
        <estimate>30</estimate>
        <role>DEV</role>
        <id>333-1963c76f</id>
        <lines>41-49</lines>
        <body>...</body>
        <file>...</file>
        <author>...</author>
        <email>...</email>
        <time>2019-08-10T10:20:47Z</time>
        <children>
          <puzzle alive="false">
            <issue href="https://github.com/sunsofterp/portal/issues/341" closed="2019-08-10T21:13:31+00:00">341</issue>
            <ticket>340</ticket>
            <estimate>30</estimate>
            <role>DEV</role>
            <id>340-d31bbb24</id>
            <lines>41-46</lines>
            <body>...</body>
            <file>...</file>
            <author>...</author>
            <email>...</email>
            <time>2019-08-10T11:18:05Z</time>
            <children/>
          </puzzle>
        </children>
      </puzzle>
    </children>
  </puzzle>
  <puzzle alive="false">
    <issue href="https://github.com/sunsofterp/portal/issues/336" closed="2019-08-29T12:30:00+00:00">336</issue>
    <ticket>311</ticket>
    <estimate>30</estimate>
    <role>DEV</role>
    <id>311-98da0b36</id>
    <lines>40-42</lines>
    <body>...</body>
    <file>...</file>
    <author>...</author>
    <email>...</email>
    <time>2019-08-07T22:36:01Z</time>
    <children/>
  </puzzle>
  <puzzle alive="false">
    <issue href="https://github.com/sunsofterp/portal/issues/337" closed="2019-08-27T10:22:06+00:00">337</issue>
    <ticket>311</ticket>
    <estimate>30</estimate>
    <role>DEV</role>
    <id>311-c776eb0b</id>
    <lines>21-23</lines>
    <body>...</body>
    <file>...</file>
    <author>...</author>
    <email>...</email>
    <time>2019-08-07T22:36:01Z</time>
    <children/>
  </puzzle>
  <puzzle alive="false">
    <issue href="https://github.com/sunsofterp/portal/issues/363" closed="2019-09-11T13:46:25+00:00">363</issue>
    <ticket>353</ticket>
    <estimate>30</estimate>
    <role>DEV</role>
    <id>353-acbd36a2</id>
    <lines>9-16</lines>
    <body>...</body>
    <file>...</file>
    <author>...</author>
    <email>...</email>
    <time>2019-09-03T12:33:42Z</time>
    <children>
      <puzzle alive="false">
        <issue href="https://github.com/sunsofterp/portal/issues/372" closed="2019-09-15T12:38:34+00:00">372</issue>
        <ticket>363</ticket>
        <estimate>30</estimate>
        <role>DEV</role>
        <id>363-f88344d3</id>
        <lines>9-18</lines>
        <body>...</body>
        <file>...</file>
        <author>...</author>
        <email>...</email>
        <time>2019-09-11T13:42:59Z</time>
        <children>
          <puzzle alive="false">
            <issue href="https://github.com/sunsofterp/portal/issues/374" closed="2019-10-01T19:32:34+00:00">374</issue>
            <ticket>372</ticket>
            <estimate>30</estimate>
            <role>DEV</role>
            <id>372-da2c1fe9</id>
            <lines>9-17</lines>
            <body>...</body>
            <file>...</file>
            <author>...</author>
            <email>...</email>
            <time>2019-09-15T12:35:27Z</time>
            <children>
              <puzzle alive="false">
                <issue href="https://github.com/sunsofterp/portal/issues/393" closed="2019-11-06T08:15:22+00:00">393</issue>
                <ticket>374</ticket>
                <estimate>30</estimate>
                <role>DEV</role>
                <id>374-90bf8581</id>
                <lines>9-16</lines>
                <body>...</body>
                <file>...</file>
                <author>...</author>
                <email>...</email>
                <time>2019-09-22T05:41:18Z</time>
                <children/>
              </puzzle>
              <puzzle alive="false">
                <issue href="https://github.com/sunsofterp/portal/issues/394" closed="2019-10-11T10:10:25+00:00">394</issue>
                <ticket>374</ticket>
                <estimate>30</estimate>
                <role>DEV</role>
                <id>374-0f42f602</id>
                <lines>23-25</lines>
                <body>...</body>
                <file>...</file>
                <author>...</author>
                <email>...</email>
                <time>2019-10-01T18:26:30Z</time>
                <children>
                  <puzzle alive="false">
                    <issue href="https://github.com/sunsofterp/portal/issues/408" closed="2019-10-13T08:52:31+00:00">408</issue>
                    <ticket>394</ticket>
                    <estimate>30</estimate>
                    <role>DEV</role>
                    <id>394-080d3cd2</id>
                    <lines>15-19</lines>
                    <body>...</body>
                    <file>...</file>
                    <author>...</author>
                    <email>...</email>
                    <time>2019-10-11T10:06:47Z</time>
                    <children>
                      <puzzle alive="false">
                        <issue href="https://github.com/sunsofterp/portal/issues/410" closed="2019-10-15T05:36:37+00:00">410</issue>
                        <ticket>408</ticket>
                        <estimate>30</estimate>
                        <role>DEV</role>
                        <id>408-5888824d</id>
                        <lines>17-18</lines>
                        <body>...</body>
                        <file>...</file>
                        <author>...</author>
                        <email>...</email>
                        <time>2019-10-13T08:49:21Z</time>
                        <children/>
                      </puzzle>
                    </children>
                  </puzzle>
                </children>
              </puzzle>
            </children>
          </puzzle>
        </children>
      </puzzle>
    </children>
  </puzzle>
  <puzzle alive="false">
    <issue href="https://github.com/sunsofterp/portal/issues/364" closed="2019-09-10T08:43:18+00:00">364</issue>
    <ticket>353</ticket>
    <estimate>30</estimate>
    <role>DEV</role>
    <id>353-1d40882c</id>
    <lines>18-24</lines>
    <body>...</body>
    <file>...</file>
    <author>...</author>
    <email>...</email>
    <time>2019-09-03T12:33:42Z</time>
    <children/>
  </puzzle>
  <puzzle alive="false">
    <issue href="https://github.com/sunsofterp/portal/issues/367" closed="2020-04-03T11:35:07+00:00">367</issue>
    <ticket>351</ticket>
    <estimate>30</estimate>
    <role>DEV</role>
    <id>351-d17bb24b</id>
    <lines>14-17</lines>
    <body>...</body>
    <file>...</file>
    <author>...</author>
    <email>...</email>
    <time>2019-09-04T09:15:30Z</time>
    <children/>
  </puzzle>
  <puzzle alive="false">
    <issue href="https://github.com/sunsofterp/portal/issues/368" closed="2019-09-19T13:20:37+00:00">368</issue>
    <ticket>351</ticket>
    <estimate>30</estimate>
    <role>DEV</role>
    <id>351-e5e39346</id>
    <lines>20-23</lines>
    <body>...</body>
    <file>...</file>
    <author>...</author>
    <email>...</email>
    <time>2019-09-04T09:15:30Z</time>
    <children/>
  </puzzle>
  <puzzle alive="false">
    <issue href="https://github.com/sunsofterp/portal/issues/381" closed="2019-09-30T08:16:54+00:00">381</issue>
    <ticket>377</ticket>
    <estimate>30</estimate>
    <role>DEV</role>
    <id>377-a4fd661c</id>
    <lines>35-43</lines>
    <body>...</body>
    <file>...</file>
    <author>...</author>
    <email>...</email>
    <time>2019-09-24T09:33:30Z</time>
    <children/>
  </puzzle>
  <puzzle alive="false">
    <issue href="https://github.com/sunsofterp/portal/issues/384" closed="2019-10-02T09:49:02+00:00">384</issue>
    <ticket>356</ticket>
    <estimate>30</estimate>
    <role>DEV</role>
    <id>356-50a8954e</id>
    <lines>160-165</lines>
    <body>...</body>
    <file>...</file>
    <author>...</author>
    <email>...</email>
    <time>2019-09-25T17:09:01Z</time>
    <children>
      <puzzle alive="false">
        <issue href="https://github.com/sunsofterp/portal/issues/395" closed="2019-10-07T12:23:01+00:00">395</issue>
        <ticket>384</ticket>
        <estimate>30</estimate>
        <role>DEV</role>
        <id>384-ce1b1852</id>
        <lines>122-123</lines>
        <body>...</body>
        <file>...</file>
        <author>...</author>
        <email>...</email>
        <time>2019-10-02T09:45:43Z</time>
        <children/>
      </puzzle>
    </children>
  </puzzle>
  <puzzle alive="false">
    <issue href="https://github.com/sunsofterp/portal/issues/385" closed="2019-09-28T18:33:30+00:00">385</issue>
    <ticket>356</ticket>
    <estimate>30</estimate>
    <role>DEV</role>
    <id>356-00098841</id>
    <lines>19-22</lines>
    <body>...</body>
    <file>...</file>
    <author>...</author>
    <email>...</email>
    <time>2019-09-25T17:09:01Z</time>
    <children>
      <puzzle alive="false">
        <issue href="https://github.com/sunsofterp/portal/issues/390" closed="2019-10-14T09:35:22+00:00">390</issue>
        <ticket>385</ticket>
        <estimate>30</estimate>
        <role>DEV</role>
        <id>385-012e9404</id>
        <lines>4-10</lines>
        <body>...</body>
        <file>...</file>
        <author>...</author>
        <email>...</email>
        <time>2019-09-28T18:30:10Z</time>
        <children>
          <puzzle alive="false">
            <issue href="https://github.com/sunsofterp/portal/issues/412" closed="2019-10-23T11:03:25+00:00">412</issue>
            <ticket>390</ticket>
            <estimate>30</estimate>
            <role>DEV</role>
            <id>390-0a03d782</id>
            <lines>4-6</lines>
            <body>...</body>
            <file>...</file>
            <author>...</author>
            <email>...</email>
            <time>2019-10-14T09:32:03Z</time>
            <children>
              <puzzle alive="false">
                <issue href="https://github.com/sunsofterp/portal/issues/420" closed="2019-11-06T09:08:44+00:00">420</issue>
                <ticket>412</ticket>
                <estimate>30</estimate>
                <role>DEV</role>
                <id>412-a649ff9d</id>
                <lines>10-13</lines>
                <body>...</body>
                <file>...</file>
                <author>...</author>
                <email>...</email>
                <time>2019-10-21T07:11:08Z</time>
                <children/>
              </puzzle>
            </children>
          </puzzle>
        </children>
      </puzzle>
    </children>
  </puzzle>
  <puzzle alive="false">
    <issue href="https://github.com/sunsofterp/portal/issues/391" closed="2019-10-18T17:22:12+00:00">391</issue>
    <ticket>387</ticket>
    <estimate>30</estimate>
    <role>DEV</role>
    <id>387-72cbe5b7</id>
    <lines>18-22</lines>
    <body>...</body>
    <file>...</file>
    <author>...</author>
    <email>...</email>
    <time>2019-10-01T08:54:40Z</time>
    <children/>
  </puzzle>
  <puzzle alive="false">
    <issue href="https://github.com/sunsofterp/portal/issues/396" closed="2019-10-03T18:39:46+00:00">396</issue>
    <ticket>356</ticket>
    <estimate>30</estimate>
    <role>DEV</role>
    <id>356-af663c24</id>
    <lines>442-447</lines>
    <body>...</body>
    <file>...</file>
    <author>...</author>
    <email>...</email>
    <time>2019-10-02T09:45:43Z</time>
    <children>
      <puzzle alive="false">
        <issue href="https://github.com/sunsofterp/portal/issues/400" closed="2019-10-15T07:29:52+00:00">400</issue>
        <ticket>396</ticket>
        <estimate>30</estimate>
        <role>DEV</role>
        <id>396-d85224db</id>
        <lines>515-522</lines>
        <body>...</body>
        <file>...</file>
        <author>...</author>
        <email>...</email>
        <time>2019-10-03T18:36:34Z</time>
        <children>
          <puzzle alive="false">
            <issue href="https://github.com/sunsofterp/portal/issues/415" closed="2019-11-06T07:55:00+00:00">415</issue>
            <ticket>400</ticket>
            <estimate>30</estimate>
            <role>DEV</role>
            <id>400-eec082dc</id>
            <lines>515-518</lines>
            <body>...</body>
            <file>...</file>
            <author>...</author>
            <email>...</email>
            <time>2019-10-14T11:12:37Z</time>
            <children/>
          </puzzle>
        </children>
      </puzzle>
    </children>
  </puzzle>
  <puzzle alive="false">
    <issue href="https://github.com/sunsofterp/portal/issues/404" closed="2019-11-13T09:03:52+00:00">404</issue>
    <ticket>380</ticket>
    <estimate>30</estimate>
    <role>DEV</role>
    <id>380-0d6be33e</id>
    <lines>33-43</lines>
    <body>...</body>
    <file>...</file>
    <author>...</author>
    <email>...</email>
    <time>2019-10-04T08:02:27Z</time>
    <children>
      <puzzle alive="false">
        <issue href="https://github.com/sunsofterp/portal/issues/438" closed="2019-12-26T07:20:20+00:00">438</issue>
        <ticket>404</ticket>
        <estimate>30</estimate>
        <role>DEV</role>
        <id>404-c2ef43dd</id>
        <lines>30-41</lines>
        <body>...</body>
        <file>...</file>
        <author>...</author>
        <email>...</email>
        <time>2019-11-01T11:34:47Z</time>
        <children>
          <puzzle alive="false">
            <issue href="https://github.com/sunsofterp/portal/issues/472" closed="2020-01-21T13:17:31+00:00">472</issue>
            <ticket>438</ticket>
            <estimate>30</estimate>
            <role>DEV</role>
            <id>438-cfe73d0f</id>
            <lines>29-35</lines>
            <body>...</body>
            <file>...</file>
            <author>...</author>
            <email>...</email>
            <time>2019-12-06T11:34:03Z</time>
            <children/>
          </puzzle>
          <puzzle alive="false">
            <issue href="https://github.com/sunsofterp/portal/issues/473" closed="2020-01-12T08:37:15+00:00">473</issue>
            <ticket>438</ticket>
            <estimate>30</estimate>
            <role>DEV</role>
            <id>438-c9cbec05</id>
            <lines>69-78</lines>
            <body>...</body>
            <file>...</file>
            <author>...</author>
            <email>...</email>
            <time>2019-12-13T09:25:07Z</time>
            <children/>
          </puzzle>
          <puzzle alive="false">
            <issue href="https://github.com/sunsofterp/portal/issues/474" closed="2020-02-04T13:16:38+00:00">474</issue>
            <ticket>438</ticket>
            <estimate>30</estimate>
            <role>DEV</role>
            <id>438-bb60fa76</id>
            <lines>116-119</lines>
            <body>...</body>
            <file>...</file>
            <author>...</author>
            <email>...</email>
            <time>2019-12-24T08:23:05Z</time>
            <children>
              <puzzle alive="false">
                <issue href="https://github.com/sunsofterp/portal/issues/504" closed="2020-02-12T08:58:31+00:00">504</issue>
                <ticket>474</ticket>
                <estimate>30</estimate>
                <role>DEV</role>
                <id>474-01d0f4ad</id>
                <lines>14-17</lines>
                <body>...</body>
                <file>...</file>
                <author>...</author>
                <email>...</email>
                <time>2020-01-31T10:27:40Z</time>
                <children/>
              </puzzle>
            </children>
          </puzzle>
        </children>
      </puzzle>
      <puzzle alive="false">
        <issue href="https://github.com/sunsofterp/portal/issues/439" closed="2019-12-06T10:15:07+00:00">439</issue>
        <ticket>404</ticket>
        <estimate>30</estimate>
        <role>DEV</role>
        <id>404-64c32289</id>
        <lines>22-26</lines>
        <body>...</body>
        <file>...</file>
        <author>...</author>
        <email>...</email>
        <time>2019-11-08T14:13:45Z</time>
        <children/>
      </puzzle>
    </children>
  </puzzle>
  <puzzle alive="false">
    <issue href="https://github.com/sunsofterp/portal/issues/405" closed="2019-12-20T18:42:49+00:00">405</issue>
    <ticket>380</ticket>
    <estimate>30</estimate>
    <role>DEV</role>
    <id>380-1205da83</id>
    <lines>32-42</lines>
    <body>...</body>
    <file>...</file>
    <author>...</author>
    <email>...</email>
    <time>2019-10-04T08:02:27Z</time>
    <children>
      <puzzle alive="false">
        <issue href="https://github.com/sunsofterp/portal/issues/470" closed="2020-02-07T15:18:49+00:00">470</issue>
        <ticket>405</ticket>
        <estimate>30</estimate>
        <role>DEV</role>
        <id>405-c7b899a2</id>
        <lines>64-70</lines>
        <body>...</body>
        <file>...</file>
        <author>...</author>
        <email>...</email>
        <time>2019-12-20T17:37:04Z</time>
        <children/>
      </puzzle>
      <puzzle alive="false">
        <issue href="https://github.com/sunsofterp/portal/issues/471" closed="2020-01-27T20:19:40+00:00">471</issue>
        <ticket>405</ticket>
        <estimate>30</estimate>
        <role>DEV</role>
        <id>405-187623e5</id>
        <lines>88-90</lines>
        <body>...</body>
        <file>...</file>
        <author>...</author>
        <email>...</email>
        <time>2019-12-20T17:37:04Z</time>
        <children>
          <puzzle alive="true">
            <issue href="https://github.com/sunsofterp/portal/issues/500">500</issue>
            <ticket>471</ticket>
            <estimate>30</estimate>
            <role>DEV</role>
            <id>471-15503246</id>
            <lines>88-90</lines>
            <body>...</body>
            <file>...</file>
            <author>...</author>
            <email>...</email>
            <time>2020-01-20T06:00:57Z</time>
            <children/>
          </puzzle>
        </children>
      </puzzle>
    </children>
  </puzzle>
  <puzzle alive="false">
    <issue href="https://github.com/sunsofterp/portal/issues/406" closed="2019-12-06T10:15:15+00:00">406</issue>
    <ticket>380</ticket>
    <estimate>30</estimate>
    <role>DEV</role>
    <id>380-61cd5512</id>
    <lines>36-46</lines>
    <body>...</body>
    <file>...</file>
    <author>...</author>
    <email>...</email>
    <time>2019-10-04T08:02:27Z</time>
    <children>
      <puzzle alive="false">
        <issue href="https://github.com/sunsofterp/portal/issues/456" closed="2020-01-21T13:32:09+00:00">456</issue>
        <ticket>406</ticket>
        <estimate>30</estimate>
        <role>DEV</role>
        <id>406-2c80a7a6</id>
        <lines>32-63</lines>
        <body>...</body>
        <file>...</file>
        <author>...</author>
        <email>...</email>
        <time>2019-12-01T18:22:09Z</time>
        <children>
          <puzzle alive="false">
            <issue href="https://github.com/sunsofterp/portal/issues/498" closed="2020-02-04T07:49:09+00:00">498</issue>
            <ticket>456</ticket>
            <estimate>30</estimate>
            <role>DEV</role>
            <id>456-c637fd8c</id>
            <lines>32-48</lines>
            <body>...</body>
            <file>...</file>
            <author>...</author>
            <email>...</email>
            <time>2020-01-09T05:58:46Z</time>
            <children>
              <puzzle alive="false">
                <issue href="https://github.com/sunsofterp/portal/issues/503" closed="2020-03-08T14:16:40+00:00">503</issue>
                <ticket>498</ticket>
                <estimate>30</estimate>
                <role>DEV</role>
                <id>498-ae863f41</id>
                <lines>32-47</lines>
                <body>...</body>
                <file>...</file>
                <author>...</author>
                <email>...</email>
                <time>2020-02-01T13:58:00Z</time>
                <children>
                  <puzzle alive="false">
                    <issue href="https://github.com/sunsofterp/portal/issues/511" closed="2020-07-31T16:48:08+00:00">511</issue>
                    <ticket>503</ticket>
                    <estimate>30</estimate>
                    <role>DEV</role>
                    <id>503-6b7c3098</id>
                    <lines>24-41</lines>
                    <body>...</body>
                    <file>...</file>
                    <author>...</author>
                    <email>...</email>
                    <time>2020-03-08T14:10:11Z</time>
                    <children>
                      <puzzle alive="true">
                        <issue href="https://github.com/sunsofterp/portal/issues/537">537</issue>
                        <ticket>511</ticket>
                        <estimate>30</estimate>
                        <role>DEV</role>
                        <id>511-021add87</id>
                        <lines>8-11</lines>
                        <body>...</body>
                        <file>...</file>
                        <author>...</author>
                        <email>...</email>
                        <time>2020-07-30T11:47:12Z</time>
                        <children/>
                      </puzzle>
                    </children>
                  </puzzle>
                </children>
              </puzzle>
            </children>
          </puzzle>
        </children>
      </puzzle>
    </children>
  </puzzle>
  <puzzle alive="false">
    <issue href="https://github.com/sunsofterp/portal/issues/429" closed="2020-01-23T05:21:48+00:00">429</issue>
    <ticket>425</ticket>
    <estimate>30</estimate>
    <role>DEV</role>
    <id>425-a0088cac</id>
    <lines>22-31</lines>
    <body>...</body>
    <file>...</file>
    <author>...</author>
    <email>...</email>
    <time>2019-11-01T16:39:18Z</time>
    <children/>
  </puzzle>
  <puzzle alive="false">
    <issue href="https://github.com/sunsofterp/portal/issues/440" closed="2019-12-20T12:08:21+00:00">440</issue>
    <ticket>375</ticket>
    <estimate>30</estimate>
    <role>DEV</role>
    <id>375-8c385e5b</id>
    <lines>4-8</lines>
    <body>...</body>
    <file>...</file>
    <author>...</author>
    <email>...</email>
    <time>2019-10-01T18:15:33Z</time>
    <children>
      <puzzle alive="false">
        <issue href="https://github.com/sunsofterp/portal/issues/466" closed="2020-01-16T18:35:28+00:00">466</issue>
        <ticket>440</ticket>
        <estimate>30</estimate>
        <role>DEV</role>
        <id>440-43e97123</id>
        <lines>25-28</lines>
        <body>...</body>
        <file>...</file>
        <author>...</author>
        <email>...</email>
        <time>2019-12-20T10:52:32Z</time>
        <children>
          <puzzle alive="true">
            <issue href="https://github.com/sunsofterp/portal/issues/493">493</issue>
            <ticket>466</ticket>
            <estimate>30</estimate>
            <role>DEV</role>
            <id>466-64be6b8a</id>
            <lines>9-13</lines>
            <body>...</body>
            <file>...</file>
            <author>...</author>
            <email>...</email>
            <time>2020-01-16T18:29:34Z</time>
            <children/>
          </puzzle>
        </children>
      </puzzle>
      <puzzle alive="false">
        <issue href="https://github.com/sunsofterp/portal/issues/467" closed="2020-01-10T17:56:00+00:00">467</issue>
        <ticket>440</ticket>
        <estimate>30</estimate>
        <role>DEV</role>
        <id>440-540198f3</id>
        <lines>31-33</lines>
        <body>...</body>
        <file>...</file>
        <author>...</author>
        <email>...</email>
        <time>2019-12-20T10:52:32Z</time>
        <children/>
      </puzzle>
      <puzzle alive="true">
        <issue href="https://github.com/sunsofterp/portal/issues/468">468</issue>
        <ticket>440</ticket>
        <estimate>30</estimate>
        <role>DEV</role>
        <id>440-62fa08dd</id>
        <lines>145-152</lines>
        <body>...</body>
        <file>...</file>
        <author>...</author>
        <email>...</email>
        <time>2019-12-20T10:52:32Z</time>
        <children/>
      </puzzle>
      <puzzle alive="false">
        <issue href="https://github.com/sunsofterp/portal/issues/469" closed="2020-01-27T20:06:36+00:00">469</issue>
        <ticket>440</ticket>
        <estimate>30</estimate>
        <role>DEV</role>
        <id>440-a6c24954</id>
        <lines>157-158</lines>
        <body>...</body>
        <file>...</file>
        <author>...</author>
        <email>...</email>
        <time>2019-12-20T10:52:32Z</time>
        <children/>
      </puzzle>
    </children>
  </puzzle>
  <puzzle alive="false">
    <issue href="https://github.com/sunsofterp/portal/issues/443" closed="2019-11-22T09:15:06+00:00">443</issue>
    <ticket>441</ticket>
    <estimate>30</estimate>
    <role>DEV</role>
    <id>441-9bc7b8ed</id>
    <lines>56-59</lines>
    <body>...</body>
    <file>...</file>
    <author>...</author>
    <email>...</email>
    <time>2019-11-18T16:44:16Z</time>
    <children>
      <puzzle alive="false">
        <issue href="https://github.com/sunsofterp/portal/issues/449" closed="2019-12-06T08:09:31+00:00">449</issue>
        <ticket>443</ticket>
        <estimate>30</estimate>
        <role>DEV</role>
        <id>443-c6275613</id>
        <lines>93-95</lines>
        <body>...</body>
        <file>...</file>
        <author>...</author>
        <email>...</email>
        <time>2019-11-21T16:36:40Z</time>
        <children>
          <puzzle alive="false">
            <issue href="https://github.com/sunsofterp/portal/issues/455" closed="2019-12-28T15:14:13+00:00">455</issue>
            <ticket>449</ticket>
            <estimate>30</estimate>
            <role>DEV</role>
            <id>449-2a3e48e1</id>
            <lines>93-96</lines>
            <body>...</body>
            <file>...</file>
            <author>...</author>
            <email>...</email>
            <time>2019-12-06T08:03:20Z</time>
            <children/>
          </puzzle>
        </children>
      </puzzle>
    </children>
  </puzzle>
  <puzzle alive="false">
    <issue href="https://github.com/sunsofterp/portal/issues/464" closed="2019-12-18T15:36:07+00:00">464</issue>
    <ticket>458</ticket>
    <estimate>30</estimate>
    <role>DEV</role>
    <id>458-147ddacd</id>
    <lines>72-76</lines>
    <body>...</body>
    <file>...</file>
    <author>...</author>
    <email>...</email>
    <time>2019-12-18T15:34:28Z</time>
    <children/>
  </puzzle>
  <puzzle alive="false">
    <issue href="https://github.com/sunsofterp/portal/issues/476" closed="2020-07-13T08:57:57+00:00">476</issue>
    <ticket>445</ticket>
    <estimate>30</estimate>
    <role>DEV</role>
    <id>445-e83e1489</id>
    <lines>156-160</lines>
    <body>...</body>
    <file>...</file>
    <author>...</author>
    <email>...</email>
    <time>2019-12-17T14:01:45Z</time>
    <children/>
  </puzzle>
  <puzzle alive="false">
    <issue href="https://github.com/sunsofterp/portal/issues/481" closed="2020-01-13T08:22:38+00:00">481</issue>
    <ticket>436</ticket>
    <estimate>30</estimate>
    <role>DEV</role>
    <id>436-bf5c488d</id>
    <lines>107-112</lines>
    <body>...</body>
    <file>...</file>
    <author>...</author>
    <email>...</email>
    <time>2019-12-28T10:58:13Z</time>
    <children/>
  </puzzle>
  <puzzle alive="false">
    <issue href="https://github.com/sunsofterp/portal/issues/514" closed="2020-05-25T16:01:09+00:00">514</issue>
    <ticket>351</ticket>
    <estimate>30</estimate>
    <role>DEV</role>
    <id>351-5d86a3dd</id>
    <lines>14-25</lines>
    <body>...</body>
    <file>...</file>
    <author>...</author>
    <email>...</email>
    <time>2020-03-08T14:10:11Z</time>
    <children/>
  </puzzle>
  <puzzle alive="true">
    <issue href="https://github.com/sunsofterp/portal/issues/529">529</issue>
    <ticket>520</ticket>
    <estimate>30</estimate>
    <role>DEV</role>
    <id>520-22e81f43</id>
    <lines>27-28</lines>
    <body>...</body>
    <file>...</file>
    <author>...</author>
    <email>...</email>
    <time>2020-06-29T15:24:34Z</time>
    <children/>
  </puzzle>
  <puzzle alive="true">
    <issue href="https://github.com/sunsofterp/portal/issues/530">530</issue>
    <ticket>520</ticket>
    <estimate>30</estimate>
    <role>DEV</role>
    <id>520-bf5d7993</id>
    <lines>29-30</lines>
    <body>...</body>
    <file>...</file>
    <author>...</author>
    <email>...</email>
    <time>2020-06-29T15:24:34Z</time>
    <children/>
  </puzzle>
</puzzles>
