<?xml version="1.0"?>
<puzzles xmlns:xsi="http://www.w3.org/2001/XMLSchema-instance" xsi:noNamespaceSchemaLocation="http://www.0pdd.com/puzzles.xsd" date="2021-01-21T20:16:20+00:00" version="0.30.22">
  <puzzle alive="false">
    <issue href="https://github.com/sunsofterp/trx-enterprise-cookbook/issues/2" closed="2018-06-05T18:04:34+00:00">2</issue>
    <ticket>1</ticket>
    <estimate>30</estimate>
    <role>DEV</role>
    <id>1-db72a8b6</id>
    <lines>11-11</lines>
    <body>...</body>
    <file>...</file>
    <author>...</author>
    <email>...</email>
    <time>2018-05-27T09:38:00Z</time>
    <children>
      <puzzle alive="false">
        <issue href="https://github.com/sunsofterp/trx-enterprise-cookbook/issues/3" closed="2018-05-28T19:38:38+00:00">3</issue>
        <ticket>2</ticket>
        <estimate>30</estimate>
        <role>DEV</role>
        <id>2-22cbaf88</id>
        <lines>23-23</lines>
        <body>...</body>
        <file>...</file>
        <author>...</author>
        <email>...</email>
        <time>2018-05-27T09:38:00Z</time>
        <children/>
      </puzzle>
    </children>
  </puzzle>
  <puzzle alive="true">
    <issue href="https://github.com/sunsofterp/trx-enterprise-cookbook/issues/14">14</issue>
    <ticket>8</ticket>
    <estimate>30</estimate>
    <role>DEV</role>
    <id>8-26ba536b</id>
    <lines>7-7</lines>
    <body>...</body>
    <file>...</file>
    <author>...</author>
    <email>...</email>
    <time>2018-06-05T14:22:16Z</time>
    <children/>
  </puzzle>
  <puzzle alive="true">
    <issue href="https://github.com/sunsofterp/trx-enterprise-cookbook/issues/15">15</issue>
    <ticket>8</ticket>
    <estimate>30</estimate>
    <role>DEV</role>
    <id>8-f951f77f</id>
    <lines>7-7</lines>
    <body>...</body>
    <file>...</file>
    <author>...</author>
    <email>...</email>
    <time>2018-06-05T14:22:16Z</time>
    <children/>
  </puzzle>
  <puzzle alive="true">
    <issue href="https://github.com/sunsofterp/trx-enterprise-cookbook/issues/16">16</issue>
    <ticket>8</ticket>
    <estimate>30</estimate>
    <role>DEV</role>
    <id>8-21f3178c</id>
    <lines>1-1</lines>
    <body>...</body>
    <file>...</file>
    <author>...</author>
    <email>...</email>
    <time>2018-06-05T14:22:16Z</time>
    <children/>
  </puzzle>
  <puzzle alive="false">
    <issue href="https://github.com/sunsofterp/trx-enterprise-cookbook/issues/18" closed="2019-07-15T19:37:25+00:00">18</issue>
    <ticket>4</ticket>
    <estimate>30</estimate>
    <role>DEV</role>
    <id>4-087e4716</id>
    <lines>10-12</lines>
    <body>...</body>
    <file>...</file>
    <author>...</author>
    <email>...</email>
    <time>2018-06-08T04:59:16Z</time>
    <children/>
  </puzzle>
  <puzzle alive="false">
    <issue href="https://github.com/sunsofterp/trx-enterprise-cookbook/issues/46" closed="2021-01-20T01:08:36+00:00">46</issue>
    <ticket>4</ticket>
    <estimate>30</estimate>
    <role>DEV</role>
    <id>4-9bdadd83</id>
    <lines>10-16</lines>
    <body>...</body>
    <file>...</file>
    <author>...</author>
    <email>...</email>
    <time>2019-07-15T18:00:14Z</time>
    <children/>
  </puzzle>
  <puzzle alive="true">
    <issue href="https://github.com/sunsofterp/trx-enterprise-cookbook/issues/72">72</issue>
    <ticket>71</ticket>
    <estimate>30</estimate>
    <role>DEV</role>
    <id>71-09989fa2</id>
    <lines>31-34</lines>
    <body>...</body>
    <file>...</file>
    <author>...</author>
    <email>...</email>
    <time>2021-01-21T20:01:53Z</time>
    <children/>
  </puzzle>
</puzzles>
