<?xml version="1.0"?>
<puzzles xmlns:xsi="http://www.w3.org/2001/XMLSchema-instance" xsi:noNamespaceSchemaLocation="http://www.0pdd.com/puzzles.xsd" date="2021-02-01T23:35:43+00:00" version="0.30.22">
  <puzzle alive="false">
    <issue href="https://github.com/sunsofterp/trx-enterprise-inspec/issues/4" closed="2021-02-01T23:35:43+00:00">4</issue>
    <ticket>2</ticket>
    <estimate>30</estimate>
    <role>DEV</role>
    <id>2-07b37ee0</id>
    <lines>17-17</lines>
    <body>...</body>
    <file>...</file>
    <author>...</author>
    <email>...</email>
    <time>2018-06-08T02:39:24Z</time>
    <children/>
  </puzzle>
  <puzzle alive="true">
    <issue href="https://github.com/sunsofterp/trx-enterprise-inspec/issues/5">5</issue>
    <ticket>2</ticket>
    <estimate>30</estimate>
    <role>DEV</role>
    <id>2-526dc94b</id>
    <lines>43-43</lines>
    <body>...</body>
    <file>...</file>
    <author>...</author>
    <email>...</email>
    <time>2018-06-08T02:39:24Z</time>
    <children/>
  </puzzle>
  <puzzle alive="false">
    <issue href="https://github.com/sunsofterp/trx-enterprise-inspec/issues/6" closed="2018-06-08T16:38:25+00:00">6</issue>
    <ticket>1</ticket>
    <estimate>30</estimate>
    <role>DEV</role>
    <id>1-850f49e5</id>
    <lines>1-1</lines>
    <body>...</body>
    <file>...</file>
    <author>...</author>
    <email>...</email>
    <time>2018-06-08T02:39:24Z</time>
    <children/>
  </puzzle>
</puzzles>
