<?xml version="1.0"?>
<puzzles xmlns:xsi="http://www.w3.org/2001/XMLSchema-instance" xsi:noNamespaceSchemaLocation="http://www.0pdd.com/puzzles.xsd" date="2018-08-15T12:05:46+00:00" version="0.30.3">
  <puzzle alive="false">
    <issue href="https://github.com/janczer/magisterka/issues/3" closed="2017-12-14T16:01:44+00:00">3</issue>
    <ticket>1</ticket>
    <estimate>15</estimate>
    <role>IMP</role>
    <id>1-7e13e1a1</id>
    <lines>36-36</lines>
    <body>...</body>
    <file>...</file>
    <author>...</author>
    <email>...</email>
    <time>2017-12-12T10:11:23Z</time>
    <children/>
  </puzzle>
  <puzzle alive="false">
    <issue href="https://github.com/janczer/magisterka/issues/4" closed="2017-12-14T18:05:20+00:00">4</issue>
    <ticket>1</ticket>
    <estimate>30</estimate>
    <role>IMP</role>
    <id>1-d9bcad11</id>
    <lines>178-178</lines>
    <body>...</body>
    <file>...</file>
    <author>...</author>
    <email>...</email>
    <time>2017-12-14T16:45:04Z</time>
    <children>
      <puzzle alive="false">
        <issue href="https://github.com/janczer/magisterka/issues/6" closed="2017-12-14T19:05:55+00:00">6</issue>
        <ticket>4</ticket>
        <estimate>30</estimate>
        <role>IMP</role>
        <id>4-03305529</id>
        <lines>235-235</lines>
        <body>...</body>
        <file>...</file>
        <author>...</author>
        <email>...</email>
        <time>2017-12-14T18:05:10Z</time>
        <children/>
      </puzzle>
      <puzzle alive="false">
        <issue href="https://github.com/janczer/magisterka/issues/7" closed="2017-12-15T19:45:46+00:00">7</issue>
        <ticket>4</ticket>
        <estimate>30</estimate>
        <role>IMP</role>
        <id>4-b86f5644</id>
        <lines>236-236</lines>
        <body>...</body>
        <file>...</file>
        <author>...</author>
        <email>...</email>
        <time>2017-12-14T18:05:10Z</time>
        <children/>
      </puzzle>
      <puzzle alive="false">
        <issue href="https://github.com/janczer/magisterka/issues/8" closed="2017-12-15T20:45:46+00:00">8</issue>
        <ticket>4</ticket>
        <estimate>30</estimate>
        <role>IMP</role>
        <id>4-1b573d5c</id>
        <lines>237-237</lines>
        <body>...</body>
        <file>...</file>
        <author>...</author>
        <email>...</email>
        <time>2017-12-14T18:05:10Z</time>
        <children>
          <puzzle alive="false">
            <issue href="https://github.com/janczer/magisterka/issues/19" closed="2018-01-02T13:12:41+00:00">19</issue>
            <ticket>8</ticket>
            <estimate>30</estimate>
            <role>IMP</role>
            <id>8-97bc1072</id>
            <lines>262-262</lines>
            <body>...</body>
            <file>...</file>
            <author>...</author>
            <email>...</email>
            <time>2017-12-15T20:45:35Z</time>
            <children>
              <puzzle alive="false">
                <issue href="https://github.com/janczer/magisterka/issues/22" closed="2018-01-20T18:01:50+00:00">22</issue>
                <ticket>19</ticket>
                <estimate>30</estimate>
                <role>IMP</role>
                <id>19-65564ede</id>
                <lines>295-295</lines>
                <body>...</body>
                <file>...</file>
                <author>...</author>
                <email>...</email>
                <time>2018-01-01T21:16:23Z</time>
                <children/>
              </puzzle>
            </children>
          </puzzle>
          <puzzle alive="false">
            <issue href="https://github.com/janczer/magisterka/issues/20" closed="2018-01-20T18:01:51+00:00">20</issue>
            <ticket>8</ticket>
            <estimate>30</estimate>
            <role>IMP</role>
            <id>8-3dcf98d9</id>
            <lines>263-263</lines>
            <body>...</body>
            <file>...</file>
            <author>...</author>
            <email>...</email>
            <time>2017-12-15T20:45:35Z</time>
            <children/>
          </puzzle>
        </children>
      </puzzle>
      <puzzle alive="false">
        <issue href="https://github.com/janczer/magisterka/issues/9" closed="2018-01-24T12:38:13+00:00">9</issue>
        <ticket>4</ticket>
        <estimate>30</estimate>
        <role>IMP</role>
        <id>4-0440ab87</id>
        <lines>238-238</lines>
        <body>...</body>
        <file>...</file>
        <author>...</author>
        <email>...</email>
        <time>2017-12-14T18:05:10Z</time>
        <children/>
      </puzzle>
      <puzzle alive="false">
        <issue href="https://github.com/janczer/magisterka/issues/14" closed="2018-01-20T18:01:53+00:00">14</issue>
        <ticket>4</ticket>
        <estimate>30</estimate>
        <role>IMP</role>
        <id>4-c889e28d</id>
        <lines>236-236</lines>
        <body>...</body>
        <file>...</file>
        <author>...</author>
        <email>...</email>
        <time>2017-12-14T19:05:41Z</time>
        <children/>
      </puzzle>
      <puzzle alive="false">
        <issue href="https://github.com/janczer/magisterka/issues/15" closed="2018-01-02T13:12:43+00:00">15</issue>
        <ticket>4</ticket>
        <estimate>15</estimate>
        <role>IMP</role>
        <id>4-7a62caa7</id>
        <lines>260-260</lines>
        <body>...</body>
        <file>...</file>
        <author>...</author>
        <email>...</email>
        <time>2017-12-15T19:45:33Z</time>
        <children/>
      </puzzle>
    </children>
  </puzzle>
  <puzzle alive="false">
    <issue href="https://github.com/janczer/magisterka/issues/5" closed="2017-12-14T18:05:22+00:00">5</issue>
    <ticket>1</ticket>
    <estimate>30</estimate>
    <role>IMP</role>
    <id>1-c3a8a290</id>
    <lines>245-245</lines>
    <body>...</body>
    <file>...</file>
    <author>...</author>
    <email>...</email>
    <time>2017-12-14T16:45:04Z</time>
    <children>
      <puzzle alive="false">
        <issue href="https://github.com/janczer/magisterka/issues/10" closed="2018-01-10T11:31:22+00:00">10</issue>
        <ticket>5</ticket>
        <estimate>30</estimate>
        <role>IMP</role>
        <id>5-f95f1c42</id>
        <lines>254-254</lines>
        <body>...</body>
        <file>...</file>
        <author>...</author>
        <email>...</email>
        <time>2017-12-14T18:05:10Z</time>
        <children/>
      </puzzle>
      <puzzle alive="false">
        <issue href="https://github.com/janczer/magisterka/issues/11" closed="2018-01-10T11:31:24+00:00">11</issue>
        <ticket>5</ticket>
        <estimate>30</estimate>
        <role>IMP</role>
        <id>5-a8c1b549</id>
        <lines>255-255</lines>
        <body>...</body>
        <file>...</file>
        <author>...</author>
        <email>...</email>
        <time>2017-12-14T18:05:10Z</time>
        <children>
          <puzzle alive="false">
            <issue href="https://github.com/janczer/magisterka/issues/16" closed="2018-01-20T18:01:54+00:00">16</issue>
            <ticket>11</ticket>
            <estimate>30</estimate>
            <role>IMP</role>
            <id>11-1deba7fc</id>
            <lines>254-254</lines>
            <body>...</body>
            <file>...</file>
            <author>...</author>
            <email>...</email>
            <time>2017-12-15T19:45:33Z</time>
            <children/>
          </puzzle>
          <puzzle alive="false">
            <issue href="https://github.com/janczer/magisterka/issues/17" closed="2018-01-03T09:29:52+00:00">17</issue>
            <ticket>11</ticket>
            <estimate>30</estimate>
            <role>IMP</role>
            <id>11-5d21a335</id>
            <lines>255-255</lines>
            <body>...</body>
            <file>...</file>
            <author>...</author>
            <email>...</email>
            <time>2017-12-15T19:45:33Z</time>
            <children/>
          </puzzle>
          <puzzle alive="false">
            <issue href="https://github.com/janczer/magisterka/issues/23" closed="2018-01-12T13:56:58+00:00">23</issue>
            <ticket>11</ticket>
            <estimate>30</estimate>
            <role>IMP</role>
            <id>11-8e1b5da4</id>
            <lines>22-22</lines>
            <body>...</body>
            <file>...</file>
            <author>...</author>
            <email>...</email>
            <time>2018-01-02T13:10:42Z</time>
            <children/>
          </puzzle>
          <puzzle alive="false">
            <issue href="https://github.com/janczer/magisterka/issues/24" closed="2018-01-29T11:28:00+00:00">24</issue>
            <ticket>11</ticket>
            <estimate>20</estimate>
            <role>IMP</role>
            <id>11-ffba02a2</id>
            <lines>208-208</lines>
            <body>...</body>
            <file>...</file>
            <author>...</author>
            <email>...</email>
            <time>2018-01-02T12:59:08Z</time>
            <children>
              <puzzle alive="false">
                <issue href="https://github.com/janczer/magisterka/issues/69" closed="2018-01-25T14:15:01+00:00">69</issue>
                <ticket>24</ticket>
                <estimate>30</estimate>
                <role>IMP</role>
                <id>24-4171684b</id>
                <lines>179-179</lines>
                <body>...</body>
                <file>...</file>
                <author>...</author>
                <email>...</email>
                <time>2018-01-24T12:38:02Z</time>
                <children/>
              </puzzle>
              <puzzle alive="false">
                <issue href="https://github.com/janczer/magisterka/issues/71" closed="2018-08-15T10:38:24+00:00">71</issue>
                <ticket>24</ticket>
                <estimate>30</estimate>
                <role>IMP</role>
                <id>24-7df1927e</id>
                <lines>180-180</lines>
                <body>...</body>
                <file>...</file>
                <author>...</author>
                <email>...</email>
                <time>2018-01-24T12:40:01Z</time>
                <children/>
              </puzzle>
              <puzzle alive="true">
                <issue href="https://github.com/janczer/magisterka/issues/72">72</issue>
                <ticket>24</ticket>
                <estimate>30</estimate>
                <role>IMP</role>
                <id>24-bda27b41</id>
                <lines>240-240</lines>
                <body>...</body>
                <file>...</file>
                <author>...</author>
                <email>...</email>
                <time>2018-01-25T14:14:50Z</time>
                <children/>
              </puzzle>
              <puzzle alive="true">
                <issue href="https://github.com/janczer/magisterka/issues/84">84</issue>
                <ticket>24</ticket>
                <estimate>30</estimate>
                <role>DEV</role>
                <id>24-1c1a8a0c</id>
                <lines>283-283</lines>
                <body>...</body>
                <file>...</file>
                <author>...</author>
                <email>...</email>
                <time>2018-08-15T10:37:59Z</time>
                <children/>
              </puzzle>
            </children>
          </puzzle>
          <puzzle alive="false">
            <issue href="https://github.com/janczer/magisterka/issues/43" closed="2018-02-28T19:54:41+00:00">43</issue>
            <ticket>11</ticket>
            <estimate>30</estimate>
            <role>IMP</role>
            <id>11-43e239d3</id>
            <lines>312-312</lines>
            <body>...</body>
            <file>...</file>
            <author>...</author>
            <email>...</email>
            <time>2018-01-10T11:31:06Z</time>
            <children/>
          </puzzle>
          <puzzle alive="false">
            <issue href="https://github.com/janczer/magisterka/issues/54" closed="2018-01-12T19:17:48+00:00">54</issue>
            <ticket>11</ticket>
            <estimate>30</estimate>
            <role>IMP</role>
            <id>11-417068b8</id>
            <lines>314-314</lines>
            <body>...</body>
            <file>...</file>
            <author>...</author>
            <email>...</email>
            <time>2018-01-12T08:59:50Z</time>
            <children/>
          </puzzle>
          <puzzle alive="false">
            <issue href="https://github.com/janczer/magisterka/issues/55" closed="2018-01-25T14:15:04+00:00">55</issue>
            <ticket>11</ticket>
            <estimate>30</estimate>
            <role>IMP</role>
            <id>11-69470f60</id>
            <lines>316-316</lines>
            <body>...</body>
            <file>...</file>
            <author>...</author>
            <email>...</email>
            <time>2018-01-12T08:59:50Z</time>
            <children/>
          </puzzle>
          <puzzle alive="false">
            <issue href="https://github.com/janczer/magisterka/issues/56" closed="2018-03-04T20:49:28+00:00">56</issue>
            <ticket>11</ticket>
            <estimate>30</estimate>
            <role>IMP</role>
            <id>11-99d239ab</id>
            <lines>318-318</lines>
            <body>...</body>
            <file>...</file>
            <author>...</author>
            <email>...</email>
            <time>2018-01-12T08:59:50Z</time>
            <children/>
          </puzzle>
          <puzzle alive="false">
            <issue href="https://github.com/janczer/magisterka/issues/58" closed="2018-01-25T14:15:07+00:00">58</issue>
            <ticket>11</ticket>
            <estimate>30</estimate>
            <role>IMP</role>
            <id>11-5abb682e</id>
            <lines>402-402</lines>
            <body>...</body>
            <file>...</file>
            <author>...</author>
            <email>...</email>
            <time>2018-01-12T19:17:38Z</time>
            <children/>
          </puzzle>
          <puzzle alive="true">
            <issue href="https://github.com/janczer/magisterka/issues/59">59</issue>
            <ticket>11</ticket>
            <estimate>10</estimate>
            <role>IMP</role>
            <id>11-95197b33</id>
            <lines>395-395</lines>
            <body>...</body>
            <file>...</file>
            <author>...</author>
            <email>...</email>
            <time>2018-01-13T21:52:52Z</time>
            <children/>
          </puzzle>
          <puzzle alive="true">
            <issue href="https://github.com/janczer/magisterka/issues/60">60</issue>
            <ticket>11</ticket>
            <estimate>30</estimate>
            <role>IMP</role>
            <id>11-ef83113a</id>
            <lines>426-426</lines>
            <body>...</body>
            <file>...</file>
            <author>...</author>
            <email>...</email>
            <time>2018-01-13T21:52:52Z</time>
            <children/>
          </puzzle>
          <puzzle alive="false">
            <issue href="https://github.com/janczer/magisterka/issues/61" closed="2018-02-24T11:08:19+00:00">61</issue>
            <ticket>11</ticket>
            <estimate>10</estimate>
            <role>IMP</role>
            <id>11-0767a1d0</id>
            <lines>11-11</lines>
            <body>...</body>
            <file>...</file>
            <author>...</author>
            <email>...</email>
            <time>2018-01-17T14:27:35Z</time>
            <children/>
          </puzzle>
          <puzzle alive="false">
            <issue href="https://github.com/janczer/magisterka/issues/62" closed="2018-01-24T12:53:47+00:00">62</issue>
            <ticket>11</ticket>
            <estimate>10</estimate>
            <role>IMP</role>
            <id>11-23382ac7</id>
            <lines>12-12</lines>
            <body>...</body>
            <file>...</file>
            <author>...</author>
            <email>...</email>
            <time>2018-01-17T14:27:35Z</time>
            <children/>
          </puzzle>
          <puzzle alive="false">
            <issue href="https://github.com/janczer/magisterka/issues/63" closed="2018-02-24T11:08:20+00:00">63</issue>
            <ticket>11</ticket>
            <estimate>30</estimate>
            <role>IMP</role>
            <id>11-3a29b5de</id>
            <lines>50-50</lines>
            <body>...</body>
            <file>...</file>
            <author>...</author>
            <email>...</email>
            <time>2018-01-18T16:13:41Z</time>
            <children/>
          </puzzle>
          <puzzle alive="false">
            <issue href="https://github.com/janczer/magisterka/issues/64" closed="2018-02-24T11:08:21+00:00">64</issue>
            <ticket>11</ticket>
            <estimate>30</estimate>
            <role>IMP</role>
            <id>11-bb2fa830</id>
            <lines>69-69</lines>
            <body>...</body>
            <file>...</file>
            <author>...</author>
            <email>...</email>
            <time>2018-01-18T16:13:41Z</time>
            <children/>
          </puzzle>
          <puzzle alive="false">
            <issue href="https://github.com/janczer/magisterka/issues/73" closed="2018-03-03T20:16:42+00:00">73</issue>
            <ticket>11</ticket>
            <estimate>30</estimate>
            <role>IMP</role>
            <id>11-35cead00</id>
            <lines>152-152</lines>
            <body>...</body>
            <file>...</file>
            <author>...</author>
            <email>...</email>
            <time>2018-01-25T14:14:50Z</time>
            <children>
              <puzzle alive="false">
                <issue href="https://github.com/janczer/magisterka/issues/74" closed="2018-01-26T08:52:15+00:00">74</issue>
                <ticket>73</ticket>
                <estimate>30</estimate>
                <role>IMP</role>
                <id>73-3fe956c4</id>
                <lines>1-1</lines>
                <body>...</body>
                <file>...</file>
                <author>...</author>
                <email>...</email>
                <time>2018-01-25T16:09:56Z</time>
                <children/>
              </puzzle>
              <puzzle alive="false">
                <issue href="https://github.com/janczer/magisterka/issues/75" closed="2018-02-28T19:54:43+00:00">75</issue>
                <ticket>73</ticket>
                <estimate>30</estimate>
                <role>IMP</role>
                <id>73-7cf86dee</id>
                <lines>172-172</lines>
                <body>...</body>
                <file>...</file>
                <author>...</author>
                <email>...</email>
                <time>2018-01-26T10:57:19Z</time>
                <children/>
              </puzzle>
              <puzzle alive="false">
                <issue href="https://github.com/janczer/magisterka/issues/77" closed="2018-01-27T17:03:44+00:00">77</issue>
                <ticket>73</ticket>
                <estimate>30</estimate>
                <role>IMP</role>
                <id>73-b72470df</id>
                <lines>173-173</lines>
                <body>...</body>
                <file>...</file>
                <author>...</author>
                <email>...</email>
                <time>2018-01-26T14:44:50Z</time>
                <children/>
              </puzzle>
            </children>
          </puzzle>
        </children>
      </puzzle>
      <puzzle alive="false">
        <issue href="https://github.com/janczer/magisterka/issues/12" closed="2018-01-27T16:58:40+00:00">12</issue>
        <ticket>5</ticket>
        <estimate>30</estimate>
        <role>IMP</role>
        <id>5-cbcdd26f</id>
        <lines>256-256</lines>
        <body>...</body>
        <file>...</file>
        <author>...</author>
        <email>...</email>
        <time>2017-12-14T18:05:10Z</time>
        <children/>
      </puzzle>
      <puzzle alive="false">
        <issue href="https://github.com/janczer/magisterka/issues/13" closed="2018-03-04T20:49:29+00:00">13</issue>
        <ticket>5</ticket>
        <estimate>30</estimate>
        <role>IMP</role>
        <id>5-c524a348</id>
        <lines>257-257</lines>
        <body>...</body>
        <file>...</file>
        <author>...</author>
        <email>...</email>
        <time>2017-12-14T18:05:10Z</time>
        <children/>
      </puzzle>
    </children>
  </puzzle>
  <puzzle alive="false">
    <issue href="https://github.com/janczer/magisterka/issues/18" closed="2017-12-17T08:31:37+00:00">18</issue>
    <ticket>1</ticket>
    <estimate>20</estimate>
    <role>IMP</role>
    <id>1-82a393b8</id>
    <lines>20-20</lines>
    <body>...</body>
    <file>...</file>
    <author>...</author>
    <email>...</email>
    <time>2017-12-15T19:45:33Z</time>
    <children/>
  </puzzle>
  <puzzle alive="true">
    <issue href="https://github.com/janczer/magisterka/issues/21">21</issue>
    <ticket>1</ticket>
    <estimate>30</estimate>
    <role>IMP</role>
    <id>1-a9282f60</id>
    <lines>7-7</lines>
    <body>...</body>
    <file>...</file>
    <author>...</author>
    <email>...</email>
    <time>2017-12-15T20:45:35Z</time>
    <children>
      <puzzle alive="true">
        <issue href="https://github.com/janczer/magisterka/issues/25">25</issue>
        <ticket>21</ticket>
        <estimate>30</estimate>
        <role>IMP</role>
        <id>21-6adb4ea8</id>
        <lines>15-15</lines>
        <body>...</body>
        <file>...</file>
        <author>...</author>
        <email>...</email>
        <time>2018-01-01T21:16:23Z</time>
        <children/>
      </puzzle>
      <puzzle alive="true">
        <issue href="https://github.com/janczer/magisterka/issues/26">26</issue>
        <ticket>21</ticket>
        <estimate>30</estimate>
        <role>IMP</role>
        <id>21-4f83001c</id>
        <lines>18-18</lines>
        <body>...</body>
        <file>...</file>
        <author>...</author>
        <email>...</email>
        <time>2018-01-01T21:16:23Z</time>
        <children/>
      </puzzle>
      <puzzle alive="true">
        <issue href="https://github.com/janczer/magisterka/issues/27">27</issue>
        <ticket>21</ticket>
        <estimate>30</estimate>
        <role>IMP</role>
        <id>21-decaee5e</id>
        <lines>21-21</lines>
        <body>...</body>
        <file>...</file>
        <author>...</author>
        <email>...</email>
        <time>2018-01-02T13:12:31Z</time>
        <children/>
      </puzzle>
    </children>
  </puzzle>
  <puzzle alive="false">
    <issue href="https://github.com/janczer/magisterka/issues/28" closed="2018-01-03T14:36:28+00:00">28</issue>
    <ticket>1</ticket>
    <estimate>30</estimate>
    <role>IMP</role>
    <id>1-42d001be</id>
    <lines>12-12</lines>
    <body>...</body>
    <file>...</file>
    <author>...</author>
    <email>...</email>
    <time>2018-01-02T13:09:18Z</time>
    <children>
      <puzzle alive="false">
        <issue href="https://github.com/janczer/magisterka/issues/33" closed="2018-01-18T13:57:05+00:00">33</issue>
        <ticket>28</ticket>
        <estimate>30</estimate>
        <role>IMP</role>
        <id>28-6ad391f0</id>
        <lines>209-209</lines>
        <body>...</body>
        <file>...</file>
        <author>...</author>
        <email>...</email>
        <time>2018-01-03T14:36:16Z</time>
        <children/>
      </puzzle>
      <puzzle alive="false">
        <issue href="https://github.com/janczer/magisterka/issues/34" closed="2018-02-28T19:54:45+00:00">34</issue>
        <ticket>28</ticket>
        <estimate>30</estimate>
        <role>IMP</role>
        <id>28-aa9cb165</id>
        <lines>210-210</lines>
        <body>...</body>
        <file>...</file>
        <author>...</author>
        <email>...</email>
        <time>2018-01-03T14:36:16Z</time>
        <children/>
      </puzzle>
      <puzzle alive="false">
        <issue href="https://github.com/janczer/magisterka/issues/35" closed="2018-01-24T12:38:14+00:00">35</issue>
        <ticket>28</ticket>
        <estimate>30</estimate>
        <role>IMP</role>
        <id>28-0253b60f</id>
        <lines>329-329</lines>
        <body>...</body>
        <file>...</file>
        <author>...</author>
        <email>...</email>
        <time>2018-01-03T14:36:16Z</time>
        <children>
          <puzzle alive="false">
            <issue href="https://github.com/janczer/magisterka/issues/70" closed="2018-01-25T16:10:10+00:00">70</issue>
            <ticket>35</ticket>
            <estimate>30</estimate>
            <role>IMP</role>
            <id>35-c5f82c81</id>
            <lines>302-302</lines>
            <body>...</body>
            <file>...</file>
            <author>...</author>
            <email>...</email>
            <time>2018-01-24T12:38:02Z</time>
            <children/>
          </puzzle>
        </children>
      </puzzle>
      <puzzle alive="false">
        <issue href="https://github.com/janczer/magisterka/issues/36" closed="2018-01-24T12:38:16+00:00">36</issue>
        <ticket>28</ticket>
        <estimate>30</estimate>
        <role>IMP</role>
        <id>28-bfa5f432</id>
        <lines>482-482</lines>
        <body>...</body>
        <file>...</file>
        <author>...</author>
        <email>...</email>
        <time>2018-01-05T13:33:28Z</time>
        <children/>
      </puzzle>
      <puzzle alive="true">
        <issue href="https://github.com/janczer/magisterka/issues/65">65</issue>
        <ticket>28</ticket>
        <estimate>30</estimate>
        <role>IMP</role>
        <id>28-0ef6fc53</id>
        <lines>106-106</lines>
        <body>...</body>
        <file>...</file>
        <author>...</author>
        <email>...</email>
        <time>2018-01-23T14:55:22Z</time>
        <children/>
      </puzzle>
      <puzzle alive="true">
        <issue href="https://github.com/janczer/magisterka/issues/66">66</issue>
        <ticket>28</ticket>
        <estimate>30</estimate>
        <role>IMP</role>
        <id>28-ccccb100</id>
        <lines>112-112</lines>
        <body>...</body>
        <file>...</file>
        <author>...</author>
        <email>...</email>
        <time>2018-01-23T14:55:22Z</time>
        <children/>
      </puzzle>
      <puzzle alive="false">
        <issue href="https://github.com/janczer/magisterka/issues/67" closed="2018-01-24T09:34:41+00:00">67</issue>
        <ticket>28</ticket>
        <estimate>30</estimate>
        <role>IMP</role>
        <id>28-029eb56b</id>
        <lines>113-113</lines>
        <body>...</body>
        <file>...</file>
        <author>...</author>
        <email>...</email>
        <time>2018-01-23T14:55:22Z</time>
        <children/>
      </puzzle>
      <puzzle alive="true">
        <issue href="https://github.com/janczer/magisterka/issues/68">68</issue>
        <ticket>28</ticket>
        <estimate>30</estimate>
        <role>IMP</role>
        <id>28-0c5c5b8e</id>
        <lines>115-115</lines>
        <body>...</body>
        <file>...</file>
        <author>...</author>
        <email>...</email>
        <time>2018-01-23T14:55:22Z</time>
        <children/>
      </puzzle>
      <puzzle alive="true">
        <issue href="https://github.com/janczer/magisterka/issues/78">78</issue>
        <ticket>28</ticket>
        <estimate>30</estimate>
        <role>IMP</role>
        <id>28-2f892b37</id>
        <lines>103-103</lines>
        <body>...</body>
        <file>...</file>
        <author>...</author>
        <email>...</email>
        <time>2018-02-06T14:32:45Z</time>
        <children/>
      </puzzle>
      <puzzle alive="false">
        <issue href="https://github.com/janczer/magisterka/issues/79" closed="2018-02-28T19:54:47+00:00">79</issue>
        <ticket>28</ticket>
        <estimate>30</estimate>
        <role>DEV</role>
        <id>28-69c831c3</id>
        <lines>87-87</lines>
        <body>...</body>
        <file>...</file>
        <author>...</author>
        <email>...</email>
        <time>2018-02-24T11:08:06Z</time>
        <children/>
      </puzzle>
    </children>
  </puzzle>
  <puzzle alive="false">
    <issue href="https://github.com/janczer/magisterka/issues/29" closed="2018-02-12T08:47:05+00:00">29</issue>
    <ticket>1</ticket>
    <estimate>30</estimate>
    <role>IMP</role>
    <id>1-90defd51</id>
    <lines>14-14</lines>
    <body>...</body>
    <file>...</file>
    <author>...</author>
    <email>...</email>
    <time>2018-01-02T13:09:18Z</time>
    <children/>
  </puzzle>
  <puzzle alive="false">
    <issue href="https://github.com/janczer/magisterka/issues/30" closed="2018-03-02T18:05:56+00:00">30</issue>
    <ticket>1</ticket>
    <estimate>30</estimate>
    <role>IMP</role>
    <id>1-03d48799</id>
    <lines>16-16</lines>
    <body>...</body>
    <file>...</file>
    <author>...</author>
    <email>...</email>
    <time>2018-01-02T13:09:18Z</time>
    <children>
      <puzzle alive="false">
        <issue href="https://github.com/janczer/magisterka/issues/37" closed="2018-03-01T12:04:16+00:00">37</issue>
        <ticket>30</ticket>
        <estimate>30</estimate>
        <role>IMP</role>
        <id>30-79f9df7e</id>
        <lines>523-523</lines>
        <body>...</body>
        <file>...</file>
        <author>...</author>
        <email>...</email>
        <time>2018-01-06T10:05:06Z</time>
        <children/>
      </puzzle>
    </children>
  </puzzle>
  <puzzle alive="false">
    <issue href="https://github.com/janczer/magisterka/issues/31" closed="2018-01-12T18:44:51+00:00">31</issue>
    <ticket>1</ticket>
    <estimate>30</estimate>
    <role>IMP</role>
    <id>1-947407b9</id>
    <lines>18-18</lines>
    <body>...</body>
    <file>...</file>
    <author>...</author>
    <email>...</email>
    <time>2018-01-02T13:09:18Z</time>
    <children>
      <puzzle alive="false">
        <issue href="https://github.com/janczer/magisterka/issues/57" closed="2018-01-12T19:17:49+00:00">57</issue>
        <ticket>31</ticket>
        <estimate>30</estimate>
        <role>IMP</role>
        <id>31-621dada4</id>
        <lines>370-370</lines>
        <body>...</body>
        <file>...</file>
        <author>...</author>
        <email>...</email>
        <time>2018-01-12T18:44:42Z</time>
        <children/>
      </puzzle>
    </children>
  </puzzle>
  <puzzle alive="false">
    <issue href="https://github.com/janczer/magisterka/issues/32" closed="2018-01-06T10:05:27+00:00">32</issue>
    <ticket>1</ticket>
    <estimate>30</estimate>
    <role>IMP</role>
    <id>1-a460cc26</id>
    <lines>20-20</lines>
    <body>...</body>
    <file>...</file>
    <author>...</author>
    <email>...</email>
    <time>2018-01-02T13:09:18Z</time>
    <children/>
  </puzzle>
  <puzzle alive="false">
    <issue href="https://github.com/janczer/magisterka/issues/38" closed="2018-01-10T19:03:01+00:00">38</issue>
    <ticket>1</ticket>
    <estimate>30</estimate>
    <role>IMP</role>
    <id>1-b47631b1</id>
    <lines>694-694</lines>
    <body>...</body>
    <file>...</file>
    <author>...</author>
    <email>...</email>
    <time>2018-01-07T15:04:58Z</time>
    <children>
      <puzzle alive="false">
        <issue href="https://github.com/janczer/magisterka/issues/45" closed="2018-03-04T20:49:30+00:00">45</issue>
        <ticket>38</ticket>
        <estimate>30</estimate>
        <role>IMP</role>
        <id>38-3ba737ea</id>
        <lines>48-48</lines>
        <body>...</body>
        <file>...</file>
        <author>...</author>
        <email>...</email>
        <time>2018-01-10T17:08:49Z</time>
        <children/>
      </puzzle>
      <puzzle alive="true">
        <issue href="https://github.com/janczer/magisterka/issues/50">50</issue>
        <ticket>38</ticket>
        <estimate>30</estimate>
        <role>IMP</role>
        <id>38-7061b55b</id>
        <lines>60-60</lines>
        <body>...</body>
        <file>...</file>
        <author>...</author>
        <email>...</email>
        <time>2018-01-10T19:02:51Z</time>
        <children/>
      </puzzle>
    </children>
  </puzzle>
  <puzzle alive="false">
    <issue href="https://github.com/janczer/magisterka/issues/39" closed="2018-01-10T19:03:04+00:00">39</issue>
    <ticket>1</ticket>
    <estimate>30</estimate>
    <role>IMP</role>
    <id>1-07f63d4a</id>
    <lines>696-696</lines>
    <body>...</body>
    <file>...</file>
    <author>...</author>
    <email>...</email>
    <time>2018-01-07T15:04:58Z</time>
    <children>
      <puzzle alive="false">
        <issue href="https://github.com/janczer/magisterka/issues/44" closed="2018-01-10T17:09:09+00:00">44</issue>
        <ticket>39</ticket>
        <estimate>20</estimate>
        <role>IMP</role>
        <id>39-91bf402c</id>
        <lines>76-76</lines>
        <body>...</body>
        <file>...</file>
        <author>...</author>
        <email>...</email>
        <time>2018-01-10T11:31:06Z</time>
        <children/>
      </puzzle>
      <puzzle alive="false">
        <issue href="https://github.com/janczer/magisterka/issues/51" closed="2018-03-04T20:49:32+00:00">51</issue>
        <ticket>39</ticket>
        <estimate>30</estimate>
        <role>IMP</role>
        <id>39-7d04961a</id>
        <lines>61-61</lines>
        <body>...</body>
        <file>...</file>
        <author>...</author>
        <email>...</email>
        <time>2018-01-10T19:02:51Z</time>
        <children/>
      </puzzle>
    </children>
  </puzzle>
  <puzzle alive="false">
    <issue href="https://github.com/janczer/magisterka/issues/40" closed="2018-01-10T19:03:12+00:00">40</issue>
    <ticket>1</ticket>
    <estimate>30</estimate>
    <role>IMP</role>
    <id>1-7c3492ef</id>
    <lines>698-698</lines>
    <body>...</body>
    <file>...</file>
    <author>...</author>
    <email>...</email>
    <time>2018-01-07T15:04:58Z</time>
    <children>
      <puzzle alive="false">
        <issue href="https://github.com/janczer/magisterka/issues/46" closed="2018-01-10T19:03:14+00:00">46</issue>
        <ticket>40</ticket>
        <estimate>30</estimate>
        <role>IMP</role>
        <id>40-3a10b816</id>
        <lines>121-121</lines>
        <body>...</body>
        <file>...</file>
        <author>...</author>
        <email>...</email>
        <time>2018-01-10T18:29:47Z</time>
        <children/>
      </puzzle>
      <puzzle alive="false">
        <issue href="https://github.com/janczer/magisterka/issues/47" closed="2018-01-10T19:03:16+00:00">47</issue>
        <ticket>40</ticket>
        <estimate>30</estimate>
        <role>IMP</role>
        <id>40-787feea6</id>
        <lines>122-122</lines>
        <body>...</body>
        <file>...</file>
        <author>...</author>
        <email>...</email>
        <time>2018-01-10T18:29:47Z</time>
        <children/>
      </puzzle>
      <puzzle alive="false">
        <issue href="https://github.com/janczer/magisterka/issues/52" closed="2018-03-04T20:49:33+00:00">52</issue>
        <ticket>40</ticket>
        <estimate>30</estimate>
        <role>IMP</role>
        <id>40-9d7f1e1f</id>
        <lines>110-110</lines>
        <body>...</body>
        <file>...</file>
        <author>...</author>
        <email>...</email>
        <time>2018-01-10T19:02:51Z</time>
        <children/>
      </puzzle>
      <puzzle alive="false">
        <issue href="https://github.com/janczer/magisterka/issues/53" closed="2018-03-23T20:19:48+00:00">53</issue>
        <ticket>40</ticket>
        <estimate>30</estimate>
        <role>IMP</role>
        <id>40-5f3f506c</id>
        <lines>136-136</lines>
        <body>...</body>
        <file>...</file>
        <author>...</author>
        <email>...</email>
        <time>2018-01-10T19:02:51Z</time>
        <children/>
      </puzzle>
    </children>
  </puzzle>
  <puzzle alive="false">
    <issue href="https://github.com/janczer/magisterka/issues/41" closed="2018-01-10T19:03:17+00:00">41</issue>
    <ticket>1</ticket>
    <estimate>30</estimate>
    <role>IMP</role>
    <id>1-1672945e</id>
    <lines>700-700</lines>
    <body>...</body>
    <file>...</file>
    <author>...</author>
    <email>...</email>
    <time>2018-01-07T15:04:58Z</time>
    <children/>
  </puzzle>
  <puzzle alive="false">
    <issue href="https://github.com/janczer/magisterka/issues/42" closed="2018-01-10T19:03:19+00:00">42</issue>
    <ticket>1</ticket>
    <estimate>30</estimate>
    <role>IMP</role>
    <id>1-cad6dd14</id>
    <lines>702-702</lines>
    <body>...</body>
    <file>...</file>
    <author>...</author>
    <email>...</email>
    <time>2018-01-07T15:04:58Z</time>
    <children>
      <puzzle alive="false">
        <issue href="https://github.com/janczer/magisterka/issues/48" closed="2018-01-10T19:03:21+00:00">48</issue>
        <ticket>42</ticket>
        <estimate>30</estimate>
        <role>IMP</role>
        <id>42-aeb063b6</id>
        <lines>115-115</lines>
        <body>...</body>
        <file>...</file>
        <author>...</author>
        <email>...</email>
        <time>2018-01-10T18:29:47Z</time>
        <children/>
      </puzzle>
      <puzzle alive="false">
        <issue href="https://github.com/janczer/magisterka/issues/49" closed="2018-01-10T19:03:22+00:00">49</issue>
        <ticket>42</ticket>
        <estimate>30</estimate>
        <role>IMP</role>
        <id>42-d316c59f</id>
        <lines>116-116</lines>
        <body>...</body>
        <file>...</file>
        <author>...</author>
        <email>...</email>
        <time>2018-01-10T18:29:47Z</time>
        <children/>
      </puzzle>
    </children>
  </puzzle>
  <puzzle alive="false">
    <issue href="https://github.com/janczer/magisterka/issues/76" closed="2018-02-28T19:54:49+00:00">76</issue>
    <ticket>1</ticket>
    <estimate>30</estimate>
    <role>IMP</role>
    <id>1-1e442fe1</id>
    <lines>158-158</lines>
    <body>...</body>
    <file>...</file>
    <author>...</author>
    <email>...</email>
    <time>2018-01-26T10:57:19Z</time>
    <children/>
  </puzzle>
  <puzzle alive="false">
    <issue href="https://github.com/janczer/magisterka/issues/81" closed="2018-05-29T19:12:12+00:00">81</issue>
    <ticket>80</ticket>
    <estimate>30</estimate>
    <role>DEV</role>
    <id>80-aa6b40b8</id>
    <lines>17-17</lines>
    <body>...</body>
    <file>...</file>
    <author>...</author>
    <email>...</email>
    <time>2018-03-13T09:01:01Z</time>
    <children/>
  </puzzle>
  <puzzle alive="false">
    <issue href="https://github.com/janczer/magisterka/issues/82" closed="2018-05-29T19:12:14+00:00">82</issue>
    <ticket>80</ticket>
    <estimate>30</estimate>
    <role>DEV</role>
    <id>80-bcc0387e</id>
    <lines>29-29</lines>
    <body>...</body>
    <file>...</file>
    <author>...</author>
    <email>...</email>
    <time>2018-03-13T09:01:01Z</time>
    <children/>
  </puzzle>
  <puzzle alive="true">
    <issue href="https://github.com/janczer/magisterka/issues/83">83</issue>
    <ticket>80</ticket>
    <estimate>30</estimate>
    <role>DEV</role>
    <id>80-55c7d2ee</id>
    <lines>32-32</lines>
    <body>...</body>
    <file>...</file>
    <author>...</author>
    <email>...</email>
    <time>2018-03-13T09:01:01Z</time>
    <children/>
  </puzzle>
</puzzles>
