<?xml version="1.0"?>
<puzzles xmlns:xsi="http://www.w3.org/2001/XMLSchema-instance" xsi:noNamespaceSchemaLocation="http://www.0pdd.com/puzzles.xsd" date="2019-04-09T09:37:07+00:00" version="0.30.16">
  <puzzle alive="false">
    <issue href="https://github.com/naruepanart/New-screening-detail/issues/2" closed="2019-04-09T09:33:51+00:00">2</issue>
    <ticket>1</ticket>
    <estimate>50</estimate>
    <role>DEV</role>
    <id>1-e740ef3e</id>
    <lines>20-20</lines>
    <body>...</body>
    <file>...</file>
    <author>...</author>
    <email>...</email>
    <time>2019-04-09T09:32:44Z</time>
    <children/>
  </puzzle>
  <puzzle alive="false">
    <issue href="https://github.com/naruepanart/New-screening-detail/issues/3" closed="2019-04-09T09:33:53+00:00">3</issue>
    <ticket>1</ticket>
    <estimate>10</estimate>
    <role>DEV</role>
    <id>1-9dddc381</id>
    <lines>21-21</lines>
    <body>...</body>
    <file>...</file>
    <author>...</author>
    <email>...</email>
    <time>2019-04-09T09:32:44Z</time>
    <children/>
  </puzzle>
  <puzzle alive="false">
    <issue href="https://github.com/naruepanart/New-screening-detail/issues/4" closed="2019-04-09T09:33:55+00:00">4</issue>
    <ticket>1</ticket>
    <estimate>10</estimate>
    <role>DEV</role>
    <id>1-665ee5ad</id>
    <lines>22-22</lines>
    <body>...</body>
    <file>...</file>
    <author>...</author>
    <email>...</email>
    <time>2019-04-09T09:32:44Z</time>
    <children/>
  </puzzle>
  <puzzle alive="false">
    <issue href="https://github.com/naruepanart/New-screening-detail/issues/5" closed="2019-04-09T09:37:04+00:00">5</issue>
    <ticket>1</ticket>
    <estimate>0</estimate>
    <role>DEV</role>
    <id>1-f2c449a0</id>
    <lines>20-20</lines>
    <body>...</body>
    <file>...</file>
    <author>...</author>
    <email>...</email>
    <time>2019-04-09T09:35:42Z</time>
    <children/>
  </puzzle>
  <puzzle alive="false">
    <issue href="https://github.com/naruepanart/New-screening-detail/issues/6" closed="2019-04-09T09:37:07+00:00">6</issue>
    <ticket>1</ticket>
    <estimate>0</estimate>
    <role>DEV</role>
    <id>1-90cd5c93</id>
    <lines>21-21</lines>
    <body>...</body>
    <file>...</file>
    <author>...</author>
    <email>...</email>
    <time>2019-04-09T09:35:42Z</time>
    <children/>
  </puzzle>
</puzzles>
