<?xml version="1.0"?>
<puzzles xmlns:xsi="http://www.w3.org/2001/XMLSchema-instance" xsi:noNamespaceSchemaLocation="http://www.0pdd.com/puzzles.xsd" date="2019-04-29T09:21:55+00:00" version="0.30.16">
  <puzzle alive="false">
    <issue>unknown</issue>
    <ticket>7</ticket>
    <estimate>0</estimate>
    <role>DEV</role>
    <id>7-32ae5faa</id>
    <lines>35-35</lines>
    <body>...</body>
    <file>...</file>
    <author>...</author>
    <email>...</email>
    <time>2019-04-09T07:41:50Z</time>
    <children/>
  </puzzle>
  <puzzle alive="false">
    <issue>unknown</issue>
    <ticket>8</ticket>
    <estimate>0</estimate>
    <role>DEV</role>
    <id>8-13826b48</id>
    <lines>36-36</lines>
    <body>...</body>
    <file>...</file>
    <author>...</author>
    <email>...</email>
    <time>2019-04-09T07:41:50Z</time>
    <children/>
  </puzzle>
  <puzzle alive="false">
    <issue>unknown</issue>
    <ticket>9</ticket>
    <estimate>0</estimate>
    <role>DEV</role>
    <id>9-d4163a83</id>
    <lines>37-37</lines>
    <body>...</body>
    <file>...</file>
    <author>...</author>
    <email>...</email>
    <time>2019-04-09T07:41:50Z</time>
    <children/>
  </puzzle>
  <puzzle alive="false">
    <issue>unknown</issue>
    <ticket>8</ticket>
    <estimate>30</estimate>
    <role>DEV</role>
    <id>8-90b41202</id>
    <lines>36-36</lines>
    <body>...</body>
    <file>...</file>
    <author>...</author>
    <email>...</email>
    <time>2019-04-09T07:44:24Z</time>
    <children/>
  </puzzle>
  <puzzle alive="false">
    <issue>unknown</issue>
    <ticket>11</ticket>
    <estimate>0</estimate>
    <role>DEV</role>
    <id>11-45d11eb8</id>
    <lines>6-6</lines>
    <body>...</body>
    <file>...</file>
    <author>...</author>
    <email>...</email>
    <time>2019-04-09T07:48:29Z</time>
    <children/>
  </puzzle>
  <puzzle alive="false">
    <issue>unknown</issue>
    <ticket>15</ticket>
    <estimate>30</estimate>
    <role>DEV</role>
    <id>15-5b6d6642</id>
    <lines>35-35</lines>
    <body>...</body>
    <file>...</file>
    <author>...</author>
    <email>...</email>
    <time>2019-04-09T07:52:22Z</time>
    <children/>
  </puzzle>
  <puzzle alive="false">
    <issue>unknown</issue>
    <ticket>8</ticket>
    <estimate>20</estimate>
    <role>DEV</role>
    <id>8-fc92efca</id>
    <lines>36-36</lines>
    <body>...</body>
    <file>...</file>
    <author>...</author>
    <email>...</email>
    <time>2019-04-09T07:53:42Z</time>
    <children/>
  </puzzle>
  <puzzle alive="false">
    <issue>unknown</issue>
    <ticket>8</ticket>
    <estimate>0</estimate>
    <role>DEV</role>
    <id>8-14c24786</id>
    <lines>36-36</lines>
    <body>...</body>
    <file>...</file>
    <author>...</author>
    <email>...</email>
    <time>2019-04-09T08:01:08Z</time>
    <children/>
  </puzzle>
  <puzzle alive="false">
    <issue>unknown</issue>
    <ticket>8</ticket>
    <estimate>0</estimate>
    <role>DEV</role>
    <id>8-16709726</id>
    <lines>34-34</lines>
    <body>...</body>
    <file>...</file>
    <author>...</author>
    <email>...</email>
    <time>2019-04-09T08:03:49Z</time>
    <children/>
  </puzzle>
  <puzzle alive="false">
    <issue>unknown</issue>
    <ticket>8</ticket>
    <estimate>15</estimate>
    <role>DEV</role>
    <id>8-b8a2ff9f</id>
    <lines>36-36</lines>
    <body>...</body>
    <file>...</file>
    <author>...</author>
    <email>...</email>
    <time>2019-04-09T08:07:17Z</time>
    <children/>
  </puzzle>
  <puzzle alive="false">
    <issue>unknown</issue>
    <ticket>8</ticket>
    <estimate>15</estimate>
    <role>DEV</role>
    <id>8-147538da</id>
    <lines>36-36</lines>
    <body>...</body>
    <file>...</file>
    <author>...</author>
    <email>...</email>
    <time>2019-04-09T08:18:06Z</time>
    <children/>
  </puzzle>
  <puzzle alive="false">
    <issue>unknown</issue>
    <ticket>8</ticket>
    <estimate>15</estimate>
    <role>DEV</role>
    <id>8-6f82e2e2</id>
    <lines>36-38</lines>
    <body>...</body>
    <file>...</file>
    <author>...</author>
    <email>...</email>
    <time>2019-04-09T08:19:51Z</time>
    <children/>
  </puzzle>
  <puzzle alive="false">
    <issue>unknown</issue>
    <ticket>11</ticket>
    <estimate>15</estimate>
    <role>DEV</role>
    <id>11-b8a2ff9f</id>
    <lines>21-21</lines>
    <body>...</body>
    <file>...</file>
    <author>...</author>
    <email>...</email>
    <time>2019-04-09T08:53:12Z</time>
    <children/>
  </puzzle>
  <puzzle alive="false">
    <issue href="https://github.com/naruepanart/screening-detail/issues/2" closed="2019-04-10T16:12:57+00:00">2</issue>
    <ticket>1</ticket>
    <estimate>0</estimate>
    <role>DEV</role>
    <id>1-cb51d27d</id>
    <lines>21-21</lines>
    <body>...</body>
    <file>...</file>
    <author>...</author>
    <email>...</email>
    <time>2019-04-10T16:07:06Z</time>
    <children>
      <puzzle alive="false">
        <issue>unknown</issue>
        <ticket>2</ticket>
        <estimate>0</estimate>
        <role>DEV</role>
        <id>2-bec1670f</id>
        <lines>36-36</lines>
        <body>...</body>
        <file>...</file>
        <author>...</author>
        <email>...</email>
        <time>2019-04-09T07:14:51Z</time>
        <children/>
      </puzzle>
      <puzzle alive="false">
        <issue>unknown</issue>
        <ticket>2</ticket>
        <estimate>0</estimate>
        <role>DEV</role>
        <id>2-9dddc381</id>
        <lines>36-36</lines>
        <body>...</body>
        <file>...</file>
        <author>...</author>
        <email>...</email>
        <time>2019-04-09T07:32:06Z</time>
        <children/>
      </puzzle>
    </children>
  </puzzle>
  <puzzle alive="true">
    <issue href="https://github.com/naruepanart/screening-detail/issues/3">3</issue>
    <ticket>1</ticket>
    <estimate>0</estimate>
    <role>DEV</role>
    <id>1-1b43dccb</id>
    <lines>468-468</lines>
    <body>...</body>
    <file>...</file>
    <author>...</author>
    <email>...</email>
    <time>2019-04-10T16:07:06Z</time>
    <children/>
  </puzzle>
  <puzzle alive="false">
    <issue href="https://github.com/naruepanart/screening-detail/issues/4" closed="2019-04-18T04:24:51+00:00">4</issue>
    <ticket>1</ticket>
    <estimate>0</estimate>
    <role>DEV</role>
    <id>1-26b10117</id>
    <lines>21-21</lines>
    <body>...</body>
    <file>...</file>
    <author>...</author>
    <email>...</email>
    <time>2019-04-10T16:13:32Z</time>
    <children/>
  </puzzle>
  <puzzle alive="false">
    <issue href="https://github.com/naruepanart/screening-detail/issues/5" closed="2019-04-29T09:21:55+00:00">5</issue>
    <ticket>1</ticket>
    <estimate>0</estimate>
    <role>DEV</role>
    <id>1-1c418ca6</id>
    <lines>90-90</lines>
    <body>...</body>
    <file>...</file>
    <author>...</author>
    <email>...</email>
    <time>2019-04-18T04:01:05Z</time>
    <children/>
  </puzzle>
  <puzzle alive="false">
    <issue href="https://github.com/naruepanart/screening-detail/issues/6" closed="2019-04-18T04:37:55+00:00">6</issue>
    <ticket>1</ticket>
    <estimate>0</estimate>
    <role>DEV</role>
    <id>1-fdf084f6</id>
    <lines>123-123</lines>
    <body>...</body>
    <file>...</file>
    <author>...</author>
    <email>...</email>
    <time>2019-04-18T04:01:05Z</time>
    <children/>
  </puzzle>
</puzzles>
