<?xml version="1.0"?>
<puzzles xmlns:xsi="http://www.w3.org/2001/XMLSchema-instance" xsi:noNamespaceSchemaLocation="http://www.0pdd.com/puzzles.xsd" date="2019-04-10T06:49:18+00:00" version="0.30.16">
  <puzzle alive="false">
    <issue>unknown</issue>
    <ticket>1</ticket>
    <estimate>0</estimate>
    <role>DEV</role>
    <id>1-73c8e36e</id>
    <lines>18-18</lines>
    <body>...</body>
    <file>...</file>
    <author>...</author>
    <email>...</email>
    <time>2019-04-10T01:53:22Z</time>
    <children/>
  </puzzle>
  <puzzle alive="false">
    <issue href="https://github.com/naruepanart/screening-detail-v2/issues/4" closed="2019-04-10T06:36:57+00:00">4</issue>
    <ticket>1</ticket>
    <estimate>0</estimate>
    <role>DEV</role>
    <id>1-1d462d00</id>
    <lines>19-19</lines>
    <body>...</body>
    <file>...</file>
    <author>...</author>
    <email>...</email>
    <time>2019-04-10T01:53:22Z</time>
    <children/>
  </puzzle>
  <puzzle alive="false">
    <issue>unknown</issue>
    <ticket>1</ticket>
    <estimate>0</estimate>
    <role>DEV</role>
    <id>1-6582bb1e</id>
    <lines>20-20</lines>
    <body>...</body>
    <file>...</file>
    <author>...</author>
    <email>...</email>
    <time>2019-04-10T01:53:22Z</time>
    <children/>
  </puzzle>
  <puzzle alive="true">
    <issue href="https://github.com/naruepanart/screening-detail-v2/issues/5">5</issue>
    <ticket>1</ticket>
    <estimate>0</estimate>
    <role>DEV</role>
    <id>1-93e3d746</id>
    <lines>11-15</lines>
    <body>...</body>
    <file>...</file>
    <author>...</author>
    <email>...</email>
    <time>2019-04-10T01:53:22Z</time>
    <children/>
  </puzzle>
  <puzzle alive="false">
    <issue href="https://github.com/naruepanart/screening-detail-v2/issues/6" closed="2019-04-10T06:43:05+00:00">6</issue>
    <ticket>1</ticket>
    <estimate>0</estimate>
    <role>DEV</role>
    <id>1-c831d283</id>
    <lines>24-28</lines>
    <body>...</body>
    <file>...</file>
    <author>...</author>
    <email>...</email>
    <time>2019-04-10T06:40:24Z</time>
    <children/>
  </puzzle>
  <puzzle alive="false">
    <issue href="https://github.com/naruepanart/screening-detail-v2/issues/7" closed="2019-04-10T06:49:16+00:00">7</issue>
    <ticket>1</ticket>
    <estimate>0</estimate>
    <role>DEV</role>
    <id>1-344efe7f</id>
    <lines>24-27</lines>
    <body>...</body>
    <file>...</file>
    <author>...</author>
    <email>...</email>
    <time>2019-04-10T06:44:32Z</time>
    <children/>
  </puzzle>
  <puzzle alive="true">
    <ticket>1</ticket>
    <estimate>0</estimate>
    <role>DEV</role>
    <id>1-c93ddb8f</id>
    <lines>24-28</lines>
    <body>...</body>
    <file>...</file>
    <author>...</author>
    <email>...</email>
    <time>2019-04-10T06:44:32Z</time>
    <children/>
    <issue href="https://github.com/naruepanart/screening-detail-v2/issues/8">8</issue>
  </puzzle>
</puzzles>
