<?xml version="1.0"?>
<puzzles xmlns:xsi="http://www.w3.org/2001/XMLSchema-instance" xsi:noNamespaceSchemaLocation="http://www.0pdd.com/puzzles.xsd" date="2019-04-10T11:50:58+00:00" version="0.30.16">
  <puzzle alive="false">
    <issue>unknown</issue>
    <ticket>1</ticket>
    <estimate>0</estimate>
    <role>DEV</role>
    <id>1-c9671bcf</id>
    <lines>3-3</lines>
    <body>...</body>
    <file>...</file>
    <author>...</author>
    <email>...</email>
    <time>2019-04-10T11:44:19Z</time>
    <children/>
  </puzzle>
  <puzzle alive="false">
    <issue href="https://github.com/naruepanart/testaa/issues/2" closed="2019-04-10T11:47:12+00:00">2</issue>
    <ticket>1</ticket>
    <estimate>0</estimate>
    <role>DEV</role>
    <id>1-3665a76e</id>
    <lines>3-3</lines>
    <body>...</body>
    <file>...</file>
    <author>...</author>
    <email>...</email>
    <time>2019-04-10T11:46:02Z</time>
    <children/>
  </puzzle>
  <puzzle alive="false">
    <issue href="https://github.com/naruepanart/testaa/issues/3" closed="2019-04-10T11:50:56+00:00">3</issue>
    <ticket>1</ticket>
    <estimate>0</estimate>
    <role>DEV</role>
    <id>1-e218c296</id>
    <lines>3-3</lines>
    <body>...</body>
    <file>...</file>
    <author>...</author>
    <email>...</email>
    <time>2019-04-10T11:48:12Z</time>
    <children/>
  </puzzle>
  <puzzle alive="false">
    <issue href="https://github.com/naruepanart/testaa/issues/4" closed="2019-04-10T11:49:53+00:00">4</issue>
    <ticket>1</ticket>
    <estimate>0</estimate>
    <role>DEV</role>
    <id>1-5d69cff1</id>
    <lines>4-4</lines>
    <body>...</body>
    <file>...</file>
    <author>...</author>
    <email>...</email>
    <time>2019-04-10T11:49:27Z</time>
    <children/>
  </puzzle>
  <puzzle alive="true">
    <ticket>1</ticket>
    <estimate>0</estimate>
    <role>DEV</role>
    <id>1-863e7056</id>
    <lines>4-4</lines>
    <body>...</body>
    <file>...</file>
    <author>...</author>
    <email>...</email>
    <time>2019-04-10T11:50:52Z</time>
    <children/>
    <issue href="https://github.com/naruepanart/testaa/issues/5">5</issue>
  </puzzle>
</puzzles>
