<?xml version="1.0"?>
<puzzles xmlns:xsi="http://www.w3.org/2001/XMLSchema-instance" xsi:noNamespaceSchemaLocation="http://www.0pdd.com/puzzles.xsd" date="2021-06-21T18:10:49+00:00" version="0.30.23">
  <puzzle alive="false">
    <issue href="https://github.com/samuelpearce/wec-members/issues/6" closed="2021-06-05T20:48:23+00:00">6</issue>
    <ticket>3</ticket>
    <estimate>0</estimate>
    <role>DEV</role>
    <id>3-0ffafccb</id>
    <lines>85-85</lines>
    <body>...</body>
    <file>...</file>
    <author>...</author>
    <email>...</email>
    <time>2019-11-02T22:18:10Z</time>
    <children/>
  </puzzle>
  <puzzle alive="false">
    <issue href="https://github.com/samuelpearce/wec-members/issues/7" closed="2021-06-05T20:48:26+00:00">7</issue>
    <ticket>3</ticket>
    <estimate>0</estimate>
    <role>DEV</role>
    <id>3-19b912dc</id>
    <lines>33-33</lines>
    <body>...</body>
    <file>...</file>
    <author>...</author>
    <email>...</email>
    <time>2019-11-02T22:18:10Z</time>
    <children/>
  </puzzle>
  <puzzle alive="false">
    <issue href="https://github.com/samuelpearce/wec-members/issues/8" closed="2021-06-05T20:48:30+00:00">8</issue>
    <ticket>3</ticket>
    <estimate>0</estimate>
    <role>DEV</role>
    <id>3-f372d43f</id>
    <lines>34-34</lines>
    <body>...</body>
    <file>...</file>
    <author>...</author>
    <email>...</email>
    <time>2019-11-02T22:18:10Z</time>
    <children/>
  </puzzle>
  <puzzle alive="false">
    <issue href="https://github.com/samuelpearce/wec-members/issues/9" closed="2021-06-05T20:48:33+00:00">9</issue>
    <ticket>2</ticket>
    <estimate>0</estimate>
    <role>DEV</role>
    <id>2-c64c2f31</id>
    <lines>30-30</lines>
    <body>...</body>
    <file>...</file>
    <author>...</author>
    <email>...</email>
    <time>2019-11-02T23:09:10Z</time>
    <children/>
  </puzzle>
  <puzzle alive="false">
    <issue href="https://github.com/samuelpearce/wec-members/issues/10" closed="2021-06-05T20:48:36+00:00">10</issue>
    <ticket>3</ticket>
    <estimate>0</estimate>
    <role>DEV</role>
    <id>3-45ee4ae6</id>
    <lines>18-18</lines>
    <body>...</body>
    <file>...</file>
    <author>...</author>
    <email>...</email>
    <time>2019-09-14T23:53:08Z</time>
    <children/>
  </puzzle>
  <puzzle alive="false">
    <issue href="https://github.com/samuelpearce/wec-members/issues/11" closed="2021-06-05T20:48:39+00:00">11</issue>
    <ticket>3</ticket>
    <estimate>0</estimate>
    <role>DEV</role>
    <id>3-2c96dc73</id>
    <lines>32-32</lines>
    <body>...</body>
    <file>...</file>
    <author>...</author>
    <email>...</email>
    <time>2019-11-02T22:18:10Z</time>
    <children/>
  </puzzle>
  <puzzle alive="true">
    <issue href="https://github.com/samuelpearce/wec-members/issues/19">19</issue>
    <ticket>17</ticket>
    <estimate>0</estimate>
    <role>DEV</role>
    <id>17-2c96dc73</id>
    <lines>32-32</lines>
    <body>...</body>
    <file>...</file>
    <author>...</author>
    <email>...</email>
    <time>2021-06-05T20:45:34Z</time>
    <children/>
  </puzzle>
  <puzzle alive="true">
    <issue href="https://github.com/samuelpearce/wec-members/issues/20">20</issue>
    <ticket>18</ticket>
    <estimate>0</estimate>
    <role>DEV</role>
    <id>18-0ffafccb</id>
    <lines>87-87</lines>
    <body>...</body>
    <file>...</file>
    <author>...</author>
    <email>...</email>
    <time>2021-06-05T20:45:34Z</time>
    <children/>
  </puzzle>
</puzzles>
