<?xml version="1.0"?>
<puzzles xmlns:xsi="http://www.w3.org/2001/XMLSchema-instance" xsi:noNamespaceSchemaLocation="http://www.0pdd.com/puzzles.xsd" date="2018-05-31T23:17:23+00:00" version="0.30.3">
  <puzzle alive="false">
    <issue href="https://github.com/project-avral/oo-atom/issues/4" closed="2017-10-31T13:45:25+00:00">4</issue>
    <ticket>1</ticket>
    <estimate>0</estimate>
    <role>IMP</role>
    <id>1-56bd84f2</id>
    <lines>49-50</lines>
    <body>...</body>
    <file>...</file>
    <author>...</author>
    <email>...</email>
    <time>2017-08-18T20:06:13Z</time>
    <children/>
  </puzzle>
  <puzzle alive="false">
    <issue href="https://github.com/project-avral/oo-atom/issues/5" closed="2017-10-31T13:45:26+00:00">5</issue>
    <ticket>1</ticket>
    <estimate>0</estimate>
    <role>IMP</role>
    <id>1-db01adaa</id>
    <lines>5-5</lines>
    <body>...</body>
    <file>...</file>
    <author>...</author>
    <email>...</email>
    <time>2017-08-18T20:12:48Z</time>
    <children/>
  </puzzle>
  <puzzle alive="false">
    <issue href="https://github.com/project-avral/oo-atom/issues/15" closed="2017-11-22T17:45:20+00:00">15</issue>
    <ticket>10</ticket>
    <estimate>0</estimate>
    <role>IMP</role>
    <id>10-6e3f461b</id>
    <lines>114-114</lines>
    <body>...</body>
    <file>...</file>
    <author>...</author>
    <email>...</email>
    <time>2017-08-21T22:58:52Z</time>
    <children/>
  </puzzle>
  <puzzle alive="false">
    <issue href="https://github.com/project-avral/oo-atom/issues/16" closed="2017-11-27T21:58:08+00:00">16</issue>
    <ticket>1</ticket>
    <estimate>0</estimate>
    <role>IMP</role>
    <id>1-bde43700</id>
    <lines>6-6</lines>
    <body>...</body>
    <file>...</file>
    <author>...</author>
    <email>...</email>
    <time>2017-08-21T22:58:52Z</time>
    <children/>
  </puzzle>
  <puzzle alive="true">
    <issue>unknown</issue>
    <ticket>8</ticket>
    <estimate>15</estimate>
    <role>IMP</role>
    <id>8-be31b034</id>
    <lines>32-32</lines>
    <body>...</body>
    <file>...</file>
    <author>...</author>
    <email>...</email>
    <time>2017-09-26T12:51:12Z</time>
    <children/>
  </puzzle>
  <puzzle alive="true">
    <issue href="https://github.com/project-avral/oo-atom/issues/44">44</issue>
    <ticket>8</ticket>
    <estimate>15</estimate>
    <role>IMP</role>
    <id>8-75222d43</id>
    <lines>32-32</lines>
    <body>...</body>
    <file>...</file>
    <author>...</author>
    <email>...</email>
    <time>2017-09-26T12:51:12Z</time>
    <children/>
  </puzzle>
  <puzzle alive="true">
    <issue>unknown</issue>
    <ticket>8</ticket>
    <estimate>15</estimate>
    <role>IMP</role>
    <id>8-dd02b080</id>
    <lines>32-32</lines>
    <body>...</body>
    <file>...</file>
    <author>...</author>
    <email>...</email>
    <time>2017-09-26T12:51:12Z</time>
    <children/>
  </puzzle>
  <puzzle alive="false">
    <issue>unknown</issue>
    <ticket>8</ticket>
    <estimate>15</estimate>
    <role>IMP</role>
    <id>8-f03e0f96</id>
    <lines>32-32</lines>
    <body>...</body>
    <file>...</file>
    <author>...</author>
    <email>...</email>
    <time>2017-09-26T12:51:12Z</time>
    <children/>
  </puzzle>
  <puzzle alive="true">
    <issue>unknown</issue>
    <ticket>8</ticket>
    <estimate>15</estimate>
    <role>IMP</role>
    <id>8-1f5192fa</id>
    <lines>32-32</lines>
    <body>...</body>
    <file>...</file>
    <author>...</author>
    <email>...</email>
    <time>2017-09-26T12:51:12Z</time>
    <children/>
  </puzzle>
  <puzzle alive="true">
    <issue>unknown</issue>
    <ticket>8</ticket>
    <estimate>15</estimate>
    <role>IMP</role>
    <id>8-aab618df</id>
    <lines>32-32</lines>
    <body>...</body>
    <file>...</file>
    <author>...</author>
    <email>...</email>
    <time>2017-09-26T12:51:12Z</time>
    <children/>
  </puzzle>
  <puzzle alive="true">
    <issue href="https://github.com/project-avral/oo-atom/issues/45">45</issue>
    <ticket>8</ticket>
    <estimate>15</estimate>
    <role>IMP</role>
    <id>8-5d4e7a77</id>
    <lines>32-32</lines>
    <body>...</body>
    <file>...</file>
    <author>...</author>
    <email>...</email>
    <time>2017-09-26T12:51:12Z</time>
    <children/>
  </puzzle>
  <puzzle alive="true">
    <issue href="https://github.com/project-avral/oo-atom/issues/46">46</issue>
    <ticket>8</ticket>
    <estimate>15</estimate>
    <role>IMP</role>
    <id>8-cdcc06ce</id>
    <lines>32-32</lines>
    <body>...</body>
    <file>...</file>
    <author>...</author>
    <email>...</email>
    <time>2017-09-26T12:51:12Z</time>
    <children/>
  </puzzle>
  <puzzle alive="true">
    <issue>unknown</issue>
    <ticket>8</ticket>
    <estimate>15</estimate>
    <role>IMP</role>
    <id>8-fc507248</id>
    <lines>32-32</lines>
    <body>...</body>
    <file>...</file>
    <author>...</author>
    <email>...</email>
    <time>2017-09-26T12:51:12Z</time>
    <children/>
  </puzzle>
  <puzzle alive="true">
    <issue>unknown</issue>
    <ticket>8</ticket>
    <estimate>15</estimate>
    <role>IMP</role>
    <id>8-2ae8188f</id>
    <lines>32-32</lines>
    <body>...</body>
    <file>...</file>
    <author>...</author>
    <email>...</email>
    <time>2017-09-26T12:51:12Z</time>
    <children/>
  </puzzle>
  <puzzle alive="true">
    <issue>unknown</issue>
    <ticket>8</ticket>
    <estimate>15</estimate>
    <role>IMP</role>
    <id>8-982d5e57</id>
    <lines>32-32</lines>
    <body>...</body>
    <file>...</file>
    <author>...</author>
    <email>...</email>
    <time>2017-09-26T12:51:12Z</time>
    <children/>
  </puzzle>
  <puzzle alive="true">
    <issue>unknown</issue>
    <ticket>47</ticket>
    <estimate>15</estimate>
    <role>IMP</role>
    <id>47-0582c648</id>
    <lines>31-31</lines>
    <body>...</body>
    <file>...</file>
    <author>...</author>
    <email>...</email>
    <time>2017-09-29T10:06:08Z</time>
    <children/>
  </puzzle>
  <puzzle alive="true">
    <issue>unknown</issue>
    <ticket>47</ticket>
    <estimate>15</estimate>
    <role>IMP</role>
    <id>47-1d97e962</id>
    <lines>31-31</lines>
    <body>...</body>
    <file>...</file>
    <author>...</author>
    <email>...</email>
    <time>2017-09-29T10:06:08Z</time>
    <children/>
  </puzzle>
  <puzzle alive="true">
    <issue>unknown</issue>
    <ticket>47</ticket>
    <estimate>15</estimate>
    <role>IMP</role>
    <id>47-88d8b95b</id>
    <lines>31-31</lines>
    <body>...</body>
    <file>...</file>
    <author>...</author>
    <email>...</email>
    <time>2017-09-29T10:06:08Z</time>
    <children/>
  </puzzle>
  <puzzle alive="true">
    <issue>unknown</issue>
    <ticket>47</ticket>
    <estimate>15</estimate>
    <role>IMP</role>
    <id>47-17c2cb2f</id>
    <lines>31-31</lines>
    <body>...</body>
    <file>...</file>
    <author>...</author>
    <email>...</email>
    <time>2017-09-29T10:06:08Z</time>
    <children/>
  </puzzle>
  <puzzle alive="true">
    <issue>unknown</issue>
    <ticket>47</ticket>
    <estimate>15</estimate>
    <role>IMP</role>
    <id>47-222aaa73</id>
    <lines>31-31</lines>
    <body>...</body>
    <file>...</file>
    <author>...</author>
    <email>...</email>
    <time>2017-09-29T10:06:08Z</time>
    <children/>
  </puzzle>
  <puzzle alive="true">
    <issue>unknown</issue>
    <ticket>47</ticket>
    <estimate>15</estimate>
    <role>IMP</role>
    <id>47-de66b5c3</id>
    <lines>31-31</lines>
    <body>...</body>
    <file>...</file>
    <author>...</author>
    <email>...</email>
    <time>2017-09-29T10:06:08Z</time>
    <children/>
  </puzzle>
  <puzzle alive="true">
    <issue>unknown</issue>
    <ticket>47</ticket>
    <estimate>15</estimate>
    <role>IMP</role>
    <id>47-41b924c4</id>
    <lines>31-31</lines>
    <body>...</body>
    <file>...</file>
    <author>...</author>
    <email>...</email>
    <time>2017-09-29T10:06:08Z</time>
    <children/>
  </puzzle>
  <puzzle alive="true">
    <issue>unknown</issue>
    <ticket>47</ticket>
    <estimate>15</estimate>
    <role>IMP</role>
    <id>47-36353e90</id>
    <lines>31-31</lines>
    <body>...</body>
    <file>...</file>
    <author>...</author>
    <email>...</email>
    <time>2017-09-29T10:06:08Z</time>
    <children/>
  </puzzle>
  <puzzle alive="true">
    <issue>unknown</issue>
    <ticket>47</ticket>
    <estimate>15</estimate>
    <role>IMP</role>
    <id>47-fa9e5c68</id>
    <lines>31-31</lines>
    <body>...</body>
    <file>...</file>
    <author>...</author>
    <email>...</email>
    <time>2017-09-29T10:06:08Z</time>
    <children/>
  </puzzle>
  <puzzle alive="true">
    <issue>unknown</issue>
    <ticket>47</ticket>
    <estimate>15</estimate>
    <role>IMP</role>
    <id>47-2f070e55</id>
    <lines>31-31</lines>
    <body>...</body>
    <file>...</file>
    <author>...</author>
    <email>...</email>
    <time>2017-09-29T10:06:08Z</time>
    <children/>
  </puzzle>
  <puzzle alive="true">
    <issue href="https://github.com/project-avral/oo-atom/issues/74">74</issue>
    <ticket>47</ticket>
    <estimate>15</estimate>
    <role>IMP</role>
    <id>47-bc13e3a4</id>
    <lines>31-31</lines>
    <body>...</body>
    <file>...</file>
    <author>...</author>
    <email>...</email>
    <time>2017-09-29T10:06:08Z</time>
    <children/>
  </puzzle>
  <puzzle alive="false">
    <issue>unknown</issue>
    <ticket>53</ticket>
    <estimate>0</estimate>
    <role>IMP</role>
    <id>53-3b5408f0</id>
    <lines>26-26</lines>
    <body>...</body>
    <file>...</file>
    <author>...</author>
    <email>...</email>
    <time>2017-10-04T17:08:46Z</time>
    <children/>
  </puzzle>
  <puzzle alive="false">
    <issue>unknown</issue>
    <ticket>53</ticket>
    <estimate>0</estimate>
    <role>IMP</role>
    <id>53-b09c1108</id>
    <lines>1-1</lines>
    <body>...</body>
    <file>...</file>
    <author>...</author>
    <email>...</email>
    <time>2017-10-04T17:08:46Z</time>
    <children/>
  </puzzle>
  <puzzle alive="false">
    <issue href="https://github.com/project-avral/oo-atom/issues/75" closed="2017-10-31T13:45:28+00:00">75</issue>
    <ticket>52</ticket>
    <estimate>0</estimate>
    <role>IMP</role>
    <id>52-baeb9011</id>
    <lines>59-60</lines>
    <body>...</body>
    <file>...</file>
    <author>...</author>
    <email>...</email>
    <time>2017-10-04T20:27:05Z</time>
    <children/>
  </puzzle>
  <puzzle alive="true">
    <issue href="https://github.com/project-avral/oo-atom/issues/108">108</issue>
    <ticket>8</ticket>
    <estimate>15</estimate>
    <role>IMP</role>
    <id>8-e4ac1e01</id>
    <lines>33-33</lines>
    <body>...</body>
    <file>...</file>
    <author>...</author>
    <email>...</email>
    <time>2017-11-04T12:42:50Z</time>
    <children/>
  </puzzle>
  <puzzle alive="true">
    <issue href="https://github.com/project-avral/oo-atom/issues/109">109</issue>
    <ticket>8</ticket>
    <estimate>15</estimate>
    <role>IMP</role>
    <id>8-cec8a65b</id>
    <lines>33-33</lines>
    <body>...</body>
    <file>...</file>
    <author>...</author>
    <email>...</email>
    <time>2017-11-04T12:42:50Z</time>
    <children/>
  </puzzle>
  <puzzle alive="true">
    <issue href="https://github.com/project-avral/oo-atom/issues/110">110</issue>
    <ticket>78</ticket>
    <estimate>0</estimate>
    <role>IMP</role>
    <id>78-bd75ed9d</id>
    <lines>41-41</lines>
    <body>...</body>
    <file>...</file>
    <author>...</author>
    <email>...</email>
    <time>2017-11-27T20:55:31Z</time>
    <children/>
  </puzzle>
  <puzzle alive="true">
    <issue href="https://github.com/project-avral/oo-atom/issues/111">111</issue>
    <ticket>99</ticket>
    <estimate>0</estimate>
    <role>IMP</role>
    <id>99-a8b3c755</id>
    <lines>93-93</lines>
    <body>...</body>
    <file>...</file>
    <author>...</author>
    <email>...</email>
    <time>2017-11-29T23:33:46Z</time>
    <children/>
  </puzzle>
  <puzzle alive="true">
    <issue href="https://github.com/project-avral/oo-atom/issues/145">145</issue>
    <ticket>134</ticket>
    <estimate>0</estimate>
    <role>DEV</role>
    <id>134-c67c215b</id>
    <lines>285-285</lines>
    <body>...</body>
    <file>...</file>
    <author>...</author>
    <email>...</email>
    <time>2018-04-21T15:55:22Z</time>
    <children/>
  </puzzle>
  <puzzle alive="true">
    <issue href="https://github.com/project-avral/oo-atom/issues/148">148</issue>
    <ticket>8</ticket>
    <estimate>15</estimate>
    <role>DEV</role>
    <id>8-71502d8f</id>
    <lines>33-33</lines>
    <body>...</body>
    <file>...</file>
    <author>...</author>
    <email>...</email>
    <time>2018-05-08T21:11:28Z</time>
    <children/>
  </puzzle>
  <puzzle alive="true">
    <issue href="https://github.com/project-avral/oo-atom/issues/167">167</issue>
    <ticket>165</ticket>
    <estimate>0</estimate>
    <role>DEV</role>
    <id>165-5f03c07b</id>
    <lines>55-55</lines>
    <body>...</body>
    <file>...</file>
    <author>...</author>
    <email>...</email>
    <time>2018-05-30T23:56:08Z</time>
    <children/>
  </puzzle>
  <puzzle alive="true">
    <issue href="https://github.com/project-avral/oo-atom/issues/168">168</issue>
    <ticket>165</ticket>
    <estimate>0</estimate>
    <role>DEV</role>
    <id>165-ce0c0580</id>
    <lines>62-62</lines>
    <body>...</body>
    <file>...</file>
    <author>...</author>
    <email>...</email>
    <time>2018-05-30T23:56:08Z</time>
    <children/>
  </puzzle>
  <puzzle alive="true">
    <issue href="https://github.com/project-avral/oo-atom/issues/169">169</issue>
    <ticket>165</ticket>
    <estimate>0</estimate>
    <role>DEV</role>
    <id>165-46204c29</id>
    <lines>36-36</lines>
    <body>...</body>
    <file>...</file>
    <author>...</author>
    <email>...</email>
    <time>2018-05-30T23:56:08Z</time>
    <children/>
  </puzzle>
</puzzles>
